AccountID,Difference over Forecast Period,Highest Amount,Lowest Amount
16268,0.0,-1724298.970183087,-1724298.970183087
16274,0.0,-752202.7069168008,-752202.7069168008
16266,0.0,-184130.1322144246,-184130.1322144246
16267,0.0,-1053928.4446711098,-1053928.4446711098
16448,0.0,-80899.325021224,-80899.325021224
16275,0.0,-636397.5558845181,-636397.5558845181
16269,0.0,-309659.58520009305,-309659.58520009305
16278,0.0,-580343.1348246351,-580343.1348246351
16277,0.0,-404489.2111600205,-404489.2111600205
16276,0.0,-247030.45374895984,-247030.45374895984
16462,0.0,-214847.79388127176,-214847.79388127176
16443,0.0,-14508.905031018257,-14508.905031018257
16279,0.0,-466212.5593898961,-466212.5593898961
16453,0.0,-49039.47950311721,-49039.47950311721
16446,0.0,-3994.849556933044,-3994.849556933044
16455,0.0,-17049.593494684697,-17049.593494684697
16461,0.0,-74202.66710150822,-74202.66710150822
16440,0.0,-47805.77351061105,-47805.77351061105
16433,0.0,-4123.899256962537,-4123.899256962537
16452,0.0,-2449.677212771774,-2449.677212771774
16427,0.0,-4981.338538755178,-4981.338538755178
16454,0.0,-114226.59554735181,-114226.59554735181
16420,0.0,-1523.6975716352465,-1523.6975716352465
16418,0.0,-105429.88128399565,-105429.88128399565
16419,0.0,-80.57246038049448,-80.57246038049448
16450,0.0,-9580.837912568151,-9580.837912568151
16444,0.0,-22329.83137069866,-22329.83137069866
16426,0.0,-3188.2465335518123,-3188.2465335518123
16457,0.0,-8773.336372860671,-8773.336372860671
16436,0.0,-630.4572261953351,-630.4572261953351
16441,0.0,-1691.9574550047512,-1691.9574550047512
16439,0.0,-2056.3302912187573,-2056.3302912187573
16451,0.0,-15870.079225066305,-15870.079225066305
16273,0.0,-51867.637542976154,-51867.637542976154
16456,0.0,4436.715855626018,4436.715855626018
16458,0.0,-14380.597262342573,-14380.597262342573
16437,0.0,-6661.373377683759,-6661.373377683759
16435,0.0,-56239.723610896166,-56239.723610896166
16438,0.0,-4747.737068571225,-4747.737068571225
16434,0.0,-15682.552638113497,-15682.552638113497
16423,0.0,-7477.791623256206,-7477.791623256206
16460,0.0,-13331.88126431048,-13331.88126431048
16459,0.0,-9265.88202403754,-9265.88202403754
16280,0.0,-69440.66802832662,-69440.66802832662
16445,0.0,-7462.4618703889855,-7462.4618703889855
16432,0.0,-4865.168727122545,-4865.168727122545
16429,0.0,3539.609497339725,3539.609497339725
16431,0.0,-5986.54851387769,-5986.54851387769
16447,0.0,-11391.346649966235,-11391.346649966235
16402,0.0,-94.90958370685567,-94.90958370685567
16428,0.0,3808.4895873510977,3808.4895873510977
16409,0.0,-3211.9542662501335,-3211.9542662501335
16449,0.0,-77340.82359097361,-77340.82359097361
16424,0.0,-12084.134180481435,-12084.134180481435
16425,0.0,-17117.793446696403,-17117.793446696403
16401,0.0,-132.67473600149154,-132.67473600149154
16442,0.0,-448.4051769769198,-448.4051769769198
16403,0.0,-15169.9770122993,-15169.9770122993
16416,0.0,-1342.6445824664831,-1342.6445824664831
16422,0.0,-3182.7134899729494,-3182.7134899729494
16430,0.0,-10396.805493790513,-10396.805493790513
16412,0.0,5956.420782595872,5956.420782595872
16421,0.0,-996.9112264639137,-996.9112264639137
16405,0.0,-2499.5360546436905,-2499.5360546436905
16415,0.0,-5043.694692993164,-5043.694692993164
16410,0.0,-190.78320215702058,-190.78320215702058
16407,0.0,-931.9830319225787,-931.9830319225787
16408,0.0,-71009.36384648085,-71009.36384648085
16417,0.0,-957.5402555710077,-957.5402555710077
16411,0.0,245.1240424871443,245.1240424871443
16413,0.0,-191.06335148632525,-191.06335148632525
16406,0.0,-82.36492113828656,-82.36492113828656
16414,0.0,-1205.425774768442,-1205.425774768442
36b3453d-05e8-4047-b272-e7a52f7281a7,0.0,-2560.268684854508,-2560.268684854508
54c4b5d0-f61e-4444-8c1e-3f4784df6aad,0.0,-3785.0959214276086,-3785.0959214276086
477c7fa0-e795-40ee-aada-edf39595dea7,0.0,725.0369636511804,725.0369636511804
464d17b9-2da0-4700-a5ea-ec789e7fd10d,0.0,-8375.857005887032,-8375.857005887032
5b5ce87d-4f3e-4a80-b809-dee53d47e4fb,0.0,-11046.304626731277,-11046.304626731277
863e46c4-6cdc-44dc-a950-f6d42d70ee85,0.0,-19676.399475515933,-19676.399475515933
2dbfa32f-a836-45cc-b383-cae52938e407,0.0,-15492.152364173233,-15492.152364173233
46624f41-5372-40ba-81cc-a94340ee3e46,0.0,-2581.628719878792,-2581.628719878792
83b2c595-39eb-4b0e-ba30-1a5d14bf9a8f,0.0,-2869.3513926044106,-2869.3513926044106
7eab31ae-9e1e-476e-a170-0096a0c0789e,0.0,-10883.065355639459,-10883.065355639459
9f35c35a-5327-4bc5-9768-ed380a5ed411,0.0,-550.5474348270891,-550.5474348270891
6af3eaf3-c610-4a76-baf2-bd0fd1574e28,0.0,-3401.2567409348494,-3401.2567409348494
9d6ce43a-58df-40d0-bc2e-72449463249d,0.0,-12583.955822976082,-12583.955822976082
f9f7e5bd-3eeb-4be1-94e9-119efd157717,0.0,-830.1931617987157,-830.1931617987157
dae6ef9b-1147-423a-a11c-9a3049c5f6db,0.0,275.8789366841321,275.8789366841321
08c81f95-46ee-4c88-a62c-b8d589337d58,0.0,-7104.825854828358,-7104.825854828358
32c46750-24ce-4997-b281-69485272210b,0.0,-14825.88787721157,-14825.88787721157
29f5c5a3-dbad-449f-b015-8a6f9b275091,0.0,-10727.113077164291,-10727.113077164291
befb2241-c6df-498e-83c9-2fb913bb807c,0.0,-491.83177322387667,-491.83177322387667
ebd907e9-93a0-47f7-9c4d-ab7c7d8f6ad1,0.0,-9902.109669314621,-9902.109669314621
929b0c27-4a85-4b3e-af1e-989d398834e3,0.0,-31055.856633457544,-31055.856633457544
41a68452-aae6-4014-a689-1ac1a0cea417,0.0,-4796.215909166334,-4796.215909166334
19f0b674-b9ae-431f-a87a-538fa51f8c8e,0.0,-2160.170829856394,-2160.170829856394
7459cd82-c1f0-4580-858d-6f507f51da5a,0.0,-7658.004378404916,-7658.004378404916
389d5112-f19a-421b-aaad-3315c06ea2f9,0.0,-17232.313121017367,-17232.313121017367
743b329e-361b-4dbb-82a5-2a8573f6ce45,0.0,-35082.41215319633,-35082.41215319633
22d44841-18bd-4482-a333-6ed410071c64,0.0,-6302.415891217589,-6302.415891217589
c29abef9-d8be-4b37-bb84-f1344496cc33,0.0,-8344.108249578627,-8344.108249578627
5a5161ce-4e81-429d-8c60-468e1ced8df3,0.0,-660.9664915192127,-660.9664915192127
ad29c819-cfa7-4907-b3ce-772cb186fc38,0.0,-1326714.020652864,-1326714.020652864
11c745a8-a774-4655-a6ee-b0f3d9a3c850,0.0,-2229.922232281566,-2229.922232281566
646d78c4-d428-4162-86c0-cc7c6de8f08c,0.0,-4845.392112974823,-4845.392112974823
16c1c689-a0f3-4629-8338-e615c30914bf,0.0,-2220.6684087866547,-2220.6684087866547
0e20234f-d6bb-4e81-bec0-f28f79195667,0.0,-1010740.3882157208,-1010740.3882157208
6f84d3b0-3bd9-4528-912f-641dd92e6474,0.0,-303371.6535854125,-303371.6535854125
84a7c0a0-c8d7-4dc3-b276-fd2f067f8314,0.0,-2859.2690361714376,-2859.2690361714376
82e19ff9-172d-476c-8a8d-b873733bd3c9,0.0,-2244.063713855743,-2244.063713855743
c4f2c85f-d6b4-400c-a4dd-468358bcb208,0.0,-6698.2322804737105,-6698.2322804737105
ebfeef26-f458-47a9-bad0-331d53dc1bf5,0.0,-11586.897738560738,-11586.897738560738
c5d46478-c043-4ee1-b9ae-c2ed7a7db7f4,0.0,-7598.715381407737,-7598.715381407737
6b014a04-ec5a-4e01-bc5a-5a7e4a36e835,0.0,3874.141809535029,3874.141809535029
50ef28cd-bf82-46f1-8ed3-18a84da35890,0.0,-2527.801571460366,-2527.801571460366
703b6494-3f65-40e0-a144-95f9120517e0,0.0,-12665.141743952336,-12665.141743952336
97f679d9-3435-4975-ae14-562363ef42b5,0.0,426.3696909809122,426.3696909809122
beeb8910-f471-40bf-b94e-ad80ea380dba,0.0,-3713.4840610265715,-3713.4840610265715
809515a3-5912-44e9-a55f-bf81f8f9991d,0.0,-1062.6471750935912,-1062.6471750935912
76a56669-5360-4ce0-b8d9-68a372077bdb,0.0,-300868.1419493753,-300868.1419493753
ea802ec1-df27-4862-b874-445a454bd7ae,0.0,-44942.930097094766,-44942.930097094766
51e788f5-6015-429d-8897-f1faef147bd1,0.0,-5047.821141883136,-5047.821141883136
1b7b5b96-7f49-4397-ab1a-95aeaad12780,0.0,-18247.636817638875,-18247.636817638875
f7e9d248-f96e-4d4c-88da-e8d9359392de,0.0,-5337.807292004227,-5337.807292004227
16c0e231-2dd6-42f6-908a-a668c98c9c21,0.0,-23010.444482573268,-23010.444482573268
8cf60b19-d17b-4996-a901-11e1f1ac18ff,0.0,-3630.8127154040335,-3630.8127154040335
b10f16c6-637a-4054-83e2-6f488dd448de,0.0,-23993.105664928557,-23993.105664928557
6ca62807-a73a-4b40-a47e-3ef9674f89b0,0.0,-16723.054656674714,-16723.054656674714
39707c72-9fc1-46f7-9f9e-a27ae57bab63,0.0,6489.924841518401,6489.924841518401
ad61feaf-da3e-4d51-867d-bce9bac107ae,0.0,590.8063216686248,590.8063216686248
563a3432-4d61-493e-89e5-fb7f1d2e5e9b,0.0,-21815.1436267212,-21815.1436267212
cb484940-596f-4183-8eee-25b1999c3aba,0.0,-29265.650328160526,-29265.650328160526
0003a5ae-0c77-4372-b44d-882ef9874a28,0.0,-17435.941940776334,-17435.941940776334
177534b8-6182-4c33-a2a7-90c1e83e4102,0.0,-12427.982689689992,-12427.982689689992
e7723aa5-1224-45d6-aa68-4de3a81c0604,0.0,-1496.143606302144,-1496.143606302144
9ebf84b2-1516-4144-8afe-4240953a6938,0.0,-8899.067135087847,-8899.067135087847
e4beced8-0e9e-4254-92b5-4b503b800581,0.0,-9404.303630886077,-9404.303630886077
b4967187-24c0-421c-a064-23fded4d9df5,0.0,-14991.185311599449,-14991.185311599449
d8dd63ae-7bfe-40f1-aa5a-356a27f78af9,0.0,-189.03621767997714,-189.03621767997714
8fd23f0b-ef3c-483a-ad2b-5aace0ce3ac9,0.0,-16406.980283397213,-16406.980283397213
c574bf11-f6e1-46d6-8a82-f966998c89e7,0.0,-6358.441337184906,-6358.441337184906
f086eef4-8cbd-4cf4-9419-ced531095b91,0.0,-7898.322061380147,-7898.322061380147
6826baec-aba4-47af-a5cc-0a04d9104a1d,0.0,-42141.1032489586,-42141.1032489586
3f69d1bf-2f5b-4a23-ae0a-37584c0efcb5,0.0,-15943.775603034199,-15943.775603034199
8833b1ed-a200-41ae-b3a0-6b27c0c4160d,0.0,-13289.043932139874,-13289.043932139874
e520d0a6-a1d7-468a-9d5b-3e554dafe615,0.0,-21069.211900604365,-21069.211900604365
b6d01fbd-660d-4549-8e5a-5f31efdb89cb,0.0,-735326.5049466342,-735326.5049466342
90b2db25-7ef7-4b5f-b256-d61ae1382983,0.0,-3436.5489889863134,-3436.5489889863134
799b83e5-247c-421c-84f7-74a11cf35fc7,0.0,-454089.30691298604,-454089.30691298604
4900f284-3f95-4464-b2e0-0b9a156aa054,0.0,-5188.818235643506,-5188.818235643506
4190cd47-6c10-434a-99b3-51ed9499ff1c,0.0,-12380.754905393125,-12380.754905393125
721240cf-0513-4f8c-a299-10e0c6d96238,0.0,-109491.80393962801,-109491.80393962801
c3901baf-7d14-45d3-addf-0d06799fcfe3,0.0,-4623.720264525115,-4623.720264525115
6029f5e7-e776-418b-aebf-92ab88866879,0.0,-9517.078001007436,-9517.078001007436
7de1199d-a868-467d-a996-71e869c4ce53,0.0,-1174.3301039028167,-1174.3301039028167
befdf3e4-5b2c-49d3-8f53-550e2f234d9c,0.0,-33364.21161763549,-33364.21161763549
e9272f7c-52de-43b7-89cc-7a88e27ad0e5,0.0,-12850.858071890472,-12850.858071890472
154aa72f-d25a-4d11-acfc-bd2d79b780e8,0.0,-28041.624252300862,-28041.624252300862
5fe2211e-7f88-41a6-a44a-0c8561d3ebf3,0.0,-5184.726411243528,-5184.726411243528
ea8b4d51-4794-4cd6-87b6-a0994be7a791,0.0,-7250.864999658466,-7250.864999658466
ad30b0b3-c80d-4529-b96c-46bca626a090,0.0,-8358.103906392753,-8358.103906392753
1a1f9736-2637-42cd-8510-810e34a304df,0.0,1061.4910926625134,1061.4910926625134
d75b538b-eca9-4ad8-bae5-cb4000d3f840,0.0,-15125.244661448303,-15125.244661448303
c4513e20-86c9-4ca7-b324-356bdc02572d,0.0,-4867.735709079504,-4867.735709079504
8b119277-70f2-45ec-99da-be939bf6529d,0.0,-326.5608987998962,-326.5608987998962
5f7f5bd9-d396-47e0-a12e-cbf46ad9185d,0.0,-4256.516773971617,-4256.516773971617
0ef82a07-1223-499d-be93-31f40c19f375,0.0,-3242.6056418836133,-3242.6056418836133
38e35232-6848-41ed-9a10-8715528d534a,0.0,-1544.6212402898072,-1544.6212402898072
419c9806-6c07-4752-917a-ba6c12a4a0c7,0.0,-7943.766344421803,-7943.766344421803
1c74e692-be81-499e-b7e0-3b2398ac2697,0.0,-2096.466250669956,-2096.466250669956
ed4a9714-0a9c-41ee-98ff-a80d7b0dc4a9,0.0,-3241.312196345328,-3241.312196345328
5ca61733-cb93-4111-b6ad-362ded0f7e3e,0.0,-750.6234314841032,-750.6234314841032
bc4239be-164e-49f6-b207-564e9483f825,0.0,-7425.461923730373,-7425.461923730373
f5b42988-2e6c-4ace-bef6-7ee8891ebd09,0.0,-4113.797879869342,-4113.797879869342
39b98dcd-a894-4b36-9479-caa6ef1cb15a,0.0,-14634.39207701564,-14634.39207701564
1ac8dcf9-fbc0-4aac-b426-250e535b9dc0,0.0,-7217.595899953842,-7217.595899953842
eb07b8ca-bee1-4707-b322-efcc73630dcd,0.0,-176730.60856993494,-176730.60856993494
79a2068d-7665-410a-9cb7-f3b78ab7e1d4,0.0,-184286.79023834347,-184286.79023834347
16464151-62fa-43ed-a59c-652ca4944232,0.0,-5997.2572186905145,-5997.2572186905145
009f96bd-aca1-4f13-8507-425aa2ebae12,0.0,535.1890121373535,535.1890121373535
ba72a5e9-81c8-4933-9888-5619324bebe7,0.0,-90833.32432909607,-90833.32432909607
82a5f1a3-7ae3-40dd-a00b-22edde9a8313,0.0,1458.17272674799,1458.17272674799
513f49da-1dfc-4f81-8535-dc9751aed0ff,0.0,-9999.872375755309,-9999.872375755309
8da19592-9715-4cb6-b3a3-f27e33c8647d,0.0,-16929.030018327532,-16929.030018327532
1524d54a-df32-4955-b3cc-847099c5202c,0.0,-19321.427476103905,-19321.427476103905
82a91940-8baf-41c4-841c-035d30e5fa95,0.0,-10234.505308557153,-10234.505308557153
49f91fce-526b-46fa-9ac0-8c80b6eae3c7,0.0,-18658.167395759225,-18658.167395759225
b0d07f93-d499-44f6-80fe-1c3fcf6a65ac,0.0,-16561.06867564395,-16561.06867564395
452f115b-400a-4f40-9a10-8d46294269bb,0.0,-477681.42038878176,-477681.42038878176
cf57875c-430d-444a-be07-abde3c8eafab,0.0,-9280.689058185964,-9280.689058185964
a62cc2b7-6745-4017-8e6f-e145068571c3,0.0,-5499.727480046899,-5499.727480046899
fc4b16fd-ff68-494e-95e2-578219437a28,0.0,-5115.912197072507,-5115.912197072507
4b6d8ae8-a990-4b23-ace4-172d17eb6a28,0.0,-6360.51147464752,-6360.51147464752
e168ba70-674f-42e7-b0ae-c3e63cfbd7f3,0.0,-8088.704314062596,-8088.704314062596
8c915c1f-86cf-4712-ad8d-c1c6fd6db49d,0.0,-7466.395302566885,-7466.395302566885
ff5e8fef-8ea4-4f7a-a893-5a80e4117fc8,0.0,-1037.60001763165,-1037.60001763165
0475fbc0-729a-4529-9222-59b4b27408fe,0.0,-7143.980399272442,-7143.980399272442
3869acaa-0ce2-4411-b467-9f01f0cb1c48,0.0,370.1695985758301,370.1695985758301
5f1e89f2-6761-4af2-9f2d-01f13294fcb0,0.0,-29474.705897968262,-29474.705897968262
8b889168-cf1f-4633-8a02-2123ad7ac4d1,0.0,233.93841069102294,233.93841069102294
891bded9-75c7-469a-9f4f-c9a34839eca9,0.0,-25144.59799658462,-25144.59799658462
14e3be1d-9262-41eb-a14e-dd825bbb44e8,0.0,-79059.60212187795,-79059.60212187795
690181b1-cfae-4d68-bd5e-26c525dd7440,0.0,-11489.063145431728,-11489.063145431728
ee46e566-e3e5-4088-898e-b84aae6c1591,0.0,-6765.136593141555,-6765.136593141555
f5b8a677-f3ca-4d65-a1c1-10e0b2050217,0.0,-4194.616561655997,-4194.616561655997
17f16911-4247-4728-a435-f4bf2f48e27b,0.0,-6088.927814444303,-6088.927814444303
63b8dafb-cf5d-4ad8-997f-7e9ce1ca67ac,0.0,-20164.769433475878,-20164.769433475878
86c33b22-1e16-409e-a7ac-389dc2b6a37d,0.0,-28914.639228683707,-28914.639228683707
cc6a5e18-9106-4825-882b-8de0f55198ec,0.0,-7213.229818282128,-7213.229818282128
73d19f30-bef7-44f1-a9b5-23d7713c9780,0.0,-13250.47989835858,-13250.47989835858
892bf3cc-bde9-427e-8df9-379506962075,0.0,-1477.4530527690056,-1477.4530527690056
d1503667-7dc3-43c6-a861-3ad0897876b7,0.0,-10788.327309652568,-10788.327309652568
96f618bb-c835-4055-8734-4827ad0f2481,0.0,-6196.611484971494,-6196.611484971494
cebca2e7-9747-4d66-bb01-44c6e9118cbe,0.0,-4668.602963721454,-4668.602963721454
1accb4ee-69df-46be-8862-663f020270d9,0.0,-619.7042596447463,-619.7042596447463
3fd1f615-fdac-4b63-b75a-335f4f6c4b68,0.0,-1563.2910783672341,-1563.2910783672341
39d675da-f21d-424f-8340-6611eb3ab437,0.0,-2003.0017744833226,-2003.0017744833226
7e8334c1-0da0-4993-a413-ea18202daae9,0.0,-14107.765481439978,-14107.765481439978
03876788-f6c3-4b94-ada0-f4a4b0e6c444,0.0,-870882.4006853134,-870882.4006853134
c3beeaa8-87ce-455d-9482-e01679b9d1eb,0.0,-17778.96276710272,-17778.96276710272
26da7bb4-3955-45ef-9468-180faf23fb14,0.0,-3247.3439188003554,-3247.3439188003554
4c46711f-30aa-4555-ba57-af80a2054e4d,0.0,-2378.429308724403,-2378.429308724403
14d67de8-228e-49eb-985a-20d2e9ce9cbc,0.0,-258009.36174898356,-258009.36174898356
2488e847-8eae-48dc-bc63-4edcc196d47e,0.0,-937.1684168726206,-937.1684168726206
a82e315c-10ee-4603-b51c-242888036423,0.0,-5385.156970638633,-5385.156970638633
201e1a94-46e6-41f9-bc65-e6c8f615a182,0.0,-58232.18045488059,-58232.18045488059
7f510f19-1764-4e5d-98e1-f04dc7323eea,0.0,-2511.738108896613,-2511.738108896613
1cd879ba-c9d4-4964-9ace-d35cc8360923,0.0,-179096.0001166749,-179096.0001166749
637e3fcd-3d1d-485c-b67d-bdcfd027bc73,0.0,-3783.549805458039,-3783.549805458039
616860cb-ac9d-434d-8574-925db1ac1ea1,0.0,-4117.105583195686,-4117.105583195686
5e1b8362-3878-4fdb-a9d3-e273ad35e7f0,0.0,-354004.3437096494,-354004.3437096494
291e9077-7c91-430a-936d-2faf0876f8fe,0.0,-736951.9957154761,-736951.9957154761
8aac1065-e8a4-4359-b7ae-1c65363f6ff6,0.0,412.59035501957004,412.59035501957004
a8e43186-7f4e-486c-9645-9bac1e2dba21,0.0,-2315.341558674574,-2315.341558674574
f0cf3e64-2e2d-4954-8971-f88662bb8c6e,0.0,-17874.37356437385,-17874.37356437385
a70c307e-b8cc-427e-b6bb-81de119f9ddb,0.0,-4182.904108901023,-4182.904108901023
ebef5390-ad10-4025-955f-9299ba2a3377,0.0,-4279.20010732174,-4279.20010732174
8c419033-e828-4c0e-9a54-d9084ddb87fb,0.0,-1125863.71045549,-1125863.71045549
5650543f-cde5-471a-ab49-28c256a8f56d,0.0,-8414.102888851166,-8414.102888851166
d0e8786d-0722-4201-b92b-98971320da47,0.0,-228.1492748451242,-228.1492748451242
fff7f00c-c869-4310-b705-4503538f5ecf,0.0,-19820.06263884157,-19820.06263884157
953a9ed8-3f70-4cae-b841-86662a089c3f,0.0,-1028138.9378551352,-1028138.9378551352
a54aa6f3-78db-4139-aff8-785b41d7ea13,0.0,-12137.977468441128,-12137.977468441128
de1028b2-9d02-4920-b32f-f94e497f9315,0.0,-1570.3211894771455,-1570.3211894771455
84e9504c-0b3e-43ae-87f1-cd6eb9f4efce,0.0,-16204.987638651133,-16204.987638651133
56c95cb9-f2f0-43a7-b667-9fef915b3213,0.0,-28461.706572580337,-28461.706572580337
368453c5-a1c4-4d21-b2af-323209f7f90e,0.0,300.07114655315877,300.07114655315877
e2eb8368-3fa8-4667-838a-d83c649e72c1,0.0,-1462171.9209208093,-1462171.9209208093
e4f3f6c4-79c5-4cba-87af-adb0cd36f53f,0.0,-124.81777368187916,-124.81777368187916
ea356d52-ad48-4efc-b75e-765b02b046f8,0.0,-2107.721209625006,-2107.721209625006
347f78c2-a5d2-48e1-b301-60e6b4a0f5a2,0.0,-381466.9870733377,-381466.9870733377
9a9c68ac-ee8e-4dca-8d06-7971b54f5212,0.0,-801.4966178506601,-801.4966178506601
4e21e99b-cd3f-4d39-8e53-80c8e0246385,0.0,-1028.493611111641,-1028.493611111641
b5c14783-bcaa-44bd-82b7-b240c7f65f9e,0.0,-601230.0149132,-601230.0149132
cc4d3eba-9b58-4b3c-a00a-0fa0c0374808,0.0,-1588.8478169882292,-1588.8478169882292
e4c14997-7738-4507-918d-977f64935ad4,0.0,-25931.146690816877,-25931.146690816877
6cbfd1a9-41a4-4298-a4f9-0ec22c8c7f69,0.0,-2977.3385959446423,-2977.3385959446423
1558b380-9de3-4582-b93f-68908a474f44,0.0,-19411.50854810074,-19411.50854810074
30fe040d-3af0-42ae-94af-45e623e39a2d,0.0,-741393.353598833,-741393.353598833
9a4a60fa-075b-451a-81f4-7fd886f91965,0.0,-6553.323485441208,-6553.323485441208
9017ca88-e286-46ab-9b79-1c7102f3c43f,0.0,-1388.5460157176851,-1388.5460157176851
bbffef0a-9431-4b7a-9824-a1271dbc5b7f,0.0,-544964.9769662154,-544964.9769662154
532aae42-83bf-43fb-addb-a07c4af4e56c,0.0,-9008.725060501098,-9008.725060501098
b1a8e3ff-b811-4629-b37f-c303b4094e2c,0.0,-2722.681503917575,-2722.681503917575
dbe359df-af81-4583-a8cf-4c3dc6e8bae1,0.0,-1115.5789957797517,-1115.5789957797517
204854f5-c4e5-4eee-92ed-f2ff134a8e83,0.0,-15908.253949792983,-15908.253949792983
103213f5-d199-4d5f-a002-35058be2f1b3,0.0,-14679.766590394975,-14679.766590394975
ef6acb75-7071-4b56-846d-408bcbb92743,0.0,-4341.996393968314,-4341.996393968314
335ceb87-d791-4b85-87b8-9ad609c6d30b,0.0,-2612.503518178463,-2612.503518178463
e991898e-301f-4ccd-8794-851e1cc158df,0.0,-1756499.1117943977,-1756499.1117943977
3b7c60c3-3811-47fa-b4bc-23e42a622bea,0.0,-2604.455412186383,-2604.455412186383
70907c46-c3be-4ceb-a5e9-4deb8b5eb755,0.0,-520.7680655547977,-520.7680655547977
4dd49b46-7f64-4742-81d4-4992ed35d999,0.0,38.385121402144335,38.385121402144335
63de17b3-8e28-48ff-8489-2fb0059decfc,0.0,470.6228645002841,470.6228645002841
2a912134-30d4-4caf-b8de-a6a1fce01641,0.0,-129971.35918798165,-129971.35918798165
8e3ba761-0b13-4fb9-8832-51fb8050a760,0.0,-1860.4695745059846,-1860.4695745059846
0dcd6c37-ea7e-4dfa-80f3-ffc922bc75e9,0.0,156.21856078535322,156.21856078535322
7dd7bb46-bb98-483f-9aa0-85b408df0895,0.0,-2070.203682326972,-2070.203682326972
47a50cfa-f8ac-4421-9cd3-cd2e77806755,0.0026411715134599945,-11836.753706857266,-11836.756348028779
6c23b7c6-7e43-4350-b335-27026cfdba22,0.0,-6170.86823144868,-6170.86823144868
d6d1134a-094d-4a01-90aa-87af7c5e0195,0.0,-17243.705949354764,-17243.705949354764
eb914441-4054-464e-bd33-e27a94a95c4f,0.0,-23260.1278128469,-23260.1278128469
bbae91a4-be42-4e30-b9e8-f0b5fa4e9f21,0.0,-1443.3319467508793,-1443.3319467508793
eaccaa73-b149-48ae-a224-2f231f46432c,0.0,-287552.0792774879,-287552.0792774879
362f3d30-f33c-48ae-a94a-b70a6997080a,0.0,-730.2160460925096,-730.2160460925096
6006eee3-05ff-42ac-81e4-177ae45399d8,0.0,-1350788.170345773,-1350788.170345773
f0ff162d-52e0-4dd9-b973-89bddf73c201,0.0,136.41788727641097,136.41788727641097
94a74160-282f-4f88-b1b8-92bdf1250edc,0.0,-17673.118735272736,-17673.118735272736
e10a56ec-bc75-4080-97e1-fb2ccde82216,0.0,-720312.2690749371,-720312.2690749371
71108cf5-fd51-4c8b-9df9-e8916b8b3243,0.0,-16552.442542620898,-16552.442542620898
c0d5e0e1-0c04-4d7e-a9ef-570415449c0c,0.0,-1322.0345519781113,-1322.0345519781113
47255e34-7fcb-457c-aee6-fe0b48bae3c7,0.0,-11133.402379649579,-11133.402379649579
4dab951a-6707-4d62-a41d-fdd4ac718a8b,0.0,96.65525349259393,96.65525349259393
dd5a2ca5-9432-407d-9355-9109361b0212,0.0,-511.0531402683258,-511.0531402683258
2e583fc1-f00a-4e71-a41d-2cae1c9f1f29,0.0,-4686.09279381752,-4686.09279381752
52fa60f0-cc48-4d49-9f33-e267013e4f86,0.0,-2648.5042956296356,-2648.5042956296356
d57c9a79-4942-40e2-997f-c9b6837fb7c7,0.0,-1139.6139027932288,-1139.6139027932288
53711c78-7293-4304-b82c-3fa1587d093f,0.0,-1127.5323421859737,-1127.5323421859737
b1517c9a-9b0c-46b7-b506-49c1da05c8f7,0.0,-3302.689685373902,-3302.689685373902
703f718c-79ac-42e9-a793-37e1795e7ef8,0.0,-24656.55575847447,-24656.55575847447
d3cfd119-8562-4318-9eee-98b9cc1c775c,0.0,-1414.9888126164676,-1414.9888126164676
4dd1fd90-3a09-4d99-82be-e8cc75e99533,0.0,-177418.9386112004,-177418.9386112004
8d2f726b-adf9-4c8b-a6b8-cdf8a33ffa30,0.0,-5369.888282199949,-5369.888282199949
0ac4871e-0198-447c-a7f8-1066125fc174,0.0,-2557070.68783697,-2557070.68783697
1b5deee5-7585-4711-9412-4c38594d15e2,0.0,-1036.1301466739187,-1036.1301466739187
f1f11e26-f50b-4e90-9cdb-324e96cd199e,0.0,280.11799882292735,280.11799882292735
eae20329-2c7f-4aed-8d1e-4e834599b89b,0.0,-3318.369317866266,-3318.369317866266
b0e235ba-2552-4f7b-8a47-f6e3de0b7d11,0.0,-22804.030359716413,-22804.030359716413
fe42cf82-93a1-48e1-a284-1ca081cda132,0.0,-1921.7750416266915,-1921.7750416266915
bd16c197-ed33-4a63-8de2-f64a4c880378,0.0,-4966.49723107159,-4966.49723107159
196d06cf-e811-4aab-9649-ab6642551b9b,0.0,-62134.11021264434,-62134.11021264434
c5f574a9-2c5c-4f64-b4f5-ef7b3e21a33d,0.0,-1139.9456346935037,-1139.9456346935037
265754d8-dff8-4d8c-a663-a913ecb071a9,0.0,-259417.8099409288,-259417.8099409288
ef6c06ee-8674-4267-8c69-f0671308c180,0.0,-3042.425855447053,-3042.425855447053
7fc8a141-21dd-4c9b-acce-a2478c8d8f1a,0.0,-23390.760423297583,-23390.760423297583
f443efe5-5cf5-4f18-a119-854f7b06cf76,0.0,-882.9458367717274,-882.9458367717274
a2bb1ed0-d79b-4bc2-8f36-4eee09eee336,0.0,-52767.39130545244,-52767.39130545244
7ec7b219-3dbe-4143-89f1-6b28dc422a8c,0.0,-8892.495283807664,-8892.495283807664
4ce39bf7-a353-4d67-91fe-11c2ba66d7ef,0.0,-2581.1658469831946,-2581.1658469831946
46e6d4ce-20ef-4cb8-bc06-18257af0e91e,0.0,-15826.772054229083,-15826.772054229083
8cbf5242-29c7-4784-be98-1ad2c57f531d,0.0,-416124.10449955147,-416124.10449955147
cedb1b8e-f761-4077-bb52-983d928bf786,0.0,-64108.63771024824,-64108.63771024824
7949410b-6eb1-4d19-a499-d90504bba829,0.0,-6540.233385362774,-6540.233385362774
4561b856-b108-4984-a8ca-9513fdd0ffba,0.0,-6518.791581266522,-6518.791581266522
b17e0efb-7e15-4baa-8a85-3d2410d1db0a,0.0,-148954.1215101981,-148954.1215101981
14b5c47e-53cc-4d57-ad18-0c9abf4afe36,0.0,-100426.65074648499,-100426.65074648499
5f4ff4ef-63b7-41ea-8871-2d4516bf5125,0.0,-1278.041415144205,-1278.041415144205
5ffc25d1-97f4-4eb2-b31e-8e1a5cb39aa8,0.0,-17436.43964881301,-17436.43964881301
99ff6036-a7a6-4023-9191-3da6b296867d,0.0,-1318156.5571670944,-1318156.5571670944
15841abc-92b3-4723-b54d-ce1e5bfc1744,0.0,-471.1360884582995,-471.1360884582995
fe4c04ad-3268-4293-8446-e2b5ab9daabb,0.0,-3970.5808701860897,-3970.5808701860897
f17a9644-59c6-4ac3-a619-d4297647cd0f,0.0,-75.59968623310327,-75.59968623310327
680f8c1b-17ac-4e3e-ab7b-a64e8e915b7f,0.0,-8240.977537210436,-8240.977537210436
bd079313-5218-4c95-95b9-2324ba9c8e1d,0.0,-4538.681498957277,-4538.681498957277
e573677a-1c64-4d5d-a3f1-35cee3c866ec,0.0,-6249.609747581481,-6249.609747581481
3fbc9c73-8f31-4391-83fd-bb0161aaff53,0.0,-1858.8197371745102,-1858.8197371745102
c35149f9-ce0f-43cd-b809-42365cb2d1fd,0.0,-12387.388582494856,-12387.388582494856
e7ca7e7a-930a-4987-8950-76f974616aa4,0.0,-5382.799169936776,-5382.799169936776
77303cad-e32f-4568-9482-552625c1bf54,0.0,-258139.15512608885,-258139.15512608885
04d192f6-2a5d-49db-9221-c8c95b09655f,0.0,-751.0455185757578,-751.0455185757578
654fec9a-7006-4808-8074-4cf2d259f962,0.0,-12606.604107205272,-12606.604107205272
a7d4a40f-906b-41a6-b03e-22b6431e316c,0.0,-6104.075472960769,-6104.075472960769
b7cebbed-7016-4c5b-a033-a15873b28639,0.0,-2888.445637104513,-2888.445637104513
ee3fd212-9d24-460c-b5ce-062f3ee46bcf,0.0,-1874.9740043583524,-1874.9740043583524
1bd930ef-8d95-490b-8244-593fffa76943,0.0,-155191.20903674603,-155191.20903674603
a01188e5-dc6e-4953-9fd3-30086e8a61d3,0.0,-556.2940911316872,-556.2940911316872
f0fe6305-8c20-4d72-8c4c-3522d28bd252,0.0,-5036.809116797447,-5036.809116797447
f2b1f7f6-88aa-4d6f-8a79-38abf55f6915,0.0,-5983.130914167165,-5983.130914167165
3dba4442-9b7a-4435-8e7e-65452c530d3b,0.0,-3704.9270656457543,-3704.9270656457543
9f699136-7d2c-4ded-b943-61dc5a24a19f,0.0,-20568.03928991407,-20568.03928991407
a10bd82a-3ce8-418f-a735-66dba388fb41,0.0,-20825.646675641536,-20825.646675641536
6d990843-e957-4d5d-8c33-85a8026a07d0,0.0,-25516.108044401408,-25516.108044401408
059918e4-9021-4dc0-b1a8-d29bbae321f7,0.0,-4162.73107195258,-4162.73107195258
0805fe2c-7591-4a24-be3e-04874566afc1,0.0,120.72137779235871,120.72137779235871
19bdb0e0-fb03-4ee4-a68c-f96085eb54e1,0.0,-319.4239788019658,-319.4239788019658
9c2d46b2-a6b5-4fe8-9226-30ad8d04cb6f,0.0,-246441.71675916432,-246441.71675916432
d977bbdc-3c87-4f8c-924e-f0e80237e474,0.0,-4605.959551768304,-4605.959551768304
02771edc-062f-44e3-8e25-7a13a526f768,0.0,1604.1669305014605,1604.1669305014605
1af87696-68cc-417c-a050-718cedc31cf1,0.0,-4604.317861808538,-4604.317861808538
80b894e5-5330-4dd4-9e3a-276c4883ab62,0.0,-6363.532694220842,-6363.532694220842
b0d5a082-5bdf-4181-936e-27695cd0389e,0.0,-3220.6851116466532,-3220.6851116466532
2fb278a9-c2eb-4a9a-9e0c-ade7feb23ef1,0.0,-4069.8536570727824,-4069.8536570727824
13db8e91-25f6-48db-9df6-974a3b920945,0.0,-145114.44286898614,-145114.44286898614
16e844ca-5bfe-4af2-824b-3cb45f1d91a6,0.0,-178356.4497887158,-178356.4497887158
42f9221c-4768-4a06-86b5-fca66c9df450,0.0,-45129.33819909781,-45129.33819909781
097d1afb-7f99-40ee-ba33-8fccda0a4d47,0.0,-3119.1215894943475,-3119.1215894943475
09ddadf2-3973-4c64-b35c-6541c5976a59,0.0,-8254.94182653904,-8254.94182653904
64abef13-12e6-4e74-bf5a-b0cb3a223ad9,0.0,-2320.885639922619,-2320.885639922619
4ee24ad0-965d-4bb6-9df6-4861c5464718,0.0,-595292.8563322425,-595292.8563322425
ee64480e-4c31-4c7c-9858-91cd2ae43e06,0.0,-877128.3142629052,-877128.3142629052
cc11f54e-499f-44bb-b4b5-57025749a693,0.0,-2569.806203860641,-2569.806203860641
b69d52ff-fea8-4093-88b9-e1cad4f8ee4a,0.0,-313093.51942993165,-313093.51942993165
717de7e9-007b-4dda-b194-bd8d7ea9f480,0.0,-15765.605931024555,-15765.605931024555
d9bc0fc9-8b67-47df-bf5c-041adbfa73c7,0.0,-60520.39159190864,-60520.39159190864
75e8c103-ff60-404e-b2ec-20fd39e62f1d,0.0,-2860.134410473111,-2860.134410473111
3542ae16-55ca-4b13-a2ad-4eb215f23f5f,0.0,-2613.256619582771,-2613.256619582771
cc44dac1-372f-42d1-87e8-cbe75d9c7758,0.0,-19673.579952227472,-19673.579952227472
820bc83e-0c9b-4f3a-ae15-7423927453fd,0.0,-13058.970686264036,-13058.970686264036
2b03d199-ac18-4190-9f2b-22fff8205237,0.0,-4712.081238317491,-4712.081238317491
303dfc2f-4791-495d-9d83-be5a95943083,0.0,-1012.6575143003465,-1012.6575143003465
a57080e8-bd8b-4a4e-91fc-5e3d1a38530b,0.0,-1598.351531140208,-1598.351531140208
81d899e7-8481-4131-80d8-93916053860a,0.0,-3090.632867588997,-3090.632867588997
c4886893-3a39-417d-acc8-80810fca1e7e,0.0,-3181.918843860625,-3181.918843860625
ca5010ce-1b7c-4219-8e1d-ab0336834576,0.0,-7836.702785205841,-7836.702785205841
365a4ea2-5bba-4ad9-a32e-348ea2aa7092,0.0,-6287.699096015095,-6287.699096015095
632b938d-7f0f-49e6-b6c3-f1c08a2f8408,0.0,-10861.85750387907,-10861.85750387907
ec2bd31f-1caa-4a4c-aff7-3abe166835e9,0.0,-2097.210180260837,-2097.210180260837
4c15eaf5-4b2c-41cd-b6b4-429dffa6365b,0.0,-1458.8918951147793,-1458.8918951147793
4fa320bd-6477-4ed1-9d53-d594d883ee47,0.0,-1848.1986417084934,-1848.1986417084934
4b62a71b-9b6e-4f83-afba-fca514ee1972,0.0,-12790.78151681155,-12790.78151681155
e8ebaf0f-ea95-46a1-ae7d-9d00d68960c9,0.0,-3286.0935196691757,-3286.0935196691757
f1a3f024-a7b5-4577-9792-70976b2bd628,0.0,-5772.483628174663,-5772.483628174663
78db5423-a74c-44ba-b1db-26f8b3e24014,0.0,-5414.746651558282,-5414.746651558282
65d11c4a-e389-4ce3-81ee-9900a4f3c639,0.0,327.05255403816716,327.05255403816716
039e3173-3844-46a6-98ff-90c3203d49a0,0.0,-4391.60127391994,-4391.60127391994
c8496fd4-f735-4c19-b0f5-c8cb809cef90,0.0,-5831.78567111969,-5831.78567111969
29042ffc-e45d-4fe9-984f-8f8a74e550c2,0.0,-13683.74943120241,-13683.74943120241
4d9a11d3-8f85-4923-8c22-875c1ef4b2d2,0.0,-313.11850858509496,-313.11850858509496
db48cc76-5b96-45bd-89b6-3156b074d255,0.0,-17985.351979757845,-17985.351979757845
4d4770c0-f7e5-4037-bcd5-2b2829901a05,0.0,-2420.8884604889154,-2420.8884604889154
7d089145-7527-495d-b2e7-254ed829d188,0.0,-2553.1023715163765,-2553.1023715163765
7b7b1cd5-30b4-4302-82cf-b43e2899ed97,0.0,-1609.2098359823228,-1609.2098359823228
b2ac4b52-13e3-4382-9469-f8865a5dc3eb,0.0,-3007.8973809736967,-3007.8973809736967
2b3d5832-3278-480c-8c0a-027be44d693d,0.0,-18389.78966101289,-18389.78966101289
b8a249a6-272f-43af-a957-4c6310be038c,0.0,-2679.591957425326,-2679.591957425326
9d2829c5-95cf-4b42-b7a5-4f1791f0c0b7,0.0,2365.538656575083,2365.538656575083
4bf4a2a6-d20f-487c-906d-319a0f451315,0.0,-15459.023059838413,-15459.023059838413
04592e1b-d2c3-45bb-97bc-cc52161579c8,0.0,-4996.384141904265,-4996.384141904265
7cc0df2c-c08d-4473-8266-5eee25145b65,0.0,-11431.494454122187,-11431.494454122187
275895ec-9a7f-424f-afbe-76da7fdd6b22,0.0,-30836.689839793446,-30836.689839793446
3c296219-f392-4439-9005-38cdff0824c7,0.0,-8683.469416442515,-8683.469416442515
25a9c99b-960c-4cd3-a7d8-f29b0370f595,0.0,-7893.559924286007,-7893.559924286007
37ae9858-3cde-4e00-b470-5d249c39b12b,0.0,-8002.273459649087,-8002.273459649087
ff93a2df-d916-4a1d-beb6-9e163322f70d,0.0,-5789.934017208815,-5789.934017208815
1cfc34b7-f406-440e-b702-69dbdec37fa7,0.0,-141203.95203423768,-141203.95203423768
07102f17-392f-4e99-af61-ffdb6c3bbc77,0.0,-4531.060101004839,-4531.060101004839
a6601897-81d1-4efa-a259-9a074b901963,0.0,-1344.1762269032001,-1344.1762269032001
9aa8b8b7-5753-45c0-a39f-726bb97fd1e6,0.0,-11772.29483598411,-11772.29483598411
2e350836-e210-4f07-9346-f953514ac393,0.0,-295178.6644344568,-295178.6644344568
d4cc0802-2242-4c9b-aead-5669e55c6376,0.0,-1906.231137866229,-1906.231137866229
c4325b8f-693c-4605-b685-360e36c31697,0.0,-197.56655323922632,-197.56655323922632
dfb63784-48ca-4052-84e5-b40c2f8e864e,0.0,-3841.9935979902743,-3841.9935979902743
e553c8cf-3400-4305-9e23-54fb85a6700a,0.0,-12206.946183962225,-12206.946183962225
79ccc4d9-3e1f-4c01-8774-2cef44bab78a,0.0,-4197.275347558857,-4197.275347558857
4af89769-7860-4421-9bc0-091db1bf6a20,0.0,-13082.399323395937,-13082.399323395937
6faa6320-b5af-48b4-a991-095d5530151a,0.0,-3100.437091601491,-3100.437091601491
f06f6fe6-0051-45b8-9f2d-97bffa1179b9,0.0,-4935.450018615723,-4935.450018615723
9685a3a5-8229-4e49-afeb-229fdd7c8856,0.0,-4099.632593852878,-4099.632593852878
58e29f83-897c-462e-ae79-b9a67895dbce,0.0,-8669.60925642386,-8669.60925642386
496da7c2-4c27-43e4-bfd2-574be6f09b8a,0.0,-1931127.2953862394,-1931127.2953862394
c980b50e-d4d7-468b-9ca8-d3d4494bc041,0.0,-2618.6849257373815,-2618.6849257373815
92937092-480e-4b7a-87ad-01898b28c9e0,0.0,-15446.74113146469,-15446.74113146469
f729ad25-e543-4238-8d27-c29d94069de6,0.0,-8658.002946178914,-8658.002946178914
38caa1ac-63ac-440c-87d0-d3de9bcf1011,0.0,-11442.081131305695,-11442.081131305695
ef467def-c278-49f1-a075-61e761552fa2,0.0,-15473.63988756001,-15473.63988756001
88069fa5-1e97-4cdd-922a-fc7445ca713c,0.0,-11607.907120228485,-11607.907120228485
bfa9cc4b-8a4c-4352-9045-201faf9608cf,0.0,-2203.5479047983886,-2203.5479047983886
b379c432-3313-4967-94c5-3a4129d8d9fd,0.0,-13733.336968246698,-13733.336968246698
5494ad63-4540-438a-b43f-12b7dec828c9,0.0,-30138.940805057733,-30138.940805057733
d0c043a3-224d-4f46-a24c-c7c9ab5be623,0.0,-25604.79133055806,-25604.79133055806
89fc49b8-bea1-42d0-b397-ef00f184333f,0.0,-5295.525665479154,-5295.525665479154
2060f364-f44a-4fdc-94fa-2bd428e4014e,0.0,-21843.778645374776,-21843.778645374776
bfbf55b0-788b-4360-ad05-513ee728e199,0.0,249.6046042108534,249.6046042108534
5806a549-8753-48d9-ab45-9188151639d2,0.0,-12223.771401753129,-12223.771401753129
57ea7f01-5d78-40a9-aec5-762a136b305c,0.0,-11402.000722035915,-11402.000722035915
ef2152cc-15af-49b8-ab59-73e43337599a,0.0,398.67981719315014,398.67981719315014
4b171653-23c9-4f55-924a-46e51bf11ee4,0.0,-576010.906572169,-576010.906572169
66db2095-0258-45a0-9476-4976facfaf1d,0.0,-3557.652346224785,-3557.652346224785
643bf604-79aa-40d6-876b-bd5033624082,0.0,-4508.708561170696,-4508.708561170696
3acd58f6-527b-45c6-aa44-31893897db77,0.0,-11082.700577068328,-11082.700577068328
1a5f93c5-21ff-4929-bde0-e7d6587a48a9,0.0,-2246.9377791690818,-2246.9377791690818
75e9d8ec-5b72-4cf4-842f-e0d5187cac1a,0.0,-11048.492263749838,-11048.492263749838
7a7a3e34-033a-4041-8454-8b483cd909c2,0.0,-2268.2819480025773,-2268.2819480025773
d7247b10-3b00-41b3-8c8e-23629b32bc87,0.0,540.965573619008,540.965573619008
a6ba1dd3-1410-483d-96e8-128fa6879d33,0.0,-26261.206321718244,-26261.206321718244
65b99a9b-8184-4773-b11f-22f2fc6f4a3d,0.0,-16899.175521825553,-16899.175521825553
7b69c0a0-7fcb-4037-9986-ef102e354ee5,0.0,-21697.24750189781,-21697.24750189781
b96be476-c22f-4d68-bc38-9e79a322c67c,0.0,-245348.03472593473,-245348.03472593473
a8e447ac-20ec-4aab-b5b6-c89f58c68739,0.0,-632830.0849506415,-632830.0849506415
d66dfd63-29ec-43d2-a5d9-f47b65e8f145,0.0,-15843.652035519332,-15843.652035519332
cbbb07b6-0e1a-4608-9740-bf2adbd95d0f,0.0,-105787.75040887416,-105787.75040887416
a63ed277-57d2-439e-9df4-797942fad526,0.0,-8205.644347218276,-8205.644347218276
138b5201-91ad-4e41-bc34-1f9b5a6a6921,0.0,247.50674023032187,247.50674023032187
bb93fbc7-59e6-4708-bc9a-42225ba4573b,0.0,-166382.86170413732,-166382.86170413732
71e2ef3e-5975-46a8-9ce4-01eb8eae5c00,0.0,-1904.5691638094188,-1904.5691638094188
26f0db8d-9eb0-4bc2-b217-3daf9c1abef8,0.0,-2393.008498797416,-2393.008498797416
4ff1bd68-bc60-4fd9-94db-f8e3b0953337,0.0,-7495.869236278237,-7495.869236278237
fa8fa2ac-d69e-4f59-87fa-2f587573c8f7,0.0,-296172.2381636213,-296172.2381636213
80e99759-ca1b-46d5-ad00-5fc8e4d00f56,0.0,-1198.595238950849,-1198.595238950849
8339fc7d-61c3-43bb-8ad5-8660b0bcb712,0.0,-1921489.2730960324,-1921489.2730960324
9bbe944f-8fb6-4be7-bbe6-093fd240556c,0.0,-735.5940591451526,-735.5940591451526
ee6dc233-1f0c-4d94-bbfa-a927fd50bd7d,0.0,-6173.794578728079,-6173.794578728079
cbcffb78-314f-44a0-908d-9fb3532bb844,0.0,-1606.705674781799,-1606.705674781799
14140acd-2e5b-444b-8f78-8a250a5e95a2,0.0,-680.8972953391082,-680.8972953391082
f125a03d-c364-4be5-adb9-4ca5155081a7,0.0,-10636.94157402098,-10636.94157402098
7a7deb44-e94e-4eaa-af0c-75cd1bedfc1e,0.0,-22566.5526831913,-22566.5526831913
ba6247ea-5560-4c55-a86b-1eb6a5470814,0.0,-5270.721629155279,-5270.721629155279
ab1506d9-a069-496b-ada8-c040f4586454,0.0,-2772.601052269338,-2772.601052269338
34cc2cc4-7952-45e1-a086-41a453d66387,0.0,-27100.64548267186,-27100.64548267186
8432e6bc-235d-4ac2-b1c6-18fc20f82f43,0.0,-44861.169580957285,-44861.169580957285
37a4fd57-0597-4e55-bd80-30b98e0a213a,0.0,-11821.014057819842,-11821.014057819842
f60e2a91-3e36-4d3c-851b-d7ccc50223c8,0.0,-340028.82802982157,-340028.82802982157
d2dc3c91-6cec-401b-a5b7-0ca7f753a779,0.0,-168952.8876533866,-168952.8876533866
dc7d0662-84d2-4095-8bb0-8cc25b277230,0.0,-5734.043586888315,-5734.043586888315
108b52c2-fee3-44cb-90ff-f505ef1bf644,0.0,-2391.026102065444,-2391.026102065444
63798331-704a-4630-86f9-da64cc42ad40,0.0,-4208.971415033043,-4208.971415033043
4a945bc0-7616-47cb-95dd-b51369dcb96a,0.0,-481676.13966978673,-481676.13966978673
dba26c7b-7cf9-4bd9-bbeb-672bc8771e33,0.0,-2485.516803320645,-2485.516803320645
b4cbd3dd-bf2f-4694-ba48-ffd963187a5c,0.0,-1544.1640905791521,-1544.1640905791521
5f0e8121-59ae-4c7c-a094-e8f4ed0d23f5,0.0,-16708.42357885033,-16708.42357885033
bac50a33-c712-4c39-8c9e-9ead5d04f64f,0.0,-10790.111054103672,-10790.111054103672
0a6729fb-4fe2-4987-921e-8ab6a6f289cb,0.0,-6792.366497635245,-6792.366497635245
5409bc31-9af2-4b89-9212-5cedc6583fb5,0.0,-3368.5531158804893,-3368.5531158804893
b0926892-ec8b-4ffd-b86e-d909fff85313,0.0,-9210.241532401442,-9210.241532401442
9c7aa0c6-1053-4f16-88ea-a8daa215a05c,0.0,-10313.99922758773,-10313.99922758773
20bc42e4-0e97-4068-a2e8-bb0e6743f63e,0.0,-6799.77518514335,-6799.77518514335
093c2487-a68d-4d94-8f38-eb7b05a801ea,0.0,-1104037.9408840325,-1104037.9408840325
38dd4dfd-5d6e-42ba-9c1f-62727986dad7,0.0,-4445.0586090004435,-4445.0586090004435
e004c656-6ba3-4daa-b034-37491f872de2,0.00010646939276170997,-244.1374052488802,-244.13751171827298
981a3f2e-e63e-4abc-b03f-72273c02f6f1,0.0,-11979.404630727766,-11979.404630727766
5c9a8148-80f7-4f50-a743-e5aa862df2f6,0.0,-99756.18084150493,-99756.18084150493
e95e6c3e-3611-42a7-b150-3ee12ad5c4b7,0.0,-17127.049950351713,-17127.049950351713
37cdf49c-82c3-47f6-993d-f1b62e9b59bc,0.0,-4186.25834775299,-4186.25834775299
efb8bcab-7a10-45d9-b6b3-5a2f855e2c96,0.0,-2134.8578769680867,-2134.8578769680867
2c8d9d9e-f66e-45c7-b41e-d4d425847ff6,0.0,-4949.218724758626,-4949.218724758626
13d7958c-fcc6-488b-8d04-6e884281d702,0.0,-5758.534930761755,-5758.534930761755
fe2921ef-df8f-4ec7-891b-6acdc093ec99,0.0,-10658.065780603438,-10658.065780603438
8f13b0d7-654c-4600-ac2d-12f723f78381,0.0,-10960.072383974193,-10960.072383974193
28a377c2-20af-42af-8493-267a0282629b,0.0,-776.6352216160294,-776.6352216160294
9ea90cd0-522a-4910-ae87-53cbf60dd401,0.0,-3550.7605766096713,-3550.7605766096713
50472786-7419-4b44-adbb-5ae6fc683f51,0.0,-3661.791543464437,-3661.791543464437
54487763-c23c-47da-a892-f1ea56779314,0.0,-21700.91091140747,-21700.91091140747
2081376f-518f-42a2-8979-b2423d062652,0.0,-15297.022001596986,-15297.022001596986
28e39ff6-8ea6-43f3-ba9f-20fe7b03aed2,0.0,-12673.667542185487,-12673.667542185487
8fc9a774-049e-4539-93e3-8c7e2ad0d3a7,0.0,-4743.247801481487,-4743.247801481487
c95dc9a3-5d04-45f4-b915-09f1c3d0ba1c,0.0,-14804.351987299322,-14804.351987299322
d994a8e3-00d1-4560-a25e-ba93583f96d4,0.0,-76918.43819737791,-76918.43819737791
b6bef65b-3d18-4208-80cb-1007e06248d7,0.0,-1635.9035812526943,-1635.9035812526943
2c0f6759-5828-4f02-9753-eeb2267f5bde,0.0,54.55629967928011,54.55629967928011
a0f59288-e4d6-4286-b881-1b2dffb4a919,0.0,-6991.679786684214,-6991.679786684214
d1f25a78-91c7-4760-a983-0bde24ef1787,0.0,-7537.132430264204,-7537.132430264204
1fd4d3bf-8ab4-40dc-a8e0-ef25373306bb,0.0,-2399.4131749510766,-2399.4131749510766
fb5c3028-07dc-42ce-bf3e-00782c91f595,0.0,-3036.1152758443354,-3036.1152758443354
d9dbf7e0-d281-401d-8d39-783636f74fe8,0.0,7477.978338851333,7477.978338851333
b14d2023-4953-4c39-ac02-e52c4b1abeb7,0.0,-21003.354482264072,-21003.354482264072
a2c44597-5156-49b0-b0c8-c9570d9ef30b,0.0,-5744.904163812401,-5744.904163812401
36303bb8-c95c-448d-a450-fa7981899637,0.0,-25276.64568955392,-25276.64568955392
485d97da-7c9c-4831-800e-82327e334c7e,0.0,87.12805115699761,87.12805115699761
d2b99e29-5566-4d6f-896f-2f0739ea4e91,0.0,-22266.565804544985,-22266.565804544985
08ea2f1f-1243-46cb-bd4a-4e42a4b58145,0.0,-2641.780632742718,-2641.780632742718
9f6c3338-92a5-4c89-b416-b1ec71250f26,0.0,-404.79639202028505,-404.79639202028505
7773e91e-eb18-48b5-89cc-1da8dac00d70,0.0,-8398.426394791602,-8398.426394791602
02d044ad-9384-4099-b623-004965e0de44,0.0,-13481.643213553576,-13481.643213553576
4639264a-54f4-4c5a-aa5d-88b444bd7a20,0.0,-432.10506868630756,-432.10506868630756
e873aead-0589-4fd0-bc92-b81ef46f9b39,0.0,-656299.4950584793,-656299.4950584793
b4d8df05-bba2-4419-9a7d-032b4ee80ac8,0.0,-21940.561652228535,-21940.561652228535
fb9e9042-ec0b-4f2e-803e-eaa16ddd2401,0.0,-2662.253602030277,-2662.253602030277
3d054d78-7f94-423a-824e-59e8338056b6,0.0,-997.4855302494765,-997.4855302494765
ebc5add8-2407-42c4-b6cb-4d21d1fbc5d7,0.0,-5303.018025953471,-5303.018025953471
6ea0dcbc-76dc-4b7b-868a-5fcec95c668c,0.0,-39784.607713346486,-39784.607713346486
5c4a23f4-af26-4603-8d95-dfb1a64ec3a4,0.0,-18311.26548922896,-18311.26548922896
1c88f2ac-56b5-4e31-b040-9ade8b96115f,0.0,-5534.321736733616,-5534.321736733616
78bf4b9f-648f-4638-8e10-96da8e239a49,0.0,271.1875000584124,271.1875000584124
d23df84c-e768-4c55-a021-9f72fa398eb6,0.0,-1005.744361386299,-1005.744361386299
b9d88e2f-2e34-434d-a7b8-eae7937981d6,0.0,-5827.650338710398,-5827.650338710398
3801dabe-a68f-4951-9c63-a472d846a21f,0.0,-11076.407455044537,-11076.407455044537
68f875ee-01e6-45ac-ae4e-cceab935f1f8,0.0,-10009.346540955903,-10009.346540955903
2a687f9a-e43f-4d1d-a391-a22e16fec1e5,0.0,-7187.9197911059855,-7187.9197911059855
3b89f909-e814-4147-a3e5-4d80b89ef1de,0.0,-532.264864345789,-532.264864345789
a399ad5c-c225-4d38-8bc0-acf537a5203b,0.0,-4313.176500179768,-4313.176500179768
41732494-175b-4314-a747-da19b094a979,0.0,-359153.2600365062,-359153.2600365062
ece21bfd-8543-4922-9987-02aabf85d23f,0.0,-2637.154604492187,-2637.154604492187
bac55f9f-4207-4de6-9f5c-ad982b89301b,0.0,-2508.5088669723273,-2508.5088669723273
adcdca49-2dfa-46f6-9951-f44959a43256,0.0,-14032.452013363243,-14032.452013363243
251bb71b-cf7f-43a5-9fca-8853ad4f252d,0.0,-15155.20455807686,-15155.20455807686
f0a16dd2-8865-40f1-af8b-39411fdafbaf,0.0,-36362.93910506844,-36362.93910506844
06e1c218-e56d-4280-b7e4-36fdbabbd563,0.0,-196190.01678765655,-196190.01678765655
ef7f347f-dc07-486f-bbb8-f827979cf298,0.0,-4089.6993654698135,-4089.6993654698135
2846c3f5-08a2-4683-b9e5-cf800a931ddc,0.0,-408883.3500405693,-408883.3500405693
7a3428e5-434f-4599-9d57-0ab19d1bb4be,0.0,-817.6342686909435,-817.6342686909435
9ace1f5c-b778-48a8-ae82-1fcb83120e85,0.0,-8521.809153531194,-8521.809153531194
c9df399e-c2c4-4ee2-850e-e8cb30902131,0.0,-13397.016722112297,-13397.016722112297
32e7e11e-0d59-4afe-b701-d496e86ff267,0.0,-2696.6570135384795,-2696.6570135384795
bb1082d7-b3ba-4f07-bc40-7e9936c75b1e,0.0,-901.6204889249801,-901.6204889249801
2609a296-3e8b-4f1c-a94f-c5e489e0a645,0.0,-14951.88174378872,-14951.88174378872
6522305c-7ca9-47b3-8917-7a90bbf13a44,0.0,238.27023287773153,238.27023287773153
365b8053-fe42-4214-b78d-012a2280ac31,0.0,-7266.109291374683,-7266.109291374683
028cae70-9b6a-4b94-9eb5-b05c9a8e85fe,0.0,-17038.663306503295,-17038.663306503295
47dc4978-963b-4884-995c-5f3116ebf179,0.0,-1033.8394932198523,-1033.8394932198523
e0724ce4-6a77-441c-be30-384fe28b6ca5,0.0,-1171.5010882735253,-1171.5010882735253
4c72dfd3-844b-460e-ae12-d1cff145fc69,0.0,-577607.2135016341,-577607.2135016341
88523c30-8fdc-493b-a0df-a733b50c9d2f,0.0,-5415.605723704697,-5415.605723704697
911b463d-d1f2-47a5-ad3b-165de9159e1e,0.0,-6476.114178430736,-6476.114178430736
1582d967-579c-4406-ab13-7a687fd083fd,0.0,-3370.890496212095,-3370.890496212095
57aaf843-7ecd-4432-b92d-8f1dce9ea7ea,0.0,-2024.562150650619,-2024.562150650619
89ad2f59-a149-4cf0-9181-db8f0c54ed27,0.0,-24774.73261505812,-24774.73261505812
b0f82d53-42ac-409e-bb42-5bc0c4902a38,0.0,-5599.464362829329,-5599.464362829329
b4412420-2436-42d7-b139-ad44858284dc,0.0,-23038.998940626385,-23038.998940626385
239f0be0-bce4-40e1-9a0f-ead10ee1bc82,0.0,-3481.906645132899,-3481.906645132899
253483a0-dd0c-4cd2-b0bf-44ec82d38e51,0.0,-19547.30249680638,-19547.30249680638
a31e8c7f-c7e8-4ead-87ad-7171318a975f,0.0,-3907.4213372802733,-3907.4213372802733
72dcc65b-268f-4b10-8d29-3f1bc4112384,0.0,-661.8459896433377,-661.8459896433377
a1f147ed-6fce-4276-8375-4dde6e5e9017,0.0,-11367.806382718085,-11367.806382718085
783d3c3c-1ced-4e77-95db-23c3a28ecba9,0.0,-5392.294237622096,-5392.294237622096
600ea91e-d360-4347-a0f3-7f40ba9a8275,0.0,-1734.5759408378597,-1734.5759408378597
11e7438c-141d-4d2c-af07-4e967eea8854,0.0,-961527.0125203041,-961527.0125203041
29da7c46-0bc6-4ad9-a729-ff8ac8e27568,0.0,-3062.4752702090145,-3062.4752702090145
4b68f0c8-3b8b-4eb9-b2b5-208a874ef27d,0.0,-8013.516459945143,-8013.516459945143
3a98e91c-b44d-4427-ba16-8b762379db5c,0.0,-11469.35804382086,-11469.35804382086
1dd292bb-7f33-4a02-9fb2-5fdaf23fa6d9,0.0,-20177.33350483954,-20177.33350483954
8c0dff51-e66c-4641-ba71-a92fce9e6751,0.0,-12017.932384411692,-12017.932384411692
3e46fa21-527b-4672-ab87-56b974738554,0.0,-9024.383125298395,-9024.383125298395
c2af4ae5-17c3-461f-befc-42cca83935fa,0.0,-129626.28008990825,-129626.28008990825
369abe6c-da7d-47c1-a2c1-1521bc9a3b16,0.0,-27041.568483296036,-27041.568483296036
fe64983e-cf1f-4b3e-a116-828c5eb95e53,0.0,-9014.411946695745,-9014.411946695745
262b92ae-3591-4623-b887-1c84e7b4f5fe,0.0,-5752.737355047463,-5752.737355047463
8dc38be5-de67-430b-a7d9-cf9b81379951,0.0,-1274.5656721234325,-1274.5656721234325
beb5da93-7c73-48e8-b629-bd1d9d93e0c6,0.0,-8940.371158037186,-8940.371158037186
3e6d7420-1c88-4df5-81fc-fb4e84d8aa8d,0.0,-22391.84073594332,-22391.84073594332
1e414971-00f0-445d-bbd2-79c1ca529815,0.0,-327150.9431142634,-327150.9431142634
9201d207-6a15-4aa6-b240-4c622f360bd3,0.0,-4410.313479643464,-4410.313479643464
935507b6-f5da-47f7-8b15-cae3323e8ee9,0.0,-7839.601360878349,-7839.601360878349
a48a1884-0253-4790-910d-0b9c18089494,0.0,-16823.759888050557,-16823.759888050557
5e48e5dd-bafc-4ab8-9bed-3dc19d4ba7f5,0.0,-2445.377657163739,-2445.377657163739
c6a6528a-eb08-4d66-8b48-40706fa93ba1,0.0,-678.051273762584,-678.051273762584
f576f6e5-d38c-4ae9-b2b4-f44aee05d05f,0.0,-3720.073910378814,-3720.073910378814
f120ca87-1a3e-4f3d-8678-b1cf106d090a,0.0,-7892.3250181986405,-7892.3250181986405
14c1420f-c74a-4afe-bf22-cd6ab7cd12b4,0.0,-826.8283447703719,-826.8283447703719
5d466bfa-1922-473a-9f7c-1ddc671f41c0,0.0,-3394.3258334815487,-3394.3258334815487
1fbde4f7-45c8-48da-8936-5bb17e62c5a7,0.0,-4712.6339443376655,-4712.6339443376655
64af251e-201d-413e-9d8e-9462e20ac3ee,0.0,-4045.2001324141024,-4045.2001324141024
8a23353b-1288-499b-b7c3-c245dbd0d487,0.0,-386081.3359619617,-386081.3359619617
b50b6c28-3ae0-47b9-b140-884da6f1ba87,0.0,-1783.7828563940525,-1783.7828563940525
8ac24c63-6bad-4c80-968b-882518958730,0.0,-70.14539883211253,-70.14539883211253
6405b322-9593-4811-a907-a16b14aa7c22,0.0,-22056.16250775084,-22056.16250775084
2971bf3e-670d-4e90-b127-921b7dae0f24,0.0,-51420.651413807274,-51420.651413807274
608a67d0-8359-403e-8883-c185053923ba,0.0,-52.21176983118154,-52.21176983118154
7a8f6ba8-432d-43a3-aa24-864c30024341,0.0,-533.4998839008808,-533.4998839008808
3afbe300-7a5b-470c-a6d3-190df7eeb1cd,0.0,-4719.527705780269,-4719.527705780269
87f69993-f2ee-4df2-98a0-a6617780edd7,0.0,-5923.939820985795,-5923.939820985795
61c3faa3-156a-411d-a94b-20fd597c877a,0.0,-555666.5855377206,-555666.5855377206
5419a884-3ede-4cb1-861e-541dd4625aec,0.0,-4429.972423701286,-4429.972423701286
30f73f25-db97-4575-ae86-ddf3fe932507,0.0,-6677.7408912964165,-6677.7408912964165
997ef1f2-371c-4607-8758-54ff96ac6e02,0.0,-2232.2738509178166,-2232.2738509178166
605d8f74-8fae-49a6-8232-10df13b23965,0.0,-4845.377637161019,-4845.377637161019
f3b76673-5421-4b0b-b18e-fc4fb5d2ef24,0.0,-9347.39509831652,-9347.39509831652
138d61f1-aa4a-4a05-81df-fcc216774e71,0.0,-334420.00276528,-334420.00276528
0e0998fe-7e84-4c75-985d-d389bf26a2be,0.0,-321322.62515255815,-321322.62515255815
803e6db9-8af0-484e-babf-e670af21597f,0.0,-24464.85422293901,-24464.85422293901
7ca24f08-5081-4e62-b0da-fdb43eabc977,0.0,-2061.206949992179,-2061.206949992179
fa02147d-6070-4454-845d-8b66cd977372,0.0,-1690.7309235477444,-1690.7309235477444
97e91e31-ff49-4714-99a5-8f09cdd13a67,0.0,-43359.25672220468,-43359.25672220468
0e1b0049-8af0-4e4a-88ed-37c31e7188bc,0.0,-14843.834121266604,-14843.834121266604
853fe11e-99a8-4e92-ab71-cf5659c208d4,0.0,-13979.15581413299,-13979.15581413299
93b8ef16-1a00-4d2b-84c9-6f5ecac24d1b,0.0,-4569.583758672474,-4569.583758672474
bd5f2f5d-cccb-4039-b430-eb5f127e6e1a,0.0,-19447.53504789591,-19447.53504789591
43aaf6de-65e5-4d44-876d-c9bb99722e59,0.0,-9385.48655917406,-9385.48655917406
054d69e4-4965-4efe-8c4c-d5fde37a5581,0.0,-1117.3879747721546,-1117.3879747721546
d6e38a7f-5cec-4bf4-8851-75a9662d96ae,0.0,580.9414222264289,580.9414222264289
5ebd6820-eb51-402a-a10d-6f38cfe9f567,0.0,-12450.287331633568,-12450.287331633568
0c8432e7-b8d2-4188-88de-67f2936226aa,0.0,-17981.162541693895,-17981.162541693895
458830ee-8e50-4d03-b9ef-469f67b5f128,0.0,-3362.134955971241,-3362.134955971241
e3224f97-0eb1-4f42-963e-87bb423bdab7,0.0,-4786.171301739212,-4786.171301739212
7b78cfff-3a8b-4336-854f-bef02be86aac,0.0,-149882.0475007981,-149882.0475007981
e69adfd3-4f4f-4d6d-badb-fae401c498af,0.0,-3704.7121262986957,-3704.7121262986957
3a347178-0e37-4ae8-a230-f74ff6f5a6a0,0.0,-2395.1182030073182,-2395.1182030073182
df539a88-770c-46e0-a988-5420f57e2fbf,0.0,-227328.24096430838,-227328.24096430838
bf474d4d-4bcd-4d81-a6c8-a6f12857036b,0.0,-2745.3537606173754,-2745.3537606173754
d3886a65-04e5-4575-b798-7e217cd7d3c6,0.0,-12921.768606129288,-12921.768606129288
7139ca78-e5f7-4085-b42b-cbb0689ca3f4,0.0013110303880239371,-5823.309831317962,-5823.31114234835
8fd73d1b-e8b8-4a92-83b0-f2aeb013d530,0.0,-1194.8248913609984,-1194.8248913609984
f511ebe8-aca6-408c-9c18-d3fce71e0851,0.0,-6798.592692782878,-6798.592692782878
65460b49-f83d-44c7-ba88-2872a7914563,0.0,552.6783190950752,552.6783190950752
47c20e4b-66ca-48be-bc99-0407acb7dad8,0.0,-519362.34919961094,-519362.34919961094
73d1fa2c-e08c-4e39-9ec7-b3dfdf7d16e2,0.0,-354736.4689628602,-354736.4689628602
12bc2cb3-3e59-4472-b053-4dd33acd2ae0,0.0,-1217.3114867508416,-1217.3114867508416
2f8cea86-facd-40c4-935d-e9df39436c90,0.0,-879.7974881756311,-879.7974881756311
c8841c28-f420-457f-b871-43a4f1c35454,0.0,-5193.788083093613,-5193.788083093613
314f76d5-2890-48c5-8e4a-080e414ede83,0.0,325.5816196036338,325.5816196036338
788b890b-4533-4065-929d-21d7a94f2654,0.0,-9849.955221209824,-9849.955221209824
500b79aa-1517-4886-ab9b-5b1b4bb1da0b,0.0,-5169.590205734522,-5169.590205734522
03dd64c4-6b6a-4365-b1a6-5ade63d67dcd,0.0,-9319.140933630018,-9319.140933630018
600431c8-2537-418d-8178-20cd359200e0,0.0,-1942.7166895115377,-1942.7166895115377
54521dd1-abfc-4e6b-9ede-c90863035cef,0.0,-3268.04184907794,-3268.04184907794
99f48ac1-f7b7-4605-b5b7-3401cadb1387,0.0,-512004.5163642215,-512004.5163642215
1186c2fd-7a00-4f21-956f-8c5a896d9111,0.0,-9148.013750734626,-9148.013750734626
f390aee1-710d-47b5-8c0c-379e63d2a6ec,0.0,-8634.654598011673,-8634.654598011673
59059cb4-0709-49ae-875e-36288851bd89,0.0,-18105.876050627234,-18105.876050627234
ec5f06dc-4601-48f7-9f98-5e1cab7fef30,0.0,-7089.906386332958,-7089.906386332958
daf2a47f-5599-447d-bf02-e78571c5b1c8,0.0,-2410.0766418099392,-2410.0766418099392
34ae079c-e17d-47c4-950a-861f79553a38,0.0,-749.3557695150374,-749.3557695150374
3d9865bf-09e9-4412-89d0-1b3b783eb974,0.0,-25927.920759761033,-25927.920759761033
34f9de21-4240-4196-b2f7-08193f97ec52,0.0,-2547.9410357761362,-2547.9410357761362
21d2ea3f-0445-4481-b26c-448e7cf0d11d,0.0,-15753.798488399987,-15753.798488399987
8b42f28f-2bce-49ce-91cc-f984569aba91,0.0,-382888.25639374554,-382888.25639374554
b7d38942-c991-4eff-844a-642762e28813,0.0,-48350.96918723405,-48350.96918723405
0731f4f3-0994-4abe-bd0a-75202a1740fb,0.0,-6969.50887559697,-6969.50887559697
f084d457-96e2-4224-95cc-5a0235329ff8,0.0,-1125.5892236500981,-1125.5892236500981
b07bad35-f748-4af7-8089-f5c5a3fb5056,0.0,-6527.744422894717,-6527.744422894717
86041910-f71d-4288-bee3-15495a3e743e,0.0,-6305.704406770466,-6305.704406770466
b58a892c-da69-4241-8d26-9ae4cc1c4816,0.0,-95.43927119791549,-95.43927119791549
1511cf87-f3ce-4e3b-aaa9-314a7fc7cdf8,0.0,-18980.230492024122,-18980.230492024122
64619d89-79d1-4320-ab20-ff5102ac56f1,0.0,-2197.3783110469567,-2197.3783110469567
f070c848-d05d-48f7-a627-2378811a7c2b,0.0,-234.89742630243234,-234.89742630243234
7a6a6cde-6586-4f4d-97e6-ff371d7bd426,0.0,-8.782013450861093,-8.782013450861093
29b4ddbe-4eed-4490-befa-00addc4512de,0.0,-9057.49537555158,-9057.49537555158
4ec4e547-c84a-4999-ba63-ec7577371215,0.0,-2971.9147281122205,-2971.9147281122205
0f242c34-a36a-45fa-be32-705846f1266f,0.0,-5319.953635825515,-5319.953635825515
2f2b3f80-038d-42a8-89c1-d8dac760b25a,0.0,-3808.7267003688216,-3808.7267003688216
3782700a-e8de-4215-8f86-75a6ce84a041,0.0,-24016.490308175085,-24016.490308175085
daeb3048-b789-41be-a43c-639fdef9514c,0.0,-4866.519613401295,-4866.519613401295
82f4d558-9f6c-43c0-9e26-9ec9d82c9783,0.0,-425702.7332159805,-425702.7332159805
9247e531-5b00-4833-afe6-49af94548494,0.0,-4651.204485649913,-4651.204485649913
cfc7ea15-4060-4dc2-8c25-bb4197678c01,0.0006929951906045062,223.83144952356918,223.83075652837857
5415656f-c5b6-4ac6-b28e-5531786075cc,0.0,-13193.974040918052,-13193.974040918052
0a2c2b45-42bf-4a2e-8118-e7279e5589de,0.0,456.4362406384951,456.4362406384951
e75887fd-09ce-41c5-8a69-2aaee202ccbf,0.0,-12955.257780901346,-12955.257780901346
8643605e-6f56-4cc1-bfe6-f7d218350224,0.0,-8769.563921364173,-8769.563921364173
88032ec8-8c67-474d-94a0-bc9856be9643,0.0,-92412.85709155559,-92412.85709155559
73e60d90-a97c-49e0-9709-44e365d162c2,0.0,-10836.501056644021,-10836.501056644021
11c898d8-5e48-4415-9a15-0a4774a65756,0.0,-5541.530861232281,-5541.530861232281
40b3ac9a-f6d6-41e9-abd8-200149deeacf,0.0,-26192.561362257748,-26192.561362257748
505ec7c9-44b3-4ef3-8678-b64fc4a01e16,0.0,-1712.3579822343586,-1712.3579822343586
6e4bd180-af29-4fa2-af76-1b1a888a6b78,0.0,-15192.465257153215,-15192.465257153215
8bacc438-5861-4835-ab6b-b9a8a33e222e,0.0,862.6696821027992,862.6696821027992
c0f4ee3d-afa3-40b7-b73b-0e540001419c,0.0,-1075.7213708743457,-1075.7213708743457
9375a61e-0e8d-405f-9b1f-71b803795970,0.0,-2847.5446356151997,-2847.5446356151997
06f6989e-54cb-4f40-bfda-c2da14a5ec3b,0.0,-17901.140424477904,-17901.140424477904
f45067ff-7b90-4308-9f0f-d59f468607a4,0.0,-19205.528323371112,-19205.528323371112
5f937544-a583-4199-bed2-94a2ffbe23d4,0.0,-11653.79544875026,-11653.79544875026
a9a8fb74-cab9-46f4-b6be-27279b366cd8,0.0,-2734.3080596148975,-2734.3080596148975
1a3b2e0b-2040-43db-bf03-b62e6f02a9c4,0.0,-17600.749287549854,-17600.749287549854
8cc384f3-5e7a-4421-867f-bd55ce404114,0.0,-3855.6641978773473,-3855.6641978773473
6453a46f-be8b-4a6e-8dc1-c42a7510d7a9,0.0,-11725.724646052719,-11725.724646052719
fb2bebce-2766-429c-80c4-6954ba7564c4,0.0,-8514.156569877863,-8514.156569877863
046ef4a5-3dd9-487d-b4a1-10601842836c,0.0,-4855.848467208446,-4855.848467208446
79d9fdf9-fce1-4f64-87cc-0f04d7d872f0,0.0,-8222.268420228662,-8222.268420228662
0734342c-6b9a-42f8-834c-08a98d60e98c,0.0,-41941.53725560902,-41941.53725560902
4c71c0ac-6f9f-4cfd-9854-1447703bb215,0.0,-20398.92014443278,-20398.92014443278
d45b603d-e01c-4d13-8c12-d454e5be45a2,0.0,-3626.6069688001253,-3626.6069688001253
28180512-082e-4f14-bc12-d66cd9c22417,0.0,802.0122868746519,802.0122868746519
ab03d521-a5d6-4fc1-a551-dc3bc7bbb34b,0.0,-11810.097759922444,-11810.097759922444
248a86c3-cb96-45b7-afd2-88067322313d,0.0,-11612.617609199882,-11612.617609199882
23c0903b-aa51-4d20-bdce-8d744457b97c,0.0,-2467.4211451888095,-2467.4211451888095
7395998c-f7a0-47c4-b1fe-e1e2e268f793,0.0,-2014.992009744645,-2014.992009744645
62ac9263-d81f-4904-9140-ecd7b92a9325,0.0,-3206.241355940103,-3206.241355940103
d84ffbc0-6153-4a53-9528-20c4c708ba16,0.0,-7190.251499323846,-7190.251499323846
27c64d1c-7e03-4026-b215-10a5add4f3be,0.0,-1968.5879852104188,-1968.5879852104188
0a14e8ce-5ade-4d17-b7a5-d6477a03006d,0.0,549.288762842417,549.288762842417
38c85335-f73b-4291-8b80-938ca0f0c791,0.0,-22314.211220156252,-22314.211220156252
ed63e0ef-ecf4-4df3-8c62-874b1a83b5b6,0.0,-4471.946734213828,-4471.946734213828
e9ddc8cd-11a5-4b5f-9f16-9f0e49bf0d16,0.0,-28180.75386874914,-28180.75386874914
fa339661-cb78-422c-bc7f-38aac8d720c3,0.0,-49002.568304964,-49002.568304964
731b999e-aea5-42f5-9ca5-d89b42627d16,0.0,-3849.3169577193266,-3849.3169577193266
732bfde3-7590-481d-b1bb-580514764285,0.0,-308682.1653585661,-308682.1653585661
2aaef9e1-6293-4f85-97cf-dc9ef8d6ae19,0.0,-29684.633178469536,-29684.633178469536
9b1abd09-fb10-4eca-96ea-bb249009511a,0.0,-2963.4627270317073,-2963.4627270317073
ec13c062-938e-4a72-8715-e7ea1e426f28,0.0,-9604.453555957227,-9604.453555957227
cd142ef7-3325-4ec6-8b8b-16254954db1f,0.0,-4284.04696703747,-4284.04696703747
09010ad7-6091-428f-b534-0ef0f47ad120,0.0,-29323.102008457183,-29323.102008457183
258e8d14-da6a-4e30-b024-d2eaa9a0c686,0.0,-1450.8289622807495,-1450.8289622807495
75c5de1e-ea8e-4292-bbdd-208619c52bf9,0.0,-12529.572812163831,-12529.572812163831
a9d403e8-846e-4eca-a0d7-2fd359731d59,0.0,-14115.506826872232,-14115.506826872232
d31b3080-d61d-4199-804d-6b8e16dc18f4,0.0,-9694.762720046045,-9694.762720046045
f7a94aca-b7c8-4c3f-b456-a194e036a2ec,0.0,3006.267228708268,3006.267228708268
0e431505-1a87-459f-b9e4-091464b8854a,0.0,-13242.82040537417,-13242.82040537417
62da65da-2035-4896-8b59-8faf1e984867,0.0,-392.14795689463625,-392.14795689463625
42d5d53f-f020-4a42-b290-340c2357a52a,0.0,-4930.079655228854,-4930.079655228854
e10c28bb-83ee-414a-a7ae-1fd06d86c9c4,0.0,-1786.3195688968901,-1786.3195688968901
ae6b8404-cbae-4fc0-8e3e-674dd22ddf16,0.0,-11079.537558361888,-11079.537558361888
5e9b429a-79a2-4deb-9377-9f3187c3e194,0.0,-9350.289438959659,-9350.289438959659
85f00a30-0935-4add-bf9d-8228274020de,0.0,-1289.4669748413567,-1289.4669748413567
33862ef4-cb08-4453-a641-29ad7c4e5a32,0.0,-3849.7564697773755,-3849.7564697773755
a7b05a99-9fad-4ebd-b652-1b7608e27767,0.0,5421.244685058595,5421.244685058595
4447902f-bf3c-4ea7-a3a6-0314dc8fa8f5,0.0,-5612.428626640141,-5612.428626640141
27b2385c-e249-46c9-a031-db5e11b90061,0.0,-18656.944824001785,-18656.944824001785
8d9a12fc-4c88-4de3-aa82-19243f2b4049,0.0,-3005.706481776237,-3005.706481776237
579c8f19-fb6c-4841-953e-9da937d36682,0.0,-6556.4031380599745,-6556.4031380599745
8cfe5551-fb84-41c1-bb40-6d73a2a81fdf,0.0,-141849.32810701075,-141849.32810701075
caaa27d4-16b6-4c61-a894-51e4b2b1f1c1,0.0,-879.4323947763438,-879.4323947763438
925ae278-4c75-4d7e-999f-eb611e06eb87,0.0,-18786.519998255073,-18786.519998255073
6c56d04a-1117-42e6-95e2-72822200e38d,0.0,-72813.86095697402,-72813.86095697402
c50e3f81-848c-47a3-a6b4-cc35dd973dfe,0.0,-10753.304088941812,-10753.304088941812
420a5bf2-2163-43c2-b34b-d84069841843,0.0,-8792.501928422229,-8792.501928422229
907a2b73-e7c4-45bc-8a31-862dc6829851,0.0,-1376.8861628586055,-1376.8861628586055
f8f6b318-5225-4c4e-9e85-db5288b11849,0.0,-25391.663291427492,-25391.663291427492
04ed1e29-b692-495a-b083-082cf8811d5d,0.0,-2746.9334377336504,-2746.9334377336504
4ac225bb-3e8a-4978-bff7-53ccf6d6ad2b,0.0,-8395.948272601368,-8395.948272601368
4a262aff-7eec-41b9-99e0-213141e938a7,0.0,-333489.8906600556,-333489.8906600556
b327a118-ede5-47d6-86d8-a152ff76bcc7,0.0,-65.6831078857183,-65.6831078857183
1cbe19c8-a5de-41a7-a52d-f38a7eef4995,0.0,-258.27474220633485,-258.27474220633485
24b71a39-49ad-4691-a974-ef469d6be183,0.0,-2370.5840340518953,-2370.5840340518953
90188921-2e05-402b-a7f4-f8842b3b88e8,0.0,-96447.51565435305,-96447.51565435305
42bbec89-106f-450f-828b-c19b95cead84,0.0,-6534.812250173092,-6534.812250173092
ee7ce4a7-cac1-4efc-9581-5f953c8ea435,0.0,-7883.538486583231,-7883.538486583231
b398f850-a27e-49e3-8cb6-f350432095d8,0.0,-12352.080156844257,-12352.080156844257
5081a02f-4565-4bd6-a53f-f3ea6acfaacc,0.0,-807.0905857229235,-807.0905857229235
949ef193-4a38-4479-9db2-3651beccb584,0.0,-1481.3132021355632,-1481.3132021355632
a9ed81c3-becb-4678-bf97-fc818437e705,0.0,-7464.598850765229,-7464.598850765229
bb7f2ee2-996c-4e21-866c-05f4ce0ec545,0.0,-38387.97451200723,-38387.97451200723
0040d55b-4582-41fa-90c8-b4706c9b7152,0.0,-904.0967421329017,-904.0967421329017
3cb5ac7f-8b31-466c-b0bc-d0e2d21b3743,0.0,-14243.693612367513,-14243.693612367513
634460f5-db1f-4972-ab1d-7f172b4e3771,0.0,-144.36706019878383,-144.36706019878383
bcbaacd9-9998-4869-aa10-20bd03e7e302,0.0,-2580.999278383255,-2580.999278383255
8ce8dbb8-1682-491c-bd22-455fffefabed,0.0,3319.4238460808992,3319.4238460808992
0b027513-2ff1-42ab-8ef9-1cb516fdf9e2,0.0,-731.0934878122807,-731.0934878122807
5a1930fd-1996-4d0a-9ed9-0d19ba207782,0.0,-6703.479882714152,-6703.479882714152
0f8ec7d0-0b2d-44d4-b25c-078569f851d6,0.0,-3974.0996382948756,-3974.0996382948756
ef9951b1-7a6c-450b-bbcd-eef377be520d,0.0,-14250.304086489978,-14250.304086489978
0c4b7e60-6471-4878-8427-41a1d870b191,0.0,-2784.0356681209805,-2784.0356681209805
6cceb62f-8756-4950-b2b5-d1b7d5c37732,0.0,-118887.81638683795,-118887.81638683795
5907b372-3a5d-405c-aa94-39c29e98a818,0.0,-587.0913303041458,-587.0913303041458
7abb8580-30ba-4048-9163-15c58fb2db08,0.0,-27516.195442482232,-27516.195442482232
ed48f8cd-4735-4d85-b60b-85072796882c,0.0,-1331.3862912464142,-1331.3862912464142
e34ce1d2-292b-4df1-ab43-40c276ed9f5f,0.0,-1139829.5343080284,-1139829.5343080284
2bac8fae-a740-4825-969d-e0fef687de43,0.0,-2639.6372892731433,-2639.6372892731433
a4486049-d389-401a-8b2a-6258f1bd3b8c,0.0,-8201.033214817495,-8201.033214817495
19a47e6f-9d45-4880-85df-a0f0f097fbce,0.0,-26061.53662353813,-26061.53662353813
248914c4-1320-47d9-80d9-3e4dc1d646bc,0.0,2489.2395126533506,2489.2395126533506
977a7906-7c85-47f6-b2cf-0ab6a44036b7,0.0,-10773.3472453174,-10773.3472453174
6b948c7f-c7f1-4c4a-b17d-df514cdd979b,0.0,-1656.435061638654,-1656.435061638654
8f26459d-4da4-4c12-b2a1-56cb3f2559b4,0.0,-437937.3842796642,-437937.3842796642
deb56545-2fd1-4202-8de7-19d6176c2334,0.0,-1088.0889892785249,-1088.0889892785249
7547da59-a90f-4ec0-a18f-ed5cf2566db9,0.0,-668555.3093863666,-668555.3093863666
3a6caab8-d953-4d2c-9b89-3a21dace194a,0.0,-129354.89591406452,-129354.89591406452
0de0f700-7d48-476e-8ed8-a5fcf171cc64,0.0,-44.6404830044507,-44.6404830044507
4504a897-bbdb-46c5-932b-e6109adcd825,0.0,-4454.503166178465,-4454.503166178465
49710577-6bbe-4555-86af-e50a24d1885e,0.0,784.9148850995308,784.9148850995308
97e1b61e-d139-4c30-a4c4-e148ad0d071e,0.0,-4449.852829434871,-4449.852829434871
330a6c85-d0a4-4d46-8b82-3cb27561986c,0.0,-6656.576065365079,-6656.576065365079
2c8778f4-d3ef-4ff9-b912-0be449f47db8,0.0,-11965.088467417063,-11965.088467417063
93ab3b0e-8488-41d9-b83c-d16abbaf0726,0.0,-6716.83232676506,-6716.83232676506
b90f9e58-ee9f-4e91-8cb4-01516b5bd6ab,0.0,-168.78267905473714,-168.78267905473714
5dda62d7-3341-4f03-8880-8f9803e9956f,0.0,-37782.77147574097,-37782.77147574097
4f160514-405a-42f8-801b-5188d65b9d33,0.0,-4247.266678247453,-4247.266678247453
d3f048e7-3d2b-445f-a9c9-1b82e873f13d,0.0,-234844.6987816976,-234844.6987816976
87ba1744-bdf3-483f-b6f1-081067b387c6,0.0,-1635.13101213105,-1635.13101213105
e75a0627-c4c4-4070-a2a0-b1a11ed566dd,0.0,-26958.54276597678,-26958.54276597678
65f37cba-0cd7-40e0-a52c-72160c6a4bd8,0.0,-5143.84120508492,-5143.84120508492
224f4fe1-cb84-4926-88bf-3159ff28f320,0.0,-2766.7121771460775,-2766.7121771460775
f083de1d-fd0a-4022-adda-0a5daa130b8f,0.0,-5268.778746355774,-5268.778746355774
8a5f3928-6c0b-4021-bce4-5e4c035c9f00,0.0,-9307.036912859678,-9307.036912859678
fce1f270-ed5c-4ae7-9b52-a3dd8995bb68,0.0,-5300.546053466796,-5300.546053466796
24a890c7-8ed0-4717-a68f-f8989dd296a5,0.0,-7076.260159979536,-7076.260159979536
912ea556-a99d-4ad8-91fe-d61bf0d70f9c,0.0,-13944.452811077834,-13944.452811077834
4fb146a1-70fb-46d4-9817-ce2e27926608,0.0,-3914.1235767561193,-3914.1235767561193
03fdd890-2ce8-4873-8d02-0d753838576e,0.0,-11996.713685750958,-11996.713685750958
910f83aa-3716-4a3a-a343-9751938f1610,0.0,-22257.21711444825,-22257.21711444825
075ebc03-d363-4391-972a-6c2165281f64,0.0,-7241.40506827712,-7241.40506827712
fcc9fe9d-7f59-4538-8ff1-c6c192508364,0.0,-3763.671719322353,-3763.671719322353
34e25de9-9cd4-4af5-9856-b6097d865cb6,0.0,-4871.977381043435,-4871.977381043435
ad4dece4-d4d3-4732-9db7-1272b36946b7,0.0,-1193.5437538290023,-1193.5437538290023
02996e88-f315-4cf7-ae88-d4dde67f33b7,0.0,-21430.39537643433,-21430.39537643433
a13be1bc-1289-457d-9d59-1316bb585a56,0.0,-1264134.1280990685,-1264134.1280990685
fa86b4a3-44ab-4bcb-88fe-46e4a451e100,0.0,-14279.720512860118,-14279.720512860118
65a828a4-07fa-4735-bdca-bdad0c2078dc,0.0,-2679.5449203962085,-2679.5449203962085
885c06cd-2f78-47d2-9a7a-092cf29e2d55,0.0,-615198.5184097699,-615198.5184097699
0d9dd5f8-acab-4059-8181-4f76f9603a41,0.0,961.224714429377,961.224714429377
9cfad44c-cbce-439f-8324-e6d7da578609,0.0,-2233.8523148554573,-2233.8523148554573
029729c8-69e6-4f50-a94d-c9bb2a514d92,0.0,-6893.172703703045,-6893.172703703045
c9f19b41-8752-401e-b054-12f9d14cdeb7,0.0,-34076.06127255439,-34076.06127255439
89ab357a-4bbf-477a-aaee-60c3aa659168,0.0,-60529.147440033565,-60529.147440033565
a65906d8-751f-4245-b7d2-33cc1637a407,0.0,-10283.892350701093,-10283.892350701093
4231a6ea-08d9-4316-a510-3a8e7734d3ce,0.0,-710.557567204833,-710.557567204833
d6033be6-200d-4ca1-a084-3275c155db66,0.0,-5769.55273709625,-5769.55273709625
de5ae23a-7bc6-46b7-9dd1-bbd280221ce8,0.0,85.11646631479279,85.11646631479279
257cb0e1-5031-4b67-9967-52ad1ac9486a,0.0,-18978.485532303603,-18978.485532303603
5e722a02-4402-40ec-ab37-dc869ca84938,0.0002002120018005371,-5278.24346113205,-5278.243661344051
704d3aff-265e-4d20-9e07-3817646ecc6e,0.0,-2591.1738617120686,-2591.1738617120686
73580a84-530a-4960-88d0-318c771c45c9,0.0,-200134.64962834015,-200134.64962834015
e3b8d5ec-34c5-4393-b847-bd767ee9f81e,0.0,-130817.7101171106,-130817.7101171106
031772d7-1210-42f4-ae76-60b4df0777ab,0.0,-14128.172865710556,-14128.172865710556
f95f4390-0112-4bf0-a6f8-e4a44ff59daa,0.0,-26289.233355992288,-26289.233355992288
648c39b7-4c8c-4dcc-9be7-c3e4fd69b5de,0.0,-920.5036140892281,-920.5036140892281
7f2ab4bc-1e1c-4001-874e-deb5b1c69788,0.0,-2926.0782917428023,-2926.0782917428023
7ebc1c8a-e5bb-41af-b8c3-5d64b8331218,0.0,-6165.813375020028,-6165.813375020028
ed830c0a-497c-4472-bfc2-601244c07771,0.0,-73.33006400644774,-73.33006400644774
5d9e892f-4507-4dc5-96f2-3371339b9d9e,0.0,-1438.9277284955979,-1438.9277284955979
45a441d6-69f2-4794-9247-d52be6955c47,0.0,-4998.2793004529185,-4998.2793004529185
0711da6d-8da7-471a-a5bb-1fd8c06061e4,0.0,-3653.2509037607906,-3653.2509037607906
d8311fc5-f97b-490b-9dc9-7e3ae38341da,0.0,-2729.570625667572,-2729.570625667572
2c1aa774-1534-4ea2-8b6d-3b8f5f6fa0b2,0.0,-10456.758180969357,-10456.758180969357
47ff8a75-3519-446d-8628-092ab79b640f,0.0,-6086.438549134135,-6086.438549134135
2e74922d-4b99-4bc4-9668-5fa47c8d90d5,0.0,-2575.5103218767044,-2575.5103218767044
f132415a-7a6d-434f-8ded-06e9d1d80baa,0.0,-557181.1247703922,-557181.1247703922
acefbcfa-556a-47a3-96ec-df50be153b33,0.0,-1194.973839908242,-1194.973839908242
46f8eacc-712f-401f-88e2-27867b3de96b,0.0,-269.4444957232477,-269.4444957232477
df382adb-108b-4e26-b9ac-cde43306da4a,0.0,-1952.4643845051519,-1952.4643845051519
483b1cda-f977-4b8f-ab50-07d762dbaa69,0.0,-20495.538806637676,-20495.538806637676
5b74e76a-5211-4eeb-a58b-b952ef4dad05,0.0,-2352.7551094859846,-2352.7551094859846
0bd83140-a80d-4a56-954f-ca87c8403f9d,0.0,-1878.1192545232173,-1878.1192545232173
3af5cdc2-6656-4443-aca9-4d052358b7fb,0.0,-21810.98142043382,-21810.98142043382
