AccountID,Difference,Highest Amount,Lowest Amount
ec5f06dc-4601-48f7-9f98-5e1cab7fef30,0.0,-712.3899999999999,-712.3899999999999
5b74e76a-5211-4eeb-a58b-b952ef4dad05,0.0,-6011.900000000001,-6011.900000000001
75c5de1e-ea8e-4292-bbdd-208619c52bf9,0.0,-5759.4400000000005,-5759.4400000000005
d0e8786d-0722-4201-b92b-98971320da47,0.0,0.0,0.0
5c9a8148-80f7-4f50-a743-e5aa862df2f6,0.0,-27907.489999999998,-27907.489999999998
ef6c06ee-8674-4267-8c69-f0671308c180,0.0,-3556.21,-3556.21
16448,0.0,402.1400000000001,402.1400000000001
e520d0a6-a1d7-468a-9d5b-3e554dafe615,0.0,-5569.8,-5569.8
de5ae23a-7bc6-46b7-9dd1-bbd280221ce8,0.0,0.0,0.0
37a4fd57-0597-4e55-bd80-30b98e0a213a,0.0,0.0,0.0
42f9221c-4768-4a06-86b5-fca66c9df450,0.0,-1272.39,-1272.39
ae6b8404-cbae-4fc0-8e3e-674dd22ddf16,0.0,-352.85,-352.85
db48cc76-5b96-45bd-89b6-3156b074d255,0.0,-2400.17,-2400.17
154aa72f-d25a-4d11-acfc-bd2d79b780e8,0.0,-10801.47,-10801.47
4b6d8ae8-a990-4b23-ace4-172d17eb6a28,0.0,3396.9999999999995,3396.9999999999995
82a5f1a3-7ae3-40dd-a00b-22edde9a8313,0.0,0.0,0.0
f5b8a677-f3ca-4d65-a1c1-10e0b2050217,0.0,4511.39,4511.39
6c23b7c6-7e43-4350-b335-27026cfdba22,0.0,0.0,0.0
9c2d46b2-a6b5-4fe8-9226-30ad8d04cb6f,0.0,-112174.34,-112174.34
9685a3a5-8229-4e49-afeb-229fdd7c8856,0.0,-1908.19,-1908.19
5a1930fd-1996-4d0a-9ed9-0d19ba207782,0.0,-5933.75,-5933.75
4e21e99b-cd3f-4d39-8e53-80c8e0246385,0.0,0.0,0.0
a0f59288-e4d6-4286-b881-1b2dffb4a919,0.0,-3460.12,-3460.12
248a86c3-cb96-45b7-afd2-88067322313d,0.0,-2045.5799999999997,-2045.5799999999997
a48a1884-0253-4790-910d-0b9c18089494,0.0,-2100.87,-2100.87
8c419033-e828-4c0e-9a54-d9084ddb87fb,0.0,-405937.78,-405937.78
6f84d3b0-3bd9-4528-912f-641dd92e6474,0.0,-71074.11,-71074.11
2a912134-30d4-4caf-b8de-a6a1fce01641,0.0,-11816.58,-11816.58
4ce39bf7-a353-4d67-91fe-11c2ba66d7ef,0.0,2427.1799999999994,2427.1799999999994
420a5bf2-2163-43c2-b34b-d84069841843,0.0,-7862.44,-7862.44
16414,0.0,0.0,0.0
3801dabe-a68f-4951-9c63-a472d846a21f,0.0,-12684.539999999999,-12684.539999999999
046ef4a5-3dd9-487d-b4a1-10601842836c,0.0,0.0,0.0
9a4a60fa-075b-451a-81f4-7fd886f91965,0.0,-2073.41,-2073.41
f1a3f024-a7b5-4577-9792-70976b2bd628,0.0,-3604.800000000001,-3604.800000000001
b398f850-a27e-49e3-8cb6-f350432095d8,0.0,-3789.58,-3789.58
86c33b22-1e16-409e-a7ac-389dc2b6a37d,0.0,857.03,857.03
16443,0.0,-48700.15,-48700.15
bac55f9f-4207-4de6-9f5c-ad982b89301b,0.0,-2895.96,-2895.96
605d8f74-8fae-49a6-8232-10df13b23965,0.0,-2483.08,-2483.08
b0d5a082-5bdf-4181-936e-27695cd0389e,0.0,5293.66,5293.66
f45067ff-7b90-4308-9f0f-d59f468607a4,0.0,-2451.3399999999997,-2451.3399999999997
16409,0.0,0.0,0.0
d9bc0fc9-8b67-47df-bf5c-041adbfa73c7,0.0,-20623.510000000002,-20623.510000000002
7395998c-f7a0-47c4-b1fe-e1e2e268f793,0.0,0.78,0.78
2081376f-518f-42a2-8979-b2423d062652,0.0,0.0,0.0
a54aa6f3-78db-4139-aff8-785b41d7ea13,0.0,0.0,0.0
9247e531-5b00-4833-afe6-49af94548494,0.0,0.0,0.0
3acd58f6-527b-45c6-aa44-31893897db77,0.0,-5101.7,-5101.7
16458,0.0,-898.31,-898.31
c35149f9-ce0f-43cd-b809-42365cb2d1fd,0.0,5496.549999999999,5496.549999999999
a82e315c-10ee-4603-b51c-242888036423,0.0,2091.9000000000005,2091.9000000000005
799b83e5-247c-421c-84f7-74a11cf35fc7,0.0,-70562.71,-70562.71
16457,0.0,-1372.63,-1372.63
1b7b5b96-7f49-4397-ab1a-95aeaad12780,0.0,6636.95,6636.95
9f6c3338-92a5-4c89-b416-b1ec71250f26,0.0,420.18000000000006,420.18000000000006
16455,0.0,-14291.37,-14291.37
72dcc65b-268f-4b10-8d29-3f1bc4112384,0.0,-2606.5,-2606.5
24a890c7-8ed0-4717-a68f-f8989dd296a5,0.0,-7678.41,-7678.41
d3886a65-04e5-4575-b798-7e217cd7d3c6,0.0,-7157.040000000001,-7157.040000000001
009f96bd-aca1-4f13-8507-425aa2ebae12,0.0,1464.78,1464.78
39d675da-f21d-424f-8340-6611eb3ab437,0.0,3751.1800000000003,3751.1800000000003
d6e38a7f-5cec-4bf4-8851-75a9662d96ae,0.0,-1072.96,-1072.96
0003a5ae-0c77-4372-b44d-882ef9874a28,0.0,2032.22,2032.22
b7cebbed-7016-4c5b-a033-a15873b28639,0.0,-209.18999999999994,-209.18999999999994
97e91e31-ff49-4714-99a5-8f09cdd13a67,0.0,782.3600000000002,782.3600000000002
7a3428e5-434f-4599-9d57-0ab19d1bb4be,0.0,969.36,969.36
b07bad35-f748-4af7-8089-f5c5a3fb5056,0.0,1725.06,1725.06
4c15eaf5-4b2c-41cd-b6b4-429dffa6365b,0.0,-767.2,-767.2
b4412420-2436-42d7-b139-ad44858284dc,0.0,1310.38,1310.38
77303cad-e32f-4568-9482-552625c1bf54,0.0,-47592.78,-47592.78
bb1082d7-b3ba-4f07-bc40-7e9936c75b1e,0.0,0.0,0.0
ff93a2df-d916-4a1d-beb6-9e163322f70d,0.0,-1640.0499999999997,-1640.0499999999997
5e9b429a-79a2-4deb-9377-9f3187c3e194,0.0,0.0,0.0
cf57875c-430d-444a-be07-abde3c8eafab,0.0,-1349.19,-1349.19
65d11c4a-e389-4ce3-81ee-9900a4f3c639,0.0,199.76,199.76
108b52c2-fee3-44cb-90ff-f505ef1bf644,0.0,-350.53,-350.53
bbffef0a-9431-4b7a-9824-a1271dbc5b7f,0.0,-114327.13,-114327.13
7a6a6cde-6586-4f4d-97e6-ff371d7bd426,0.0,0.0,0.0
0bd83140-a80d-4a56-954f-ca87c8403f9d,0.0,1595.0100000000002,1595.0100000000002
2b3d5832-3278-480c-8c0a-027be44d693d,0.0,1528.7800000000002,1528.7800000000002
4900f284-3f95-4464-b2e0-0b9a156aa054,0.0,0.0,0.0
7459cd82-c1f0-4580-858d-6f507f51da5a,0.0,-481.0,-481.0
16422,0.0,0.0,0.0
505ec7c9-44b3-4ef3-8678-b64fc4a01e16,0.0,255.57999999999993,255.57999999999993
258e8d14-da6a-4e30-b024-d2eaa9a0c686,0.0,-1002.93,-1002.93
bb7f2ee2-996c-4e21-866c-05f4ce0ec545,0.0,-23682.59,-23682.59
743b329e-361b-4dbb-82a5-2a8573f6ce45,0.0,-779.79,-779.79
1c74e692-be81-499e-b7e0-3b2398ac2697,0.0,0.0,0.0
71e2ef3e-5975-46a8-9ce4-01eb8eae5c00,0.0,0.0,0.0
029729c8-69e6-4f50-a94d-c9bb2a514d92,0.0,-556.64,-556.64
b58a892c-da69-4241-8d26-9ae4cc1c4816,0.0,878.11,878.11
12bc2cb3-3e59-4472-b053-4dd33acd2ae0,0.0,-3275.14,-3275.14
5f4ff4ef-63b7-41ea-8871-2d4516bf5125,0.0,-1329.02,-1329.02
29042ffc-e45d-4fe9-984f-8f8a74e550c2,0.0,-3505.15,-3505.15
0dcd6c37-ea7e-4dfa-80f3-ffc922bc75e9,0.0,0.0,0.0
28180512-082e-4f14-bc12-d66cd9c22417,0.0,0.0,0.0
02996e88-f315-4cf7-ae88-d4dde67f33b7,0.0,-2266.04,-2266.04
925ae278-4c75-4d7e-999f-eb611e06eb87,0.0,-4477.990000000001,-4477.990000000001
643bf604-79aa-40d6-876b-bd5033624082,0.0,489.4899999999998,489.4899999999998
690181b1-cfae-4d68-bd5e-26c525dd7440,0.0,-2475.0,-2475.0
20bc42e4-0e97-4068-a2e8-bb0e6743f63e,0.0,-322.58000000000004,-322.58000000000004
248914c4-1320-47d9-80d9-3e4dc1d646bc,0.0,0.0,0.0
16274,0.0,-185305.37,-185305.37
b379c432-3313-4967-94c5-3a4129d8d9fd,0.0,-4058.84,-4058.84
16427,0.0,51.289999999999964,51.289999999999964
16269,0.0,1622.3200000000002,1622.3200000000002
28e39ff6-8ea6-43f3-ba9f-20fe7b03aed2,0.0,0.0,0.0
3542ae16-55ca-4b13-a2ad-4eb215f23f5f,0.0,-2215.9300000000003,-2215.9300000000003
c29abef9-d8be-4b37-bb84-f1344496cc33,0.0,0.0,0.0
1ac8dcf9-fbc0-4aac-b426-250e535b9dc0,0.0,187.43,187.43
16444,0.0,-13064.24,-13064.24
4231a6ea-08d9-4316-a510-3a8e7734d3ce,0.0,-373.61,-373.61
1bd930ef-8d95-490b-8244-593fffa76943,0.0,-40408.31,-40408.31
84a7c0a0-c8d7-4dc3-b276-fd2f067f8314,0.0,-2786.12,-2786.12
99ff6036-a7a6-4023-9191-3da6b296867d,0.0,-484126.03,-484126.03
c0f4ee3d-afa3-40b7-b73b-0e540001419c,0.0,0.0,0.0
16461,0.0,-70043.7,-70043.7
9b1abd09-fb10-4eca-96ea-bb249009511a,0.0,-3130.38,-3130.38
2e74922d-4b99-4bc4-9668-5fa47c8d90d5,0.0,0.0,0.0
bf474d4d-4bcd-4d81-a6c8-a6f12857036b,0.0,640.3100000000004,640.3100000000004
4447902f-bf3c-4ea7-a3a6-0314dc8fa8f5,0.0,0.0,0.0
b7d38942-c991-4eff-844a-642762e28813,0.0,2594.7,2594.7
c3beeaa8-87ce-455d-9482-e01679b9d1eb,0.0,1493.08,1493.08
3e46fa21-527b-4672-ab87-56b974738554,0.0,-2563.71,-2563.71
b96be476-c22f-4d68-bc38-9e79a322c67c,0.0,-39339.53,-39339.53
532aae42-83bf-43fb-addb-a07c4af4e56c,0.0,-4700.73,-4700.73
5806a549-8753-48d9-ab45-9188151639d2,0.0,-1028.78,-1028.78
949ef193-4a38-4479-9db2-3651beccb584,0.0,-1079.84,-1079.84
11c898d8-5e48-4415-9a15-0a4774a65756,0.0,-1047.23,-1047.23
368453c5-a1c4-4d21-b2af-323209f7f90e,0.0,-1298.1,-1298.1
f132415a-7a6d-434f-8ded-06e9d1d80baa,0.0,-102818.33,-102818.33
9a9c68ac-ee8e-4dca-8d06-7971b54f5212,0.0,-1273.6,-1273.6
64abef13-12e6-4e74-bf5a-b0cb3a223ad9,0.0,-2666.18,-2666.18
b1517c9a-9b0c-46b7-b506-49c1da05c8f7,0.0,0.0,0.0
ab1506d9-a069-496b-ada8-c040f4586454,0.0,277.42,277.42
ece21bfd-8543-4922-9987-02aabf85d23f,0.0,476.94000000000005,476.94000000000005
6b948c7f-c7f1-4c4a-b17d-df514cdd979b,0.0,15221.960000000001,15221.960000000001
335ceb87-d791-4b85-87b8-9ad609c6d30b,0.0,0.0,0.0
06e1c218-e56d-4280-b7e4-36fdbabbd563,0.0,-84265.84,-84265.84
3a347178-0e37-4ae8-a230-f74ff6f5a6a0,0.0,-1078.44,-1078.44
65b99a9b-8184-4773-b11f-22f2fc6f4a3d,0.0,4109.12,4109.12
4b68f0c8-3b8b-4eb9-b2b5-208a874ef27d,0.0,0.0,0.0
8bacc438-5861-4835-ab6b-b9a8a33e222e,0.0,-1354.66,-1354.66
7d089145-7527-495d-b2e7-254ed829d188,0.0,-255.01,-255.01
fb5c3028-07dc-42ce-bf3e-00782c91f595,0.0,-521.75,-521.75
17f16911-4247-4728-a435-f4bf2f48e27b,0.0,-12282.78,-12282.78
16430,0.0,-1110.74,-1110.74
1af87696-68cc-417c-a050-718cedc31cf1,0.0,-1221.12,-1221.12
d23df84c-e768-4c55-a021-9f72fa398eb6,0.0,-10.53,-10.53
bc4239be-164e-49f6-b207-564e9483f825,0.0,-3789.74,-3789.74
b0f82d53-42ac-409e-bb42-5bc0c4902a38,0.0,-410.33000000000004,-410.33000000000004
16453,0.0,-1251.97,-1251.97
9201d207-6a15-4aa6-b240-4c622f360bd3,0.0,-6387.200000000001,-6387.200000000001
b8a249a6-272f-43af-a957-4c6310be038c,0.0,0.0,0.0
acefbcfa-556a-47a3-96ec-df50be153b33,0.0,1339.72,1339.72
ef467def-c278-49f1-a075-61e761552fa2,0.0,-8950.78,-8950.78
8643605e-6f56-4cc1-bfe6-f7d218350224,0.0,-576.3299999999999,-576.3299999999999
262b92ae-3591-4623-b887-1c84e7b4f5fe,0.0,0.0,0.0
3c296219-f392-4439-9005-38cdff0824c7,0.0,0.0,0.0
d75b538b-eca9-4ad8-bae5-cb4000d3f840,0.0,6413.97,6413.97
1cd879ba-c9d4-4964-9ace-d35cc8360923,0.0,-47401.83,-47401.83
33862ef4-cb08-4453-a641-29ad7c4e5a32,0.0,0.0,0.0
e34ce1d2-292b-4df1-ab43-40c276ed9f5f,0.0,-411413.32,-411413.32
16447,0.0,937.48,937.48
16c1c689-a0f3-4629-8338-e615c30914bf,0.0,-158.55,-158.55
75e8c103-ff60-404e-b2ec-20fd39e62f1d,0.0,-827.0799999999999,-827.0799999999999
b90f9e58-ee9f-4e91-8cb4-01516b5bd6ab,0.0,0.0,0.0
885c06cd-2f78-47d2-9a7a-092cf29e2d55,0.0,-167250.61000000002,-167250.61000000002
b10f16c6-637a-4054-83e2-6f488dd448de,0.0,1588.4099999999999,1588.4099999999999
9bbe944f-8fb6-4be7-bbe6-093fd240556c,0.0,0.0,0.0
e10a56ec-bc75-4080-97e1-fb2ccde82216,0.0,-78892.96,-78892.96
5f0e8121-59ae-4c7c-a094-e8f4ed0d23f5,0.0,3113.67,3113.67
a7b05a99-9fad-4ebd-b652-1b7608e27767,0.0,1664.41,1664.41
79a2068d-7665-410a-9cb7-f3b78ab7e1d4,0.0,-29447.56,-29447.56
84e9504c-0b3e-43ae-87f1-cd6eb9f4efce,0.0,-4395.0199999999995,-4395.0199999999995
a9ed81c3-becb-4678-bf97-fc818437e705,0.0,-2048.91,-2048.91
34f9de21-4240-4196-b2f7-08193f97ec52,0.0,-746.7,-746.7
8833b1ed-a200-41ae-b3a0-6b27c0c4160d,0.0,0.0,0.0
16277,0.0,-44944.5,-44944.5
14e3be1d-9262-41eb-a14e-dd825bbb44e8,0.0,-25713.96,-25713.96
bcbaacd9-9998-4869-aa10-20bd03e7e302,0.0,0.0,0.0
2bac8fae-a740-4825-969d-e0fef687de43,0.0,-5093.47,-5093.47
a2bb1ed0-d79b-4bc2-8f36-4eee09eee336,0.0,-10220.44,-10220.44
f0cf3e64-2e2d-4954-8971-f88662bb8c6e,0.0,2229.21,2229.21
3a6caab8-d953-4d2c-9b89-3a21dace194a,0.0,-4363.380000000001,-4363.380000000001
cbbb07b6-0e1a-4608-9740-bf2adbd95d0f,0.0,-5411.530000000001,-5411.530000000001
fff7f00c-c869-4310-b705-4503538f5ecf,0.0,-713.59,-713.59
616860cb-ac9d-434d-8574-925db1ac1ea1,0.0,412.18000000000006,412.18000000000006
a01188e5-dc6e-4953-9fd3-30086e8a61d3,0.0,-123.00999999999999,-123.00999999999999
912ea556-a99d-4ad8-91fe-d61bf0d70f9c,0.0,-2231.64,-2231.64
4bf4a2a6-d20f-487c-906d-319a0f451315,0.0,7707.429999999999,7707.429999999999
483b1cda-f977-4b8f-ab50-07d762dbaa69,0.0,-1885.2699999999998,-1885.2699999999998
648c39b7-4c8c-4dcc-9be7-c3e4fd69b5de,0.0,0.0,0.0
16420,0.0,1406.8,1406.8
1accb4ee-69df-46be-8862-663f020270d9,0.0,3164.8399999999997,3164.8399999999997
7fc8a141-21dd-4c9b-acce-a2478c8d8f1a,0.0,-3644.8999999999996,-3644.8999999999996
ec13c062-938e-4a72-8715-e7ea1e426f28,0.0,5667.0,5667.0
579c8f19-fb6c-4841-953e-9da937d36682,0.0,-2754.74,-2754.74
8c0dff51-e66c-4641-ba71-a92fce9e6751,0.0,-1145.4099999999999,-1145.4099999999999
42d5d53f-f020-4a42-b290-340c2357a52a,0.0,347.65,347.65
45a441d6-69f2-4794-9247-d52be6955c47,0.0,0.0,0.0
16454,0.0,0.0,0.0
dba26c7b-7cf9-4bd9-bbeb-672bc8771e33,0.0,401.53,401.53
58e29f83-897c-462e-ae79-b9a67895dbce,0.0,947.78,947.78
4fa320bd-6477-4ed1-9d53-d594d883ee47,0.0,6847.75,6847.75
853fe11e-99a8-4e92-ab71-cf5659c208d4,0.0,1655.58,1655.58
6d990843-e957-4d5d-8c33-85a8026a07d0,0.0,-14457.95,-14457.95
028cae70-9b6a-4b94-9eb5-b05c9a8e85fe,0.0,1641.64,1641.64
e3224f97-0eb1-4f42-963e-87bb423bdab7,0.0,-2147.8,-2147.8
87f69993-f2ee-4df2-98a0-a6617780edd7,0.0,0.0,0.0
08ea2f1f-1243-46cb-bd4a-4e42a4b58145,0.0,12617.009999999998,12617.009999999998
ad61feaf-da3e-4d51-867d-bce9bac107ae,0.0,617.08,617.08
809515a3-5912-44e9-a55f-bf81f8f9991d,0.0,0.0,0.0
253483a0-dd0c-4cd2-b0bf-44ec82d38e51,0.0,-856.1899999999999,-856.1899999999999
8cf60b19-d17b-4996-a901-11e1f1ac18ff,0.0,392.25,392.25
7f2ab4bc-1e1c-4001-874e-deb5b1c69788,0.0,-2419.8199999999997,-2419.8199999999997
a13be1bc-1289-457d-9d59-1316bb585a56,0.0,-400149.73,-400149.73
a1f147ed-6fce-4276-8375-4dde6e5e9017,0.0,0.0,0.0
c8496fd4-f735-4c19-b0f5-c8cb809cef90,0.0,-390.8,-390.8
f06f6fe6-0051-45b8-9f2d-97bffa1179b9,0.0,0.0,0.0
93b8ef16-1a00-4d2b-84c9-6f5ecac24d1b,0.0,-74.94,-74.94
3fd1f615-fdac-4b63-b75a-335f4f6c4b68,0.0,2810.65,2810.65
093c2487-a68d-4d94-8f38-eb7b05a801ea,0.0,-395217.79,-395217.79
7cc0df2c-c08d-4473-8266-5eee25145b65,0.0,-4133.22,-4133.22
a9d403e8-846e-4eca-a0d7-2fd359731d59,0.0,2818.79,2818.79
4f160514-405a-42f8-801b-5188d65b9d33,0.0,-965.32,-965.32
d9dbf7e0-d281-401d-8d39-783636f74fe8,0.0,-3510.33,-3510.33
239f0be0-bce4-40e1-9a0f-ead10ee1bc82,0.0,0.0,0.0
4c72dfd3-844b-460e-ae12-d1cff145fc69,0.0,-106496.86,-106496.86
80e99759-ca1b-46d5-ad00-5fc8e4d00f56,0.0,0.0,0.0
04ed1e29-b692-495a-b083-082cf8811d5d,0.0,-40.85,-40.85
d3f048e7-3d2b-445f-a9c9-1b82e873f13d,0.0,-41225.61,-41225.61
2c0f6759-5828-4f02-9753-eeb2267f5bde,0.0,0.0,0.0
b50b6c28-3ae0-47b9-b140-884da6f1ba87,0.0,0.0,0.0
6826baec-aba4-47af-a5cc-0a04d9104a1d,0.0,-11482.21,-11482.21
039e3173-3844-46a6-98ff-90c3203d49a0,0.0,2652.3099999999995,2652.3099999999995
251bb71b-cf7f-43a5-9fca-8853ad4f252d,0.0,-5978.030000000001,-5978.030000000001
a57080e8-bd8b-4a4e-91fc-5e3d1a38530b,0.0,3882.96,3882.96
6af3eaf3-c610-4a76-baf2-bd0fd1574e28,0.0,-1332.3600000000001,-1332.3600000000001
53711c78-7293-4304-b82c-3fa1587d093f,0.0,-294.94,-294.94
5b5ce87d-4f3e-4a80-b809-dee53d47e4fb,0.0,-5952.780000000001,-5952.780000000001
93ab3b0e-8488-41d9-b83c-d16abbaf0726,0.0,-2668.71,-2668.71
88069fa5-1e97-4cdd-922a-fc7445ca713c,0.0,-4216.82,-4216.82
68f875ee-01e6-45ac-ae4e-cceab935f1f8,0.0,-14340.91,-14340.91
26f0db8d-9eb0-4bc2-b217-3daf9c1abef8,0.0,1823.15,1823.15
df539a88-770c-46e0-a988-5420f57e2fbf,0.0,-40007.43,-40007.43
de1028b2-9d02-4920-b32f-f94e497f9315,0.0,1531.99,1531.99
1582d967-579c-4406-ab13-7a687fd083fd,0.0,2717.23,2717.23
16438,0.0,1007.4100000000001,1007.4100000000001
ea802ec1-df27-4862-b874-445a454bd7ae,0.0,7934.570000000001,7934.570000000001
204854f5-c4e5-4eee-92ed-f2ff134a8e83,0.0,-273.42,-273.42
138d61f1-aa4a-4a05-81df-fcc216774e71,0.0,-98518.39,-98518.39
d3cfd119-8562-4318-9eee-98b9cc1c775c,0.0,0.0,0.0
c8841c28-f420-457f-b871-43a4f1c35454,0.0,-54.32,-54.32
eae20329-2c7f-4aed-8d1e-4e834599b89b,0.0,-11496.57,-11496.57
0734342c-6b9a-42f8-834c-08a98d60e98c,0.0,-6731.660000000001,-6731.660000000001
e8ebaf0f-ea95-46a1-ae7d-9d00d68960c9,0.0,-5126.280000000001,-5126.280000000001
4fb146a1-70fb-46d4-9817-ce2e27926608,0.0,0.0,0.0
fa86b4a3-44ab-4bcb-88fe-46e4a451e100,0.0,-4227.8,-4227.8
5907b372-3a5d-405c-aa94-39c29e98a818,0.0,700.41,700.41
beeb8910-f471-40bf-b94e-ad80ea380dba,0.0,-3.28,-3.28
f576f6e5-d38c-4ae9-b2b4-f44aee05d05f,0.0,396.69,396.69
2b03d199-ac18-4190-9f2b-22fff8205237,0.0,1440.77,1440.77
75e9d8ec-5b72-4cf4-842f-e0d5187cac1a,0.0,0.0,0.0
8432e6bc-235d-4ac2-b1c6-18fc20f82f43,0.0,-1493.72,-1493.72
71108cf5-fd51-4c8b-9df9-e8916b8b3243,0.0,923.6,923.6
dc7d0662-84d2-4095-8bb0-8cc25b277230,0.0,-5946.05,-5946.05
29da7c46-0bc6-4ad9-a729-ff8ac8e27568,0.0,0.0,0.0
5a5161ce-4e81-429d-8c60-468e1ced8df3,0.0,0.0,0.0
a10bd82a-3ce8-418f-a735-66dba388fb41,0.0,-630.37,-630.37
5494ad63-4540-438a-b43f-12b7dec828c9,0.0,-2684.58,-2684.58
fcc9fe9d-7f59-4538-8ff1-c6c192508364,0.0,-0.56,-0.56
d84ffbc0-6153-4a53-9528-20c4c708ba16,0.0,0.0,0.0
ed830c0a-497c-4472-bfc2-601244c07771,0.0,0.0,0.0
47dc4978-963b-4884-995c-5f3116ebf179,0.0,0.0,0.0
4a945bc0-7616-47cb-95dd-b51369dcb96a,0.0,-105047.63,-105047.63
dae6ef9b-1147-423a-a11c-9a3049c5f6db,0.0,36.14,36.14
16437,0.0,-234.05,-234.05
16459,0.0,-998.5799999999999,-998.5799999999999
16450,0.0,-1681.73,-1681.73
e10c28bb-83ee-414a-a7ae-1fd06d86c9c4,0.0,871.33,871.33
16405,0.0,719.34,719.34
73e60d90-a97c-49e0-9709-44e365d162c2,0.0,1270.53,1270.53
257cb0e1-5031-4b67-9967-52ad1ac9486a,0.0,-7847.31,-7847.31
4c71c0ac-6f9f-4cfd-9854-1447703bb215,0.0,-8590.54,-8590.54
ba6247ea-5560-4c55-a86b-1eb6a5470814,0.0,-4997.65,-4997.65
6ea0dcbc-76dc-4b7b-868a-5fcec95c668c,0.0,-2942.88,-2942.88
8d2f726b-adf9-4c8b-a6b8-cdf8a33ffa30,0.0,-6337.61,-6337.61
62da65da-2035-4896-8b59-8faf1e984867,0.0,182.89,182.89
66db2095-0258-45a0-9476-4976facfaf1d,0.0,-955.83,-955.83
54c4b5d0-f61e-4444-8c1e-3f4784df6aad,0.0,371.6700000000001,371.6700000000001
16451,0.0,848.5699999999999,848.5699999999999
8b119277-70f2-45ec-99da-be939bf6529d,0.0,-496.82,-496.82
fe64983e-cf1f-4b3e-a116-828c5eb95e53,0.0,0.0,0.0
fb9e9042-ec0b-4f2e-803e-eaa16ddd2401,0.0,-1973.48,-1973.48
16424,0.0,-628.88,-628.88
ee64480e-4c31-4c7c-9858-91cd2ae43e06,0.0,-245662.29,-245662.29
16418,0.0,253.84,253.84
ebd907e9-93a0-47f7-9c4d-ab7c7d8f6ad1,0.0,0.0,0.0
36303bb8-c95c-448d-a450-fa7981899637,0.0,-1023.87,-1023.87
f7a94aca-b7c8-4c3f-b456-a194e036a2ec,0.0,0.0,0.0
e9272f7c-52de-43b7-89cc-7a88e27ad0e5,0.0,-5421.43,-5421.43
500b79aa-1517-4886-ab9b-5b1b4bb1da0b,0.0,-6171.93,-6171.93
b9d88e2f-2e34-434d-a7b8-eae7937981d6,0.0,-1044.68,-1044.68
50ef28cd-bf82-46f1-8ed3-18a84da35890,0.0,-2793.35,-2793.35
059918e4-9021-4dc0-b1a8-d29bbae321f7,0.0,-1463.33,-1463.33
eb07b8ca-bee1-4707-b322-efcc73630dcd,0.0,-70104.0,-70104.0
1558b380-9de3-4582-b93f-68908a474f44,0.0,2657.74,2657.74
e168ba70-674f-42e7-b0ae-c3e63cfbd7f3,0.0,0.0,0.0
16280,0.0,-305.21000000000015,-305.21000000000015
36b3453d-05e8-4047-b272-e7a52f7281a7,0.0,-1897.8400000000001,-1897.8400000000001
6453a46f-be8b-4a6e-8dc1-c42a7510d7a9,0.0,0.0,0.0
7773e91e-eb18-48b5-89cc-1da8dac00d70,0.0,0.0,0.0
703b6494-3f65-40e0-a144-95f9120517e0,0.0,2523.55,2523.55
c9df399e-c2c4-4ee2-850e-e8cb30902131,0.0,-3287.17,-3287.17
8fc9a774-049e-4539-93e3-8c7e2ad0d3a7,0.0,-8014.92,-8014.92
314f76d5-2890-48c5-8e4a-080e414ede83,0.0,10617.41,10617.41
e2eb8368-3fa8-4667-838a-d83c649e72c1,0.0,-331223.19,-331223.19
87ba1744-bdf3-483f-b6f1-081067b387c6,0.0,526.66,526.66
7ca24f08-5081-4e62-b0da-fdb43eabc977,0.0,-10.16,-10.16
80b894e5-5330-4dd4-9e3a-276c4883ab62,0.0,-1269.81,-1269.81
201e1a94-46e6-41f9-bc65-e6c8f615a182,0.0,-197.45,-197.45
d66dfd63-29ec-43d2-a5d9-f47b65e8f145,0.0,-7120.23,-7120.23
a399ad5c-c225-4d38-8bc0-acf537a5203b,0.0,2067.35,2067.35
82e19ff9-172d-476c-8a8d-b873733bd3c9,0.0,-4653.95,-4653.95
16445,0.0,-1666.86,-1666.86
c5f574a9-2c5c-4f64-b4f5-ef7b3e21a33d,0.0,-10147.15,-10147.15
4ac225bb-3e8a-4978-bff7-53ccf6d6ad2b,0.0,3448.84,3448.84
9f699136-7d2c-4ded-b943-61dc5a24a19f,0.0,-1690.68,-1690.68
16407,0.0,0.0,0.0
d6d1134a-094d-4a01-90aa-87af7c5e0195,0.0,1005.99,1005.99
6faa6320-b5af-48b4-a991-095d5530151a,0.0,-3510.44,-3510.44
977a7906-7c85-47f6-b2cf-0ab6a44036b7,0.0,-10111.36,-10111.36
16279,0.0,4643.810000000005,4643.810000000005
7de1199d-a868-467d-a996-71e869c4ce53,0.0,-11.44,-11.44
9375a61e-0e8d-405f-9b1f-71b803795970,0.0,0.0,0.0
4dd1fd90-3a09-4d99-82be-e8cc75e99533,0.0,-33735.740000000005,-33735.740000000005
82f4d558-9f6c-43c0-9e26-9ec9d82c9783,0.0,-102027.11,-102027.11
a9a8fb74-cab9-46f4-b6be-27279b366cd8,0.0,-7479.03,-7479.03
f0a16dd2-8865-40f1-af8b-39411fdafbaf,0.0,-10544.82,-10544.82
0711da6d-8da7-471a-a5bb-1fd8c06061e4,0.0,-1414.59,-1414.59
f443efe5-5cf5-4f18-a119-854f7b06cf76,0.0,0.0,0.0
f070c848-d05d-48f7-a627-2378811a7c2b,0.0,-4740.83,-4740.83
d8311fc5-f97b-490b-9dc9-7e3ae38341da,0.0,-353.06,-353.06
b327a118-ede5-47d6-86d8-a152ff76bcc7,0.0,520.34,520.34
ca5010ce-1b7c-4219-8e1d-ab0336834576,0.0,0.0,0.0
16441,0.0,-745.82,-745.82
8da19592-9715-4cb6-b3a3-f27e33c8647d,0.0,-1950.71,-1950.71
0e0998fe-7e84-4c75-985d-d389bf26a2be,0.0,-147818.1,-147818.1
03fdd890-2ce8-4873-8d02-0d753838576e,0.0,80.26,80.26
34e25de9-9cd4-4af5-9856-b6097d865cb6,0.0,-6650.4400000000005,-6650.4400000000005
c4513e20-86c9-4ca7-b324-356bdc02572d,0.0,-8295.8,-8295.8
5f937544-a583-4199-bed2-94a2ffbe23d4,0.0,2383.52,2383.52
16273,0.0,-10844.18,-10844.18
8ce8dbb8-1682-491c-bd22-455fffefabed,0.0,2636.12,2636.12
57ea7f01-5d78-40a9-aec5-762a136b305c,0.0,643.89,643.89
9c7aa0c6-1053-4f16-88ea-a8daa215a05c,0.0,-343.63,-343.63
f8f6b318-5225-4c4e-9e85-db5288b11849,0.0,-2943.83,-2943.83
ed4a9714-0a9c-41ee-98ff-a80d7b0dc4a9,0.0,122.58,122.58
892bf3cc-bde9-427e-8df9-379506962075,0.0,0.0,0.0
47255e34-7fcb-457c-aee6-fe0b48bae3c7,0.0,4.57000000000005,4.57000000000005
ee46e566-e3e5-4088-898e-b84aae6c1591,0.0,-1523.16,-1523.16
a4486049-d389-401a-8b2a-6258f1bd3b8c,0.0,-1925.6599999999999,-1925.6599999999999
16413,0.0,0.0,0.0
ad30b0b3-c80d-4529-b96c-46bca626a090,0.0,-7524.3099999999995,-7524.3099999999995
25a9c99b-960c-4cd3-a7d8-f29b0370f595,0.0,-624.58,-624.58
54521dd1-abfc-4e6b-9ede-c90863035cef,0.0,-1814.28,-1814.28
56c95cb9-f2f0-43a7-b667-9fef915b3213,0.0,-306.84,-306.84
291e9077-7c91-430a-936d-2faf0876f8fe,0.0,-277954.93,-277954.93
7a7deb44-e94e-4eaa-af0c-75cd1bedfc1e,0.0,-1928.3,-1928.3
39b98dcd-a894-4b36-9479-caa6ef1cb15a,0.0,-2294.17,-2294.17
bd16c197-ed33-4a63-8de2-f64a4c880378,0.0,0.0,0.0
11e7438c-141d-4d2c-af07-4e967eea8854,0.0,-182825.74,-182825.74
03dd64c4-6b6a-4365-b1a6-5ade63d67dcd,0.0,-61.309999999999974,-61.309999999999974
eaccaa73-b149-48ae-a224-2f231f46432c,0.0,-38385.42,-38385.42
16406,0.0,0.0,0.0
953a9ed8-3f70-4cae-b841-86662a089c3f,0.0,-395038.36,-395038.36
8a23353b-1288-499b-b7c3-c245dbd0d487,0.0,-109411.3,-109411.3
bfbf55b0-788b-4360-ad05-513ee728e199,0.0,1686.1599999999999,1686.1599999999999
16402,0.0,-1883.0,-1883.0
b1a8e3ff-b811-4629-b37f-c303b4094e2c,0.0,-808.81,-808.81
a70c307e-b8cc-427e-b6bb-81de119f9ddb,0.0,0.0,0.0
7e8334c1-0da0-4993-a413-ea18202daae9,0.0,3402.5099999999998,3402.5099999999998
13d7958c-fcc6-488b-8d04-6e884281d702,0.0,-4644.53,-4644.53
9cfad44c-cbce-439f-8324-e6d7da578609,0.0,-989.5099999999998,-989.5099999999998
90b2db25-7ef7-4b5f-b256-d61ae1382983,0.0,0.0,0.0
5c4a23f4-af26-4603-8d95-dfb1a64ec3a4,0.0,-836.81,-836.81
e004c656-6ba3-4daa-b034-37491f872de2,0.0,-185.78,-185.78
14d67de8-228e-49eb-985a-20d2e9ce9cbc,0.0,-122313.98999999999,-122313.98999999999
4dab951a-6707-4d62-a41d-fdd4ac718a8b,0.0,998.16,998.16
c980b50e-d4d7-468b-9ca8-d3d4494bc041,0.0,-4831.5,-4831.5
4ee24ad0-965d-4bb6-9df6-4861c5464718,0.0,-111089.12,-111089.12
6cbfd1a9-41a4-4298-a4f9-0ec22c8c7f69,0.0,-312.2,-312.2
704d3aff-265e-4d20-9e07-3817646ecc6e,0.0,2700.97,2700.97
6cceb62f-8756-4950-b2b5-d1b7d5c37732,0.0,-3235.29,-3235.29
47c20e4b-66ca-48be-bc99-0407acb7dad8,0.0,-60537.19,-60537.19
2c1aa774-1534-4ea2-8b6d-3b8f5f6fa0b2,0.0,-4512.57,-4512.57
4d9a11d3-8f85-4923-8c22-875c1ef4b2d2,0.0,-1103.7099999999998,-1103.7099999999998
5d466bfa-1922-473a-9f7c-1ddc671f41c0,0.0,-1944.6399999999999,-1944.6399999999999
c4886893-3a39-417d-acc8-80810fca1e7e,0.0,192.91,192.91
64af251e-201d-413e-9d8e-9462e20ac3ee,0.0,0.0,0.0
46f8eacc-712f-401f-88e2-27867b3de96b,0.0,0.0,0.0
daeb3048-b789-41be-a43c-639fdef9514c,0.0,0.0,0.0
0ef82a07-1223-499d-be93-31f40c19f375,0.0,4049.75,4049.75
47ff8a75-3519-446d-8628-092ab79b640f,0.0,-754.05,-754.05
16e844ca-5bfe-4af2-824b-3cb45f1d91a6,0.0,-84170.44,-84170.44
196d06cf-e811-4aab-9649-ab6642551b9b,0.0,-38514.020000000004,-38514.020000000004
8b889168-cf1f-4633-8a02-2123ad7ac4d1,0.0,-45.92,-45.92
e4f3f6c4-79c5-4cba-87af-adb0cd36f53f,0.0,1489.6999999999996,1489.6999999999996
a7d4a40f-906b-41a6-b03e-22b6431e316c,0.0,-4168.78,-4168.78
7ec7b219-3dbe-4143-89f1-6b28dc422a8c,0.0,-937.54,-937.54
5ebd6820-eb51-402a-a10d-6f38cfe9f567,0.0,-4792.41,-4792.41
ee3fd212-9d24-460c-b5ce-062f3ee46bcf,0.0,0.0,0.0
1fd4d3bf-8ab4-40dc-a8e0-ef25373306bb,0.0,0.0,0.0
7eab31ae-9e1e-476e-a170-0096a0c0789e,0.0,421.96000000000004,421.96000000000004
3fbc9c73-8f31-4391-83fd-bb0161aaff53,0.0,-1733.94,-1733.94
16435,0.0,1532.1999999999998,1532.1999999999998
38dd4dfd-5d6e-42ba-9c1f-62727986dad7,0.0,-1759.66,-1759.66
0f8ec7d0-0b2d-44d4-b25c-078569f851d6,0.0,289.45,289.45
ef9951b1-7a6c-450b-bbcd-eef377be520d,0.0,-5107.42,-5107.42
2fb278a9-c2eb-4a9a-9e0c-ade7feb23ef1,0.0,-2330.36,-2330.36
f9f7e5bd-3eeb-4be1-94e9-119efd157717,0.0,2016.92,2016.92
14c1420f-c74a-4afe-bf22-cd6ab7cd12b4,0.0,0.0,0.0
4c46711f-30aa-4555-ba57-af80a2054e4d,0.0,-1878.3600000000001,-1878.3600000000001
788b890b-4533-4065-929d-21d7a94f2654,0.0,-1379.68,-1379.68
23c0903b-aa51-4d20-bdce-8d744457b97c,0.0,-1201.32,-1201.32
3e6d7420-1c88-4df5-81fc-fb4e84d8aa8d,0.0,9188.57,9188.57
79ccc4d9-3e1f-4c01-8774-2cef44bab78a,0.0,2770.77,2770.77
c9f19b41-8752-401e-b054-12f9d14cdeb7,0.0,-14855.569999999998,-14855.569999999998
d1503667-7dc3-43c6-a861-3ad0897876b7,0.0,-5179.59,-5179.59
99f48ac1-f7b7-4605-b5b7-3401cadb1387,0.0,-33538.20999999999,-33538.20999999999
73d19f30-bef7-44f1-a9b5-23d7713c9780,0.0,-1948.5100000000002,-1948.5100000000002
4ec4e547-c84a-4999-ba63-ec7577371215,0.0,0.0,0.0
41732494-175b-4314-a747-da19b094a979,0.0,-97218.46,-97218.46
632b938d-7f0f-49e6-b6c3-f1c08a2f8408,0.0,0.0,0.0
600431c8-2537-418d-8178-20cd359200e0,0.0,0.0,0.0
9017ca88-e286-46ab-9b79-1c7102f3c43f,0.0,-222.14,-222.14
464d17b9-2da0-4700-a5ea-ec789e7fd10d,0.0,0.0,0.0
a6ba1dd3-1410-483d-96e8-128fa6879d33,0.0,-1366.64,-1366.64
b4cbd3dd-bf2f-4694-ba48-ffd963187a5c,0.0,338.94000000000005,338.94000000000005
e873aead-0589-4fd0-bc92-b81ef46f9b39,0.0,-41401.159999999996,-41401.159999999996
1a1f9736-2637-42cd-8510-810e34a304df,0.0,1564.29,1564.29
2488e847-8eae-48dc-bc63-4edcc196d47e,0.0,0.0,0.0
8f13b0d7-654c-4600-ac2d-12f723f78381,0.0,-3246.01,-3246.01
1fbde4f7-45c8-48da-8936-5bb17e62c5a7,0.0,92.06,92.06
0d9dd5f8-acab-4059-8181-4f76f9603a41,0.0,0.0,0.0
929b0c27-4a85-4b3e-af1e-989d398834e3,0.0,1098.95,1098.95
ef7f347f-dc07-486f-bbb8-f827979cf298,0.0,-8153.0,-8153.0
d8dd63ae-7bfe-40f1-aa5a-356a27f78af9,0.0,-3254.15,-3254.15
fe42cf82-93a1-48e1-a284-1ca081cda132,0.0,0.0,0.0
34cc2cc4-7952-45e1-a086-41a453d66387,0.0,-5059.459999999999,-5059.459999999999
1c88f2ac-56b5-4e31-b040-9ade8b96115f,0.0,-15.53,-15.53
ab03d521-a5d6-4fc1-a551-dc3bc7bbb34b,0.0,-3045.52,-3045.52
732bfde3-7590-481d-b1bb-580514764285,0.0,-137441.67,-137441.67
0e431505-1a87-459f-b9e4-091464b8854a,0.0,-460.3899999999999,-460.3899999999999
df382adb-108b-4e26-b9ac-cde43306da4a,0.0,-545.44,-545.44
16411,0.0,-337.3,-337.3
5e1b8362-3878-4fdb-a9d3-e273ad35e7f0,0.0,-135662.41999999998,-135662.41999999998
7b7b1cd5-30b4-4302-82cf-b43e2899ed97,0.0,8512.85,8512.85
b17e0efb-7e15-4baa-8a85-3d2410d1db0a,0.0,-23382.489999999998,-23382.489999999998
5dda62d7-3341-4f03-8880-8f9803e9956f,0.0,1464.94,1464.94
73580a84-530a-4960-88d0-318c771c45c9,0.0,-67246.78,-67246.78
b6bef65b-3d18-4208-80cb-1007e06248d7,0.0,-1427.27,-1427.27
59059cb4-0709-49ae-875e-36288851bd89,0.0,4019.2300000000005,4019.2300000000005
0de0f700-7d48-476e-8ed8-a5fcf171cc64,0.0,0.0,0.0
637e3fcd-3d1d-485c-b67d-bdcfd027bc73,0.0,0.0,0.0
f2b1f7f6-88aa-4d6f-8a79-38abf55f6915,0.0,3270.51,3270.51
2e350836-e210-4f07-9346-f953514ac393,0.0,-132692.6,-132692.6
16268,0.0,-756525.3,-756525.3
ed63e0ef-ecf4-4df3-8c62-874b1a83b5b6,0.0,0.0,0.0
63de17b3-8e28-48ff-8489-2fb0059decfc,0.0,-178.98,-178.98
330a6c85-d0a4-4d46-8b82-3cb27561986c,0.0,-808.37,-808.37
9d6ce43a-58df-40d0-bc2e-72449463249d,0.0,0.0,0.0
bfa9cc4b-8a4c-4352-9045-201faf9608cf,0.0,-548.72,-548.72
15841abc-92b3-4723-b54d-ce1e5bfc1744,0.0,0.0,0.0
369abe6c-da7d-47c1-a2c1-1521bc9a3b16,0.0,5471.84,5471.84
19bdb0e0-fb03-4ee4-a68c-f96085eb54e1,0.0,0.0,0.0
600ea91e-d360-4347-a0f3-7f40ba9a8275,0.0,2751.6699999999996,2751.6699999999996
16462,0.0,-37389.17,-37389.17
2f2b3f80-038d-42a8-89c1-d8dac760b25a,0.0,0.0,0.0
224f4fe1-cb84-4926-88bf-3159ff28f320,0.0,0.0,0.0
89ab357a-4bbf-477a-aaee-60c3aa659168,0.0,-18349.05,-18349.05
85f00a30-0935-4add-bf9d-8228274020de,0.0,3248.73,3248.73
0ac4871e-0198-447c-a7f8-1066125fc174,0.0,-404600.33,-404600.33
f086eef4-8cbd-4cf4-9419-ced531095b91,0.0,-1495.0,-1495.0
34ae079c-e17d-47c4-950a-861f79553a38,0.0,0.0,0.0
e75a0627-c4c4-4070-a2a0-b1a11ed566dd,0.0,-39036.54,-39036.54
42bbec89-106f-450f-828b-c19b95cead84,0.0,-3882.65,-3882.65
7139ca78-e5f7-4085-b42b-cbb0689ca3f4,0.0,642.6700000000001,642.6700000000001
5415656f-c5b6-4ac6-b28e-5531786075cc,0.0,0.0,0.0
f120ca87-1a3e-4f3d-8678-b1cf106d090a,0.0,-3001.4000000000005,-3001.4000000000005
d57c9a79-4942-40e2-997f-c9b6837fb7c7,0.0,9237.86,9237.86
b4967187-24c0-421c-a064-23fded4d9df5,0.0,0.0,0.0
61c3faa3-156a-411d-a94b-20fd597c877a,0.0,-119656.4,-119656.4
997ef1f2-371c-4607-8758-54ff96ac6e02,0.0,-7738.02,-7738.02
83b2c595-39eb-4b0e-ba30-1a5d14bf9a8f,0.0,-948.79,-948.79
b5c14783-bcaa-44bd-82b7-b240c7f65f9e,0.0,-57536.33,-57536.33
d1f25a78-91c7-4760-a983-0bde24ef1787,0.0,-3117.78,-3117.78
e4beced8-0e9e-4254-92b5-4b503b800581,0.0,-7204.32,-7204.32
3af5cdc2-6656-4443-aca9-4d052358b7fb,0.0,-5475.07,-5475.07
f0fe6305-8c20-4d72-8c4c-3522d28bd252,0.0,-1352.64,-1352.64
13db8e91-25f6-48db-9df6-974a3b920945,0.0,-28305.289999999997,-28305.289999999997
64619d89-79d1-4320-ab20-ff5102ac56f1,0.0,-473.75,-473.75
16416,0.0,0.0,0.0
177534b8-6182-4c33-a2a7-90c1e83e4102,0.0,5446.41,5446.41
4af89769-7860-4421-9bc0-091db1bf6a20,0.0,-13309.55,-13309.55
1e414971-00f0-445d-bbd2-79c1ca529815,0.0,-39106.85,-39106.85
3b89f909-e814-4147-a3e5-4d80b89ef1de,0.0,0.0,0.0
863e46c4-6cdc-44dc-a950-f6d42d70ee85,0.0,476.8199999999998,476.8199999999998
ea356d52-ad48-4efc-b75e-765b02b046f8,0.0,-270.2,-270.2
b6d01fbd-660d-4549-8e5a-5f31efdb89cb,0.0,-171032.73,-171032.73
1cbe19c8-a5de-41a7-a52d-f38a7eef4995,0.0,0.0,0.0
907a2b73-e7c4-45bc-8a31-862dc6829851,0.0,-7459.110000000001,-7459.110000000001
f083de1d-fd0a-4022-adda-0a5daa130b8f,0.0,-4788.15,-4788.15
e75887fd-09ce-41c5-8a69-2aaee202ccbf,0.0,-315.49999999999966,-315.49999999999966
38e35232-6848-41ed-9a10-8715528d534a,0.0,-1897.37,-1897.37
634460f5-db1f-4972-ab1d-7f172b4e3771,0.0,0.0,0.0
70907c46-c3be-4ceb-a5e9-4deb8b5eb755,0.0,0.0,0.0
c95dc9a3-5d04-45f4-b915-09f1c3d0ba1c,0.0,-2869.0,-2869.0
8aac1065-e8a4-4359-b7ae-1c65363f6ff6,0.0,-9248.52,-9248.52
646d78c4-d428-4162-86c0-cc7c6de8f08c,0.0,-8010.139999999999,-8010.139999999999
16434,0.0,1202.48,1202.48
e573677a-1c64-4d5d-a3f1-35cee3c866ec,0.0,-10313.59,-10313.59
73d1fa2c-e08c-4e39-9ec7-b3dfdf7d16e2,0.0,-131383.1,-131383.1
c5d46478-c043-4ee1-b9ae-c2ed7a7db7f4,0.0,-45.78,-45.78
2846c3f5-08a2-4683-b9e5-cf800a931ddc,0.0,-73782.39,-73782.39
b69d52ff-fea8-4093-88b9-e1cad4f8ee4a,0.0,-21357.129999999997,-21357.129999999997
7a8f6ba8-432d-43a3-aa24-864c30024341,0.0,0.0,0.0
16417,0.0,0.0,0.0
88032ec8-8c67-474d-94a0-bc9856be9643,0.0,-43564.850000000006,-43564.850000000006
82a91940-8baf-41c4-841c-035d30e5fa95,0.0,-4448.84,-4448.84
8fd23f0b-ef3c-483a-ad2b-5aace0ce3ac9,0.0,-9672.09,-9672.09
ef6acb75-7071-4b56-846d-408bcbb92743,0.0,-1024.93,-1024.93
befdf3e4-5b2c-49d3-8f53-550e2f234d9c,0.0,-14275.53,-14275.53
910f83aa-3716-4a3a-a343-9751938f1610,0.0,-3370.6800000000003,-3370.6800000000003
88523c30-8fdc-493b-a0df-a733b50c9d2f,0.0,-2815.21,-2815.21
703f718c-79ac-42e9-a793-37e1795e7ef8,0.0,-2226.58,-2226.58
16412,0.0,-454.74,-454.74
365b8053-fe42-4214-b78d-012a2280ac31,0.0,0.0,0.0
c574bf11-f6e1-46d6-8a82-f966998c89e7,0.0,0.0,0.0
4639264a-54f4-4c5a-aa5d-88b444bd7a20,0.0,5701.87,5701.87
43aaf6de-65e5-4d44-876d-c9bb99722e59,0.0,-1364.83,-1364.83
e4c14997-7738-4507-918d-977f64935ad4,0.0,-1231.9099999999999,-1231.9099999999999
16276,0.0,-34568.35,-34568.35
14b5c47e-53cc-4d57-ad18-0c9abf4afe36,0.0,-36897.619999999995,-36897.619999999995
06f6989e-54cb-4f40-bfda-c2da14a5ec3b,0.0,1499.9899999999998,1499.9899999999998
37cdf49c-82c3-47f6-993d-f1b62e9b59bc,0.0,6206.51,6206.51
2aaef9e1-6293-4f85-97cf-dc9ef8d6ae19,0.0,-7410.31,-7410.31
3869acaa-0ce2-4411-b467-9f01f0cb1c48,0.0,-4388.7,-4388.7
6ca62807-a73a-4b40-a47e-3ef9674f89b0,0.0,-2421.22,-2421.22
4b62a71b-9b6e-4f83-afba-fca514ee1972,0.0,-578.28,-578.28
b0e235ba-2552-4f7b-8a47-f6e3de0b7d11,0.0,-5533.21,-5533.21
30fe040d-3af0-42ae-94af-45e623e39a2d,0.0,-148306.19,-148306.19
f60e2a91-3e36-4d3c-851b-d7ccc50223c8,0.0,-147662.04,-147662.04
0c4b7e60-6471-4878-8427-41a1d870b191,0.0,0.0,0.0
7abb8580-30ba-4048-9163-15c58fb2db08,0.0,-2628.96,-2628.96
1524d54a-df32-4955-b3cc-847099c5202c,0.0,-251.77,-251.77
16449,0.0,-4200.25,-4200.25
6029f5e7-e776-418b-aebf-92ab88866879,0.0,-2048.66,-2048.66
1cfc34b7-f406-440e-b702-69dbdec37fa7,0.0,-6293.119999999998,-6293.119999999998
47a50cfa-f8ac-4421-9cd3-cd2e77806755,0.0,527.13,527.13
b0926892-ec8b-4ffd-b86e-d909fff85313,0.0,-2707.0,-2707.0
6522305c-7ca9-47b3-8917-7a90bbf13a44,0.0,-6897.54,-6897.54
0040d55b-4582-41fa-90c8-b4706c9b7152,0.0,-811.15,-811.15
654fec9a-7006-4808-8074-4cf2d259f962,0.0,2045.29,2045.29
0f242c34-a36a-45fa-be32-705846f1266f,0.0,0.0,0.0
29f5c5a3-dbad-449f-b015-8a6f9b275091,0.0,1101.9400000000005,1101.9400000000005
2a687f9a-e43f-4d1d-a391-a22e16fec1e5,0.0,-1815.62,-1815.62
2dbfa32f-a836-45cc-b383-cae52938e407,0.0,-4923.59,-4923.59
0a2c2b45-42bf-4a2e-8118-e7279e5589de,0.0,0.0,0.0
fce1f270-ed5c-4ae7-9b52-a3dd8995bb68,0.0,-812.82,-812.82
16c0e231-2dd6-42f6-908a-a668c98c9c21,0.0,625.42,625.42
2f8cea86-facd-40c4-935d-e9df39436c90,0.0,-950.99,-950.99
16401,0.0,0.0,0.0
e991898e-301f-4ccd-8794-851e1cc158df,0.0,-422328.16,-422328.16
2971bf3e-670d-4e90-b127-921b7dae0f24,0.0,367.3499999999999,367.3499999999999
d45b603d-e01c-4d13-8c12-d454e5be45a2,0.0,-1999.83,-1999.83
3a98e91c-b44d-4427-ba16-8b762379db5c,0.0,-3880.19,-3880.19
ba72a5e9-81c8-4933-9888-5619324bebe7,0.0,-11067.490000000002,-11067.490000000002
7949410b-6eb1-4d19-a499-d90504bba829,0.0,1928.82,1928.82
39707c72-9fc1-46f7-9f9e-a27ae57bab63,0.0,3851.7400000000002,3851.7400000000002
22d44841-18bd-4482-a333-6ed410071c64,0.0,1070.22,1070.22
dfb63784-48ca-4052-84e5-b40c2f8e864e,0.0,0.0,0.0
16452,0.0,-1622.1799999999998,-1622.1799999999998
138b5201-91ad-4e41-bc34-1f9b5a6a6921,0.0,0.0,0.0
7a7a3e34-033a-4041-8454-8b483cd909c2,0.0,520.8299999999999,520.8299999999999
16423,0.0,-518.12,-518.12
563a3432-4d61-493e-89e5-fb7f1d2e5e9b,0.0,-367.53,-367.53
daf2a47f-5599-447d-bf02-e78571c5b1c8,0.0,-15.89,-15.89
efb8bcab-7a10-45d9-b6b3-5a2f855e2c96,0.0,857.63,857.63
0a14e8ce-5ade-4d17-b7a5-d6477a03006d,0.0,0.0,0.0
08c81f95-46ee-4c88-a62c-b8d589337d58,0.0,-2182.11,-2182.11
03876788-f6c3-4b94-ada0-f4a4b0e6c444,0.0,-89348.23,-89348.23
6b014a04-ec5a-4e01-bc5a-5a7e4a36e835,0.0,-7061.78,-7061.78
f7e9d248-f96e-4d4c-88da-e8d9359392de,0.0,0.0,0.0
38c85335-f73b-4291-8b80-938ca0f0c791,0.0,-337.45,-337.45
38caa1ac-63ac-440c-87d0-d3de9bcf1011,0.0,-2857.91,-2857.91
2c8778f4-d3ef-4ff9-b912-0be449f47db8,0.0,1791.69,1791.69
27b2385c-e249-46c9-a031-db5e11b90061,0.0,-6881.57,-6881.57
e9ddc8cd-11a5-4b5f-9f16-9f0e49bf0d16,0.0,0.0,0.0
cedb1b8e-f761-4077-bb52-983d928bf786,0.0,-8410.27,-8410.27
d2b99e29-5566-4d6f-896f-2f0739ea4e91,0.0,-2692.54,-2692.54
dbe359df-af81-4583-a8cf-4c3dc6e8bae1,0.0,0.0,0.0
cebca2e7-9747-4d66-bb01-44c6e9118cbe,0.0,-409.37,-409.37
fe4c04ad-3268-4293-8446-e2b5ab9daabb,0.0,-730.5,-730.5
8cbf5242-29c7-4784-be98-1ad2c57f531d,0.0,-85494.13,-85494.13
3dba4442-9b7a-4435-8e7e-65452c530d3b,0.0,-161.28,-161.28
ef2152cc-15af-49b8-ab59-73e43337599a,0.0,0.0,0.0
beb5da93-7c73-48e8-b629-bd1d9d93e0c6,0.0,-719.22,-719.22
30f73f25-db97-4575-ae86-ddf3fe932507,0.0,484.2,484.2
fa02147d-6070-4454-845d-8b66cd977372,0.0,-976.1600000000001,-976.1600000000001
0b027513-2ff1-42ab-8ef9-1cb516fdf9e2,0.0,0.0,0.0
16429,0.0,12276.27,12276.27
4504a897-bbdb-46c5-932b-e6109adcd825,0.0,-3842.52,-3842.52
1511cf87-f3ce-4e3b-aaa9-314a7fc7cdf8,0.0,1150.59,1150.59
891bded9-75c7-469a-9f4f-c9a34839eca9,0.0,-5647.83,-5647.83
097d1afb-7f99-40ee-ba33-8fccda0a4d47,0.0,-4964.91,-4964.91
477c7fa0-e795-40ee-aada-edf39595dea7,0.0,-331.86,-331.86
075ebc03-d363-4391-972a-6c2165281f64,0.0,1863.04,1863.04
16428,0.0,907.74,907.74
365a4ea2-5bba-4ad9-a32e-348ea2aa7092,0.0,0.0,0.0
419c9806-6c07-4752-917a-ba6c12a4a0c7,0.0,3167.05,3167.05
ea8b4d51-4794-4cd6-87b6-a0994be7a791,0.0,6990.99,6990.99
2609a296-3e8b-4f1c-a94f-c5e489e0a645,0.0,-7261.58,-7261.58
8f26459d-4da4-4c12-b2a1-56cb3f2559b4,0.0,-65489.54,-65489.54
5ffc25d1-97f4-4eb2-b31e-8e1a5cb39aa8,0.0,-4205.83,-4205.83
8cc384f3-5e7a-4421-867f-bd55ce404114,0.0,0.0,0.0
d977bbdc-3c87-4f8c-924e-f0e80237e474,0.0,0.0,0.0
820bc83e-0c9b-4f3a-ae15-7423927453fd,0.0,-7698.5,-7698.5
a63ed277-57d2-439e-9df4-797942fad526,0.0,5594.01,5594.01
e69adfd3-4f4f-4d6d-badb-fae401c498af,0.0,-24.5,-24.5
02d044ad-9384-4099-b623-004965e0de44,0.0,-225.12000000000012,-225.12000000000012
f390aee1-710d-47b5-8c0c-379e63d2a6ec,0.0,2521.06,2521.06
e7723aa5-1224-45d6-aa68-4de3a81c0604,0.0,-2955.26,-2955.26
5f7f5bd9-d396-47e0-a12e-cbf46ad9185d,0.0,-321.58000000000004,-321.58000000000004
c50e3f81-848c-47a3-a6b4-cc35dd973dfe,0.0,-343.69,-343.69
09ddadf2-3973-4c64-b35c-6541c5976a59,0.0,0.0,0.0
04d192f6-2a5d-49db-9221-c8c95b09655f,0.0,2226.55,2226.55
8c915c1f-86cf-4712-ad8d-c1c6fd6db49d,0.0,8.79,8.79
cd142ef7-3325-4ec6-8b8b-16254954db1f,0.0,6797.03,6797.03
3afbe300-7a5b-470c-a6d3-190df7eeb1cd,0.0,1580.32,1580.32
a6601897-81d1-4efa-a259-9a074b901963,0.0,0.0,0.0
9ebf84b2-1516-4144-8afe-4240953a6938,0.0,946.56,946.56
5ca61733-cb93-4111-b6ad-362ded0f7e3e,0.0,0.0,0.0
8dc38be5-de67-430b-a7d9-cf9b81379951,0.0,0.0,0.0
bac50a33-c712-4c39-8c9e-9ead5d04f64f,0.0,-2265.97,-2265.97
4a262aff-7eec-41b9-99e0-213141e938a7,0.0,-136715.58,-136715.58
32e7e11e-0d59-4afe-b701-d496e86ff267,0.0,-8386.73,-8386.73
0a6729fb-4fe2-4987-921e-8ab6a6f289cb,0.0,-3732.4,-3732.4
16421,0.0,-1047.21,-1047.21
4561b856-b108-4984-a8ca-9513fdd0ffba,0.0,-1386.08,-1386.08
f1f11e26-f50b-4e90-9cdb-324e96cd199e,0.0,0.0,0.0
f95f4390-0112-4bf0-a6f8-e4a44ff59daa,0.0,-1091.7599999999998,-1091.7599999999998
8a5f3928-6c0b-4021-bce4-5e4c035c9f00,0.0,-6451.91,-6451.91
ec2bd31f-1caa-4a4c-aff7-3abe166835e9,0.0,-1831.55,-1831.55
63798331-704a-4630-86f9-da64cc42ad40,0.0,-165.44,-165.44
103213f5-d199-4d5f-a002-35058be2f1b3,0.0,-11658.59,-11658.59
16460,0.0,-1195.04,-1195.04
cc44dac1-372f-42d1-87e8-cbe75d9c7758,0.0,1346.79,1346.79
92937092-480e-4b7a-87ad-01898b28c9e0,0.0,-1842.36,-1842.36
89fc49b8-bea1-42d0-b397-ef00f184333f,0.0,-1727.1100000000001,-1727.1100000000001
0475fbc0-729a-4529-9222-59b4b27408fe,0.0,-9069.91,-9069.91
ad4dece4-d4d3-4732-9db7-1272b36946b7,0.0,-2550.5699999999997,-2550.5699999999997
d2dc3c91-6cec-401b-a5b7-0ca7f753a779,0.0,-117550.76,-117550.76
16432,0.0,931.8800000000001,931.8800000000001
16442,0.0,1341.59,1341.59
e0724ce4-6a77-441c-be30-384fe28b6ca5,0.0,47.11,47.11
4190cd47-6c10-434a-99b3-51ed9499ff1c,0.0,1033.71,1033.71
f511ebe8-aca6-408c-9c18-d3fce71e0851,0.0,5399.160000000001,5399.160000000001
16267,0.0,-405211.92,-405211.92
ad29c819-cfa7-4907-b3ce-772cb186fc38,0.0,-501814.76,-501814.76
3782700a-e8de-4215-8f86-75a6ce84a041,0.0,-1817.79,-1817.79
935507b6-f5da-47f7-8b15-cae3323e8ee9,0.0,0.0,0.0
89ad2f59-a149-4cf0-9181-db8f0c54ed27,0.0,-420.1600000000001,-420.1600000000001
16431,0.0,0.0,0.0
fa8fa2ac-d69e-4f59-87fa-2f587573c8f7,0.0,-40847.89,-40847.89
0e20234f-d6bb-4e81-bec0-f28f79195667,0.0,-200001.35,-200001.35
8fd73d1b-e8b8-4a92-83b0-f2aeb013d530,0.0,0.0,0.0
4dd49b46-7f64-4742-81d4-4992ed35d999,0.0,0.0,0.0
2060f364-f44a-4fdc-94fa-2bd428e4014e,0.0,-10453.27,-10453.27
16446,0.0,-3236.17,-3236.17
65a828a4-07fa-4735-bdca-bdad0c2078dc,0.0,0.0,0.0
783d3c3c-1ced-4e77-95db-23c3a28ecba9,0.0,0.0,0.0
054d69e4-4965-4efe-8c4c-d5fde37a5581,0.0,-9.37,-9.37
911b463d-d1f2-47a5-ad3b-165de9159e1e,0.0,3851.44,3851.44
ee6dc233-1f0c-4d94-bbfa-a927fd50bd7d,0.0,674.0299999999997,674.0299999999997
8cfe5551-fb84-41c1-bb40-6d73a2a81fdf,0.0,-112369.97,-112369.97
c0d5e0e1-0c04-4d7e-a9ef-570415449c0c,0.0,0.0,0.0
c2af4ae5-17c3-461f-befc-42cca83935fa,0.0,-35872.67,-35872.67
496da7c2-4c27-43e4-bfd2-574be6f09b8a,0.0,-223441.28,-223441.28
ee7ce4a7-cac1-4efc-9581-5f953c8ea435,0.0,-6573.13,-6573.13
f084d457-96e2-4224-95cc-5a0235329ff8,0.0,52.50999999999999,52.50999999999999
41a68452-aae6-4014-a689-1ac1a0cea417,0.0,-7890.46,-7890.46
befb2241-c6df-498e-83c9-2fb913bb807c,0.0,-369.0,-369.0
5081a02f-4565-4bd6-a53f-f3ea6acfaacc,0.0,2654.2799999999997,2654.2799999999997
16436,0.0,0.0,0.0
49710577-6bbe-4555-86af-e50a24d1885e,0.0,0.0,0.0
f5b42988-2e6c-4ace-bef6-7ee8891ebd09,0.0,2649.47,2649.47
49f91fce-526b-46fa-9ac0-8c80b6eae3c7,0.0,567.01,567.01
51e788f5-6015-429d-8897-f1faef147bd1,0.0,-9161.32,-9161.32
21d2ea3f-0445-4481-b26c-448e7cf0d11d,0.0,-12566.14,-12566.14
62ac9263-d81f-4904-9140-ecd7b92a9325,0.0,-11078.68,-11078.68
9ace1f5c-b778-48a8-ae82-1fcb83120e85,0.0,-625.88,-625.88
389d5112-f19a-421b-aaad-3315c06ea2f9,0.0,-5352.45,-5352.45
16278,0.0,-174977.75,-174977.75
6006eee3-05ff-42ac-81e4-177ae45399d8,0.0,-317105.84,-317105.84
7dd7bb46-bb98-483f-9aa0-85b408df0895,0.0,-222.11999999999998,-222.11999999999998
7b69c0a0-7fcb-4037-9986-ef102e354ee5,0.0,3361.34,3361.34
04592e1b-d2c3-45bb-97bc-cc52161579c8,0.0,0.0,0.0
24b71a39-49ad-4691-a974-ef469d6be183,0.0,-2731.87,-2731.87
19a47e6f-9d45-4880-85df-a0f0f097fbce,0.0,-13410.95,-13410.95
8b42f28f-2bce-49ce-91cc-f984569aba91,0.0,-120046.34,-120046.34
4b171653-23c9-4f55-924a-46e51bf11ee4,0.0,-164152.19999999998,-164152.19999999998
a8e447ac-20ec-4aab-b5b6-c89f58c68739,0.0,-78842.47,-78842.47
16415,0.0,0.0,0.0
65f37cba-0cd7-40e0-a52c-72160c6a4bd8,0.0,0.0,0.0
27c64d1c-7e03-4026-b215-10a5add4f3be,0.0,372.54,372.54
16408,0.0,-47503.94,-47503.94
32c46750-24ce-4997-b281-69485272210b,0.0,-3629.52,-3629.52
9ea90cd0-522a-4910-ae87-53cbf60dd401,0.0,811.97,811.97
b0d07f93-d499-44f6-80fe-1c3fcf6a65ac,0.0,-2102.43,-2102.43
bd079313-5218-4c95-95b9-2324ba9c8e1d,0.0,-993.41,-993.41
031772d7-1210-42f4-ae76-60b4df0777ab,0.0,-7243.33,-7243.33
8d9a12fc-4c88-4de3-aa82-19243f2b4049,0.0,-9.57,-9.57
803e6db9-8af0-484e-babf-e670af21597f,0.0,0.0,0.0
5e722a02-4402-40ec-ab37-dc869ca84938,0.0,-2109.19,-2109.19
28a377c2-20af-42af-8493-267a0282629b,0.0,0.0,0.0
981a3f2e-e63e-4abc-b03f-72273c02f6f1,0.0,6251.58,6251.58
e3b8d5ec-34c5-4393-b847-bd767ee9f81e,0.0,-9069.699999999999,-9069.699999999999
46624f41-5372-40ba-81cc-a94340ee3e46,0.0,-632.05,-632.05
8339fc7d-61c3-43bb-8ad5-8660b0bcb712,0.0,-386109.42,-386109.42
2c8d9d9e-f66e-45c7-b41e-d4d425847ff6,0.0,-396.95,-396.95
fe2921ef-df8f-4ec7-891b-6acdc093ec99,0.0,5301.62,5301.62
16275,0.0,257881.0,257881.0
16456,0.0,-11319.75,-11319.75
16425,0.0,-566.5,-566.5
303dfc2f-4791-495d-9d83-be5a95943083,0.0,0.0,0.0
79d9fdf9-fce1-4f64-87cc-0f04d7d872f0,0.0,-1145.08,-1145.08
97e1b61e-d139-4c30-a4c4-e148ad0d071e,0.0,-683.32,-683.32
02771edc-062f-44e3-8e25-7a13a526f768,0.0,0.0,0.0
717de7e9-007b-4dda-b194-bd8d7ea9f480,0.0,-1927.07,-1927.07
0e1b0049-8af0-4e4a-88ed-37c31e7188bc,0.0,-11502.74,-11502.74
16419,0.0,-678.48,-678.48
29b4ddbe-4eed-4490-befa-00addc4512de,0.0,0.0,0.0
ed48f8cd-4735-4d85-b60b-85072796882c,0.0,-1324.73,-1324.73
deb56545-2fd1-4202-8de7-19d6176c2334,0.0,0.0,0.0
c3901baf-7d14-45d3-addf-0d06799fcfe3,0.0,-4546.19,-4546.19
4d4770c0-f7e5-4037-bcd5-2b2829901a05,0.0,0.0,0.0
52fa60f0-cc48-4d49-9f33-e267013e4f86,0.0,4988.76,4988.76
65460b49-f83d-44c7-ba88-2872a7914563,0.0,-1847.22,-1847.22
5f1e89f2-6761-4af2-9f2d-01f13294fcb0,0.0,-2777.81,-2777.81
0c8432e7-b8d2-4188-88de-67f2936226aa,0.0,-3679.48,-3679.48
680f8c1b-17ac-4e3e-ab7b-a64e8e915b7f,0.0,37.97,37.97
57aaf843-7ecd-4432-b92d-8f1dce9ea7ea,0.0,-1437.6899999999998,-1437.6899999999998
bd5f2f5d-cccb-4039-b430-eb5f127e6e1a,0.0,0.0,0.0
cc11f54e-499f-44bb-b4b5-57025749a693,0.0,2993.57,2993.57
eb914441-4054-464e-bd33-e27a94a95c4f,0.0,2958.72,2958.72
9f35c35a-5327-4bc5-9768-ed380a5ed411,0.0,0.0,0.0
cbcffb78-314f-44a0-908d-9fb3532bb844,0.0,1045.09,1045.09
cc6a5e18-9106-4825-882b-8de0f55198ec,0.0,-2645.89,-2645.89
347f78c2-a5d2-48e1-b301-60e6b4a0f5a2,0.0,-200042.69,-200042.69
3d054d78-7f94-423a-824e-59e8338056b6,0.0,0.0,0.0
d994a8e3-00d1-4560-a25e-ba93583f96d4,0.0,-51855.03,-51855.03
11c745a8-a774-4655-a6ee-b0f3d9a3c850,0.0,-523.0000000000002,-523.0000000000002
0805fe2c-7591-4a24-be3e-04874566afc1,0.0,0.0,0.0
f3b76673-5421-4b0b-b18e-fc4fb5d2ef24,0.0,-4399.0599999999995,-4399.0599999999995
7547da59-a90f-4ec0-a18f-ed5cf2566db9,0.0,-163370.02,-163370.02
d6033be6-200d-4ca1-a084-3275c155db66,0.0,1536.96,1536.96
721240cf-0513-4f8c-a299-10e0c6d96238,0.0,-57672.51,-57672.51
ebfeef26-f458-47a9-bad0-331d53dc1bf5,0.0,-6254.82,-6254.82
3f69d1bf-2f5b-4a23-ae0a-37584c0efcb5,0.0,2075.25,2075.25
78bf4b9f-648f-4638-8e10-96da8e239a49,0.0,0.0,0.0
16440,0.0,-263.35,-263.35
caaa27d4-16b6-4c61-a894-51e4b2b1f1c1,0.0,779.52,779.52
c4f2c85f-d6b4-400c-a4dd-468358bcb208,0.0,-2014.27,-2014.27
3d9865bf-09e9-4412-89d0-1b3b783eb974,0.0,-2088.01,-2088.01
452f115b-400a-4f40-9a10-8d46294269bb,0.0,-78203.88,-78203.88
d7247b10-3b00-41b3-8c8e-23629b32bc87,0.0,1652.24,1652.24
5e48e5dd-bafc-4ab8-9bed-3dc19d4ba7f5,0.0,0.0,0.0
16426,0.0,-1160.0,-1160.0
7b78cfff-3a8b-4336-854f-bef02be86aac,0.0,-26706.28,-26706.28
ff5e8fef-8ea4-4f7a-a893-5a80e4117fc8,0.0,0.0,0.0
cb484940-596f-4183-8eee-25b1999c3aba,0.0,-3011.5699999999997,-3011.5699999999997
5d9e892f-4507-4dc5-96f2-3371339b9d9e,0.0,0.0,0.0
731b999e-aea5-42f5-9ca5-d89b42627d16,0.0,1014.3199999999999,1014.3199999999999
608a67d0-8359-403e-8883-c185053923ba,0.0,0.0,0.0
54487763-c23c-47da-a892-f1ea56779314,0.0,3053.62,3053.62
40b3ac9a-f6d6-41e9-abd8-200149deeacf,0.0,-1976.72,-1976.72
b14d2023-4953-4c39-ac02-e52c4b1abeb7,0.0,-1073.07,-1073.07
362f3d30-f33c-48ae-a94a-b70a6997080a,0.0,0.0,0.0
d31b3080-d61d-4199-804d-6b8e16dc18f4,0.0,-906.15,-906.15
5650543f-cde5-471a-ab49-28c256a8f56d,0.0,88.96,88.96
f729ad25-e543-4238-8d27-c29d94069de6,0.0,-2421.49,-2421.49
1b5deee5-7585-4711-9412-4c38594d15e2,0.0,-104.1,-104.1
46e6d4ce-20ef-4cb8-bc06-18257af0e91e,0.0,-9427.55,-9427.55
d4cc0802-2242-4c9b-aead-5669e55c6376,0.0,0.0,0.0
f17a9644-59c6-4ac3-a619-d4297647cd0f,0.0,0.0,0.0
458830ee-8e50-4d03-b9ef-469f67b5f128,0.0,-1188.0900000000001,-1188.0900000000001
26da7bb4-3955-45ef-9468-180faf23fb14,0.0,-2279.7,-2279.7
a62cc2b7-6745-4017-8e6f-e145068571c3,0.0,4066.32,4066.32
81d899e7-8481-4131-80d8-93916053860a,0.0,-1632.9,-1632.9
63b8dafb-cf5d-4ad8-997f-7e9ce1ca67ac,0.0,-2842.7399999999993,-2842.7399999999993
90188921-2e05-402b-a7f4-f8842b3b88e8,0.0,-19449.65,-19449.65
275895ec-9a7f-424f-afbe-76da7fdd6b22,0.0,-70.68,-70.68
4ff1bd68-bc60-4fd9-94db-f8e3b0953337,0.0,1290.35,1290.35
cfc7ea15-4060-4dc2-8c25-bb4197678c01,0.0,0.0,0.0
f125a03d-c364-4be5-adb9-4ca5155081a7,0.0,12340.71,12340.71
16433,0.0,0.0,0.0
a31e8c7f-c7e8-4ead-87ad-7171318a975f,0.0,0.0,0.0
16266,0.0,-182409.48,-182409.48
fa339661-cb78-422c-bc7f-38aac8d720c3,0.0,-13125.380000000001,-13125.380000000001
86041910-f71d-4288-bee3-15495a3e743e,0.0,-1537.65,-1537.65
16410,0.0,0.0,0.0
bbae91a4-be42-4e30-b9e8-f0b5fa4e9f21,0.0,1570.85,1570.85
485d97da-7c9c-4831-800e-82327e334c7e,0.0,-3373.0,-3373.0
513f49da-1dfc-4f81-8535-dc9751aed0ff,0.0,-7187.02,-7187.02
3b7c60c3-3811-47fa-b4bc-23e42a622bea,0.0,-1356.85,-1356.85
7f510f19-1764-4e5d-98e1-f04dc7323eea,0.0,0.0,0.0
adcdca49-2dfa-46f6-9951-f44959a43256,0.0,-6795.48,-6795.48
cc4d3eba-9b58-4b3c-a00a-0fa0c0374808,0.0,1643.9699999999998,1643.9699999999998
ebc5add8-2407-42c4-b6cb-4d21d1fbc5d7,0.0,-855.66,-855.66
09010ad7-6091-428f-b534-0ef0f47ad120,0.0,4743.29,4743.29
5fe2211e-7f88-41a6-a44a-0c8561d3ebf3,0.0,0.0,0.0
6405b322-9593-4811-a907-a16b14aa7c22,0.0,-3703.5,-3703.5
1dd292bb-7f33-4a02-9fb2-5fdaf23fa6d9,0.0,-5759.65,-5759.65
94a74160-282f-4f88-b1b8-92bdf1250edc,0.0,-170.7199999999998,-170.7199999999998
97f679d9-3435-4975-ae14-562363ef42b5,0.0,0.0,0.0
fc4b16fd-ff68-494e-95e2-578219437a28,0.0,-1901.05,-1901.05
265754d8-dff8-4d8c-a663-a913ecb071a9,0.0,-165822.05,-165822.05
1a3b2e0b-2040-43db-bf03-b62e6f02a9c4,0.0,-473.32,-473.32
78db5423-a74c-44ba-b1db-26f8b3e24014,0.0,-14840.94,-14840.94
0731f4f3-0994-4abe-bd0a-75202a1740fb,0.0,1102.94,1102.94
6c56d04a-1117-42e6-95e2-72822200e38d,0.0,-16982.22,-16982.22
b4d8df05-bba2-4419-9a7d-032b4ee80ac8,0.0,-1158.8400000000001,-1158.8400000000001
bb93fbc7-59e6-4708-bc9a-42225ba4573b,0.0,-78360.0,-78360.0
96f618bb-c835-4055-8734-4827ad0f2481,0.0,-6854.01,-6854.01
ebef5390-ad10-4025-955f-9299ba2a3377,0.0,-2345.2799999999997,-2345.2799999999997
e95e6c3e-3611-42a7-b150-3ee12ad5c4b7,0.0,0.0,0.0
c6a6528a-eb08-4d66-8b48-40706fa93ba1,0.0,-83.66,-83.66
2e583fc1-f00a-4e71-a41d-2cae1c9f1f29,0.0,-3870.1,-3870.1
9d2829c5-95cf-4b42-b7a5-4f1791f0c0b7,0.0,0.0,0.0
16403,0.0,0.0,0.0
19f0b674-b9ae-431f-a87a-538fa51f8c8e,0.0,2893.86,2893.86
14140acd-2e5b-444b-8f78-8a250a5e95a2,0.0,6369.3099999999995,6369.3099999999995
16464151-62fa-43ed-a59c-652ca4944232,0.0,0.0,0.0
76a56669-5360-4ce0-b8d9-68a372077bdb,0.0,-85306.22,-85306.22
8ac24c63-6bad-4c80-968b-882518958730,0.0,0.0,0.0
b2ac4b52-13e3-4382-9469-f8865a5dc3eb,0.0,-3602.38,-3602.38
a65906d8-751f-4245-b7d2-33cc1637a407,0.0,58.72999999999996,58.72999999999996
7ebc1c8a-e5bb-41af-b8c3-5d64b8331218,0.0,2962.0499999999997,2962.0499999999997
3cb5ac7f-8b31-466c-b0bc-d0e2d21b3743,0.0,-2898.6600000000003,-2898.6600000000003
f0ff162d-52e0-4dd9-b973-89bddf73c201,0.0,0.0,0.0
fb2bebce-2766-429c-80c4-6954ba7564c4,0.0,-618.5999999999999,-618.5999999999999
d0c043a3-224d-4f46-a24c-c7c9ab5be623,0.0,0.0,0.0
1186c2fd-7a00-4f21-956f-8c5a896d9111,0.0,-5131.9,-5131.9
dd5a2ca5-9432-407d-9355-9109361b0212,0.0,0.0,0.0
e553c8cf-3400-4305-9e23-54fb85a6700a,0.0,-520.8100000000001,-520.8100000000001
1a5f93c5-21ff-4929-bde0-e7d6587a48a9,0.0,0.0,0.0
c4325b8f-693c-4605-b685-360e36c31697,0.0,0.0,0.0
a8e43186-7f4e-486c-9645-9bac1e2dba21,0.0,0.0,0.0
a2c44597-5156-49b0-b0c8-c9570d9ef30b,0.0,3815.87,3815.87
6e4bd180-af29-4fa2-af76-1b1a888a6b78,0.0,-2968.65,-2968.65
50472786-7419-4b44-adbb-5ae6fc683f51,0.0,-4205.12,-4205.12
e7ca7e7a-930a-4987-8950-76f974616aa4,0.0,0.0,0.0
9aa8b8b7-5753-45c0-a39f-726bb97fd1e6,0.0,4569.4,4569.4
8e3ba761-0b13-4fb9-8832-51fb8050a760,0.0,0.0,0.0
37ae9858-3cde-4e00-b470-5d249c39b12b,0.0,5116.95,5116.95
5419a884-3ede-4cb1-861e-541dd4625aec,0.0,3500.9300000000003,3500.9300000000003
16439,0.0,-807.81,-807.81
5409bc31-9af2-4b89-9212-5cedc6583fb5,0.0,0.0,0.0
07102f17-392f-4e99-af61-ffdb6c3bbc77,0.0,-539.98,-539.98
