AccountID,Net Change over Forecast Period,Starting Amount,Ending Amount
f132415a-7a6d-434f-8ded-06e9d1d80baa,0.0,-2387297.84,-2387297.84
dc7d0662-84d2-4095-8bb0-8cc25b277230,0.0,-43679.75000000001,-43679.75000000001
84e9504c-0b3e-43ae-87f1-cd6eb9f4efce,0.0,-41619.69,-41619.69
0734342c-6b9a-42f8-834c-08a98d60e98c,0.0,-373427.13,-373427.13
a6ba1dd3-1410-483d-96e8-128fa6879d33,0.0,-20309.31,-20309.31
f390aee1-710d-47b5-8c0c-379e63d2a6ec,0.0,-2105.2400000000002,-2105.2400000000002
16452,0.0,-22857.12,-22857.12
16460,0.0,-20359.34,-20359.34
3cb5ac7f-8b31-466c-b0bc-d0e2d21b3743,0.0,-55091.700000000004,-55091.700000000004
cb484940-596f-4183-8eee-25b1999c3aba,0.0,-46663.840000000004,-46663.840000000004
1cfc34b7-f406-440e-b702-69dbdec37fa7,0.0,-880800.12,-880800.12
5f937544-a583-4199-bed2-94a2ffbe23d4,0.0,-29255.679999999997,-29255.679999999997
5f0e8121-59ae-4c7c-a094-e8f4ed0d23f5,0.0,-45094.26,-45094.26
389d5112-f19a-421b-aaad-3315c06ea2f9,0.0,-81249.5,-81249.5
f083de1d-fd0a-4022-adda-0a5daa130b8f,0.0,-43036.78,-43036.78
16267,0.0,-9354085.89,-9354085.89
5b5ce87d-4f3e-4a80-b809-dee53d47e4fb,0.0,-32556.93,-32556.93
bd5f2f5d-cccb-4039-b430-eb5f127e6e1a,0.0,-42675.25,-42675.25
5806a549-8753-48d9-ab45-9188151639d2,0.0,-28178.940000000002,-28178.940000000002
6c56d04a-1117-42e6-95e2-72822200e38d,0.0,-667112.34,-667112.34
eb914441-4054-464e-bd33-e27a94a95c4f,0.0,-21766.149999999998,-21766.149999999998
b6d01fbd-660d-4549-8e5a-5f31efdb89cb,0.0,-3119308.46,-3119308.46
63798331-704a-4630-86f9-da64cc42ad40,0.0,-6019.080000000001,-6019.080000000001
177534b8-6182-4c33-a2a7-90c1e83e4102,0.0,-17872.589999999997,-17872.589999999997
a54aa6f3-78db-4139-aff8-785b41d7ea13,0.0,-43035.13,-43035.13
b5c14783-bcaa-44bd-82b7-b240c7f65f9e,0.0,-2217525.19,-2217525.19
16273,0.0,-475125.76,-475125.76
1dd292bb-7f33-4a02-9fb2-5fdaf23fa6d9,0.0,-91553.43999999999,-91553.43999999999
63de17b3-8e28-48ff-8489-2fb0059decfc,0.0,2938.1,2938.1
8a23353b-1288-499b-b7c3-c245dbd0d487,0.0,-2159728.39,-2159728.39
93ab3b0e-8488-41d9-b83c-d16abbaf0726,0.0,-60528.29,-60528.29
b0e235ba-2552-4f7b-8a47-f6e3de0b7d11,0.0,-63508.7,-63508.7
732bfde3-7590-481d-b1bb-580514764285,0.0,-2958481.25,-2958481.25
54521dd1-abfc-4e6b-9ede-c90863035cef,0.0,-36683.22,-36683.22
73580a84-530a-4960-88d0-318c771c45c9,0.0,-1311355.32,-1311355.32
6826baec-aba4-47af-a5cc-0a04d9104a1d,0.0,-432240.52,-432240.52
24b71a39-49ad-4691-a974-ef469d6be183,0.0,-20741.289999999997,-20741.289999999997
8fc9a774-049e-4539-93e3-8c7e2ad0d3a7,0.0,-44359.22,-44359.22
910f83aa-3716-4a3a-a343-9751938f1610,0.0,-68716.53,-68716.53
c50e3f81-848c-47a3-a6b4-cc35dd973dfe,0.0,-16701.7,-16701.7
16427,0.0,-9423.74,-9423.74
03fdd890-2ce8-4873-8d02-0d753838576e,0.0,-25164.66,-25164.66
452f115b-400a-4f40-9a10-8d46294269bb,0.0,-1782397.65,-1782397.65
2fb278a9-c2eb-4a9a-9e0c-ade7feb23ef1,0.0,-30067.64,-30067.64
5650543f-cde5-471a-ab49-28c256a8f56d,0.0,-43842.97,-43842.97
16280,0.0,-154697.01,-154697.01
690181b1-cfae-4d68-bd5e-26c525dd7440,0.0,-22737.1,-22737.1
16429,0.0,-1552.7000000000007,-1552.7000000000007
16444,0.0,-33670.049999999996,-33670.049999999996
643bf604-79aa-40d6-876b-bd5033624082,0.0,-24802.850000000002,-24802.850000000002
39d675da-f21d-424f-8340-6611eb3ab437,0.0,-23968.230000000003,-23968.230000000003
5d466bfa-1922-473a-9f7c-1ddc671f41c0,0.0,-44830.71,-44830.71
2060f364-f44a-4fdc-94fa-2bd428e4014e,0.0,-36508.560000000005,-36508.560000000005
9ace1f5c-b778-48a8-ae82-1fcb83120e85,0.0,-11105.039999999997,-11105.039999999997
1524d54a-df32-4955-b3cc-847099c5202c,0.0,-31639.070000000003,-31639.070000000003
b1a8e3ff-b811-4629-b37f-c303b4094e2c,0.0,-25957.02,-25957.02
94a74160-282f-4f88-b1b8-92bdf1250edc,0.0,-29219.16,-29219.16
06f6989e-54cb-4f40-bfda-c2da14a5ec3b,0.0,-39674.68,-39674.68
9685a3a5-8229-4e49-afeb-229fdd7c8856,0.0,-34037.11,-34037.11
58e29f83-897c-462e-ae79-b9a67895dbce,0.0,6554.080000000003,6554.080000000003
420a5bf2-2163-43c2-b34b-d84069841843,0.0,-29704.589999999997,-29704.589999999997
16278,0.0,-2824410.62,-2824410.62
5081a02f-4565-4bd6-a53f-f3ea6acfaacc,0.0,-12295.120000000003,-12295.120000000003
9a9c68ac-ee8e-4dca-8d06-7971b54f5212,0.0,-29497.45,-29497.45
6f84d3b0-3bd9-4528-912f-641dd92e6474,0.0,-1142676.78,-1142676.78
2b3d5832-3278-480c-8c0a-027be44d693d,0.0,-30686.01,-30686.01
6b948c7f-c7f1-4c4a-b17d-df514cdd979b,0.0,-22323.480000000003,-22323.480000000003
1cd879ba-c9d4-4964-9ace-d35cc8360923,0.0,-1860038.68,-1860038.68
db48cc76-5b96-45bd-89b6-3156b074d255,0.0,-29647.730000000003,-29647.730000000003
6ea0dcbc-76dc-4b7b-868a-5fcec95c668c,0.0,-58496.96,-58496.96
8cf60b19-d17b-4996-a901-11e1f1ac18ff,0.0,-37220.77,-37220.77
953a9ed8-3f70-4cae-b841-86662a089c3f,0.0,-6956763.5,-6956763.5
7b78cfff-3a8b-4336-854f-bef02be86aac,0.0,-1380224.87,-1380224.87
e4c14997-7738-4507-918d-977f64935ad4,0.0,-19423.749999999996,-19423.749999999996
9aa8b8b7-5753-45c0-a39f-726bb97fd1e6,0.0,-36709.48,-36709.48
cf57875c-430d-444a-be07-abde3c8eafab,0.0,-19733.649999999998,-19733.649999999998
a82e315c-10ee-4603-b51c-242888036423,0.0,-2416.2299999999987,-2416.2299999999987
cc4d3eba-9b58-4b3c-a00a-0fa0c0374808,0.0,-27857.78,-27857.78
e520d0a6-a1d7-468a-9d5b-3e554dafe615,0.0,-45892.74,-45892.74
a8e447ac-20ec-4aab-b5b6-c89f58c68739,0.0,-2464700.71,-2464700.71
3afbe300-7a5b-470c-a6d3-190df7eeb1cd,0.0,-17217.949999999997,-17217.949999999997
b0d5a082-5bdf-4181-936e-27695cd0389e,0.0,-23206.090000000004,-23206.090000000004
f576f6e5-d38c-4ae9-b2b4-f44aee05d05f,0.0,-26803.949999999997,-26803.949999999997
16277,0.0,-1410166.47,-1410166.47
f0a16dd2-8865-40f1-af8b-39411fdafbaf,0.0,-152614.2,-152614.2
e873aead-0589-4fd0-bc92-b81ef46f9b39,0.0,-2000636.65,-2000636.65
7abb8580-30ba-4048-9163-15c58fb2db08,0.0,-66074.78,-66074.78
8339fc7d-61c3-43bb-8ad5-8660b0bcb712,0.0,-7573969.65,-7573969.65
06e1c218-e56d-4280-b7e4-36fdbabbd563,0.0,-932341.14,-932341.14
b96be476-c22f-4d68-bc38-9e79a322c67c,0.0,-1115911.2,-1115911.2
e2eb8368-3fa8-4667-838a-d83c649e72c1,0.0,-8844578.78,-8844578.78
1bd930ef-8d95-490b-8244-593fffa76943,0.0,-629472.28,-629472.28
37a4fd57-0597-4e55-bd80-30b98e0a213a,0.0,-35498.13,-35498.13
12bc2cb3-3e59-4472-b053-4dd33acd2ae0,0.0,-13380.76,-13380.76
d31b3080-d61d-4199-804d-6b8e16dc18f4,0.0,-79892.39,-79892.39
6af3eaf3-c610-4a76-baf2-bd0fd1574e28,0.0,-35301.58,-35301.58
6ca62807-a73a-4b40-a47e-3ef9674f89b0,0.0,-30280.109999999997,-30280.109999999997
59059cb4-0709-49ae-875e-36288851bd89,0.0,-33593.74,-33593.74
2a912134-30d4-4caf-b8de-a6a1fce01641,0.0,-665539.0499999999,-665539.0499999999
912ea556-a99d-4ad8-91fe-d61bf0d70f9c,0.0,-36847.33,-36847.33
f8f6b318-5225-4c4e-9e85-db5288b11849,0.0,-33453.72,-33453.72
7ca24f08-5081-4e62-b0da-fdb43eabc977,0.0,-4270.439999999999,-4270.439999999999
16450,0.0,-33270.19,-33270.19
24a890c7-8ed0-4717-a68f-f8989dd296a5,0.0,-36567.5,-36567.5
b4d8df05-bba2-4419-9a7d-032b4ee80ac8,0.0,-54701.07,-54701.07
16276,0.0,-946986.9700000001,-946986.9700000001
cc11f54e-499f-44bb-b4b5-57025749a693,0.0,-12830.440000000002,-12830.440000000002
f0fe6305-8c20-4d72-8c4c-3522d28bd252,0.0,-9491.38,-9491.38
1af87696-68cc-417c-a050-718cedc31cf1,0.0,-30666.95,-30666.95
f45067ff-7b90-4308-9f0f-d59f468607a4,0.0,-26085.53,-26085.53
14e3be1d-9262-41eb-a14e-dd825bbb44e8,0.0,-680445.35,-680445.35
16c1c689-a0f3-4629-8338-e615c30914bf,0.0,-27604.26,-27604.26
6405b322-9593-4811-a907-a16b14aa7c22,0.0,-59855.96000000001,-59855.96000000001
19a47e6f-9d45-4880-85df-a0f0f097fbce,0.0,-265169.17,-265169.17
4639264a-54f4-4c5a-aa5d-88b444bd7a20,0.0,7553.5599999999995,7553.5599999999995
e75887fd-09ce-41c5-8a69-2aaee202ccbf,0.0,-33901.990000000005,-33901.990000000005
5e1b8362-3878-4fdb-a9d3-e273ad35e7f0,0.0,-2908893.14,-2908893.14
204854f5-c4e5-4eee-92ed-f2ff134a8e83,0.0,-31944.11,-31944.11
16266,0.0,-2229703.19,-2229703.19
ef467def-c278-49f1-a075-61e761552fa2,0.0,-31518.960000000003,-31518.960000000003
16458,0.0,15342.930000000004,15342.930000000004
0731f4f3-0994-4abe-bd0a-75202a1740fb,0.0,-15024.06,-15024.06
ef9951b1-7a6c-450b-bbcd-eef377be520d,0.0,-69151.91,-69151.91
f120ca87-1a3e-4f3d-8678-b1cf106d090a,0.0,-3502.9500000000016,-3502.9500000000016
8d9a12fc-4c88-4de3-aa82-19243f2b4049,0.0,-15327.119999999999,-15327.119999999999
43aaf6de-65e5-4d44-876d-c9bb99722e59,0.0,-50046.76,-50046.76
788b890b-4533-4065-929d-21d7a94f2654,0.0,-21838.04,-21838.04
513f49da-1dfc-4f81-8535-dc9751aed0ff,0.0,-22225.95,-22225.95
16424,0.0,-46324.270000000004,-46324.270000000004
8ce8dbb8-1682-491c-bd22-455fffefabed,0.0,23918.549999999996,23918.549999999996
8a5f3928-6c0b-4021-bce4-5e4c035c9f00,0.0,-5218.109999999999,-5218.109999999999
56c95cb9-f2f0-43a7-b667-9fef915b3213,0.0,-30774.270000000004,-30774.270000000004
89ab357a-4bbf-477a-aaee-60c3aa659168,0.0,-343880.19,-343880.19
16269,0.0,-445983.48,-445983.48
20bc42e4-0e97-4068-a2e8-bb0e6743f63e,0.0,-51569.79,-51569.79
5dda62d7-3341-4f03-8880-8f9803e9956f,0.0,-39670.25,-39670.25
47255e34-7fcb-457c-aee6-fe0b48bae3c7,0.0,-42417.52,-42417.52
9ea90cd0-522a-4910-ae87-53cbf60dd401,0.0,-18399.53,-18399.53
ca5010ce-1b7c-4219-8e1d-ab0336834576,0.0,-24882.089999999997,-24882.089999999997
16268,0.0,-6573967.0,-6573967.0
c3beeaa8-87ce-455d-9482-e01679b9d1eb,0.0,-43151.87,-43151.87
7ec7b219-3dbe-4143-89f1-6b28dc422a8c,0.0,-29817.679999999997,-29817.679999999997
02d044ad-9384-4099-b623-004965e0de44,0.0,-66718.97,-66718.97
ad29c819-cfa7-4907-b3ce-772cb186fc38,0.0,-9638785.31,-9638785.31
f2b1f7f6-88aa-4d6f-8a79-38abf55f6915,0.0,-36938.82,-36938.82
5ffc25d1-97f4-4eb2-b31e-8e1a5cb39aa8,0.0,-22409.1,-22409.1
16448,0.0,-99326.20999999998,-99326.20999999998
9c2d46b2-a6b5-4fe8-9226-30ad8d04cb6f,0.0,-2623130.83,-2623130.83
fa02147d-6070-4454-845d-8b66cd977372,0.0,-4622.300000000001,-4622.300000000001
8432e6bc-235d-4ac2-b1c6-18fc20f82f43,0.0,-61416.22,-61416.22
a48a1884-0253-4790-910d-0b9c18089494,0.0,-49641.36,-49641.36
e3b8d5ec-34c5-4393-b847-bd767ee9f81e,0.0,-734717.01,-734717.01
99f48ac1-f7b7-4605-b5b7-3401cadb1387,0.0,-1669610.43,-1669610.43
64619d89-79d1-4320-ab20-ff5102ac56f1,0.0,-32813.28999999999,-32813.28999999999
743b329e-361b-4dbb-82a5-2a8573f6ce45,0.0,-29339.350000000002,-29339.350000000002
2f8cea86-facd-40c4-935d-e9df39436c90,0.0,-6376.779999999999,-6376.779999999999
028cae70-9b6a-4b94-9eb5-b05c9a8e85fe,0.0,-12219.13,-12219.13
8f13b0d7-654c-4600-ac2d-12f723f78381,0.0,-45972.54,-45972.54
47ff8a75-3519-446d-8628-092ab79b640f,0.0,5537.28,5537.28
88032ec8-8c67-474d-94a0-bc9856be9643,0.0,-357838.31,-357838.31
b398f850-a27e-49e3-8cb6-f350432095d8,0.0,-53010.229999999996,-53010.229999999996
6006eee3-05ff-42ac-81e4-177ae45399d8,0.0,-7641250.42,-7641250.42
34cc2cc4-7952-45e1-a086-41a453d66387,0.0,-36272.12,-36272.12
3af5cdc2-6656-4443-aca9-4d052358b7fb,0.0,-51431.96,-51431.96
42d5d53f-f020-4a42-b290-340c2357a52a,0.0,-32766.28,-32766.28
c4f2c85f-d6b4-400c-a4dd-468358bcb208,0.0,-481.9100000000003,-481.9100000000003
ee64480e-4c31-4c7c-9858-91cd2ae43e06,0.0,-7233690.05,-7233690.05
799b83e5-247c-421c-84f7-74a11cf35fc7,0.0,-1778278.6400000001,-1778278.6400000001
1186c2fd-7a00-4f21-956f-8c5a896d9111,0.0,-50610.56,-50610.56
ee46e566-e3e5-4088-898e-b84aae6c1591,0.0,-39413.899999999994,-39413.899999999994
9ebf84b2-1516-4144-8afe-4240953a6938,0.0,-16975.01,-16975.01
f0cf3e64-2e2d-4954-8971-f88662bb8c6e,0.0,-22070.909999999996,-22070.909999999996
d2dc3c91-6cec-401b-a5b7-0ca7f753a779,0.0,-1867807.66,-1867807.66
e75a0627-c4c4-4070-a2a0-b1a11ed566dd,0.0,-285298.72000000003,-285298.72000000003
b7cebbed-7016-4c5b-a033-a15873b28639,0.0,-18936.45,-18936.45
d57c9a79-4942-40e2-997f-c9b6837fb7c7,0.0,31044.25,31044.25
1a5f93c5-21ff-4929-bde0-e7d6587a48a9,0.0,-9459.239999999998,-9459.239999999998
bbffef0a-9431-4b7a-9824-a1271dbc5b7f,0.0,-2294522.85,-2294522.85
1e414971-00f0-445d-bbd2-79c1ca529815,0.0,-2626716.14,-2626716.14
8f26459d-4da4-4c12-b2a1-56cb3f2559b4,0.0,-1620823.48,-1620823.48
483b1cda-f977-4b8f-ab50-07d762dbaa69,0.0,-37231.42,-37231.42
32c46750-24ce-4997-b281-69485272210b,0.0,-67842.95999999999,-67842.95999999999
4dd1fd90-3a09-4d99-82be-e8cc75e99533,0.0,-1519059.3,-1519059.3
c95dc9a3-5d04-45f4-b915-09f1c3d0ba1c,0.0,809.7700000000004,809.7700000000004
a2bb1ed0-d79b-4bc2-8f36-4eee09eee336,0.0,-266140.61,-266140.61
11e7438c-141d-4d2c-af07-4e967eea8854,0.0,-3243445.8,-3243445.8
3dba4442-9b7a-4435-8e7e-65452c530d3b,0.0,-13298.749999999998,-13298.749999999998
03876788-f6c3-4b94-ada0-f4a4b0e6c444,0.0,-3189408.73,-3189408.73
532aae42-83bf-43fb-addb-a07c4af4e56c,0.0,-16991.0,-16991.0
e553c8cf-3400-4305-9e23-54fb85a6700a,0.0,-35060.57,-35060.57
a62cc2b7-6745-4017-8e6f-e145068571c3,0.0,-7685.639999999999,-7685.639999999999
57aaf843-7ecd-4432-b92d-8f1dce9ea7ea,0.0,-21454.24,-21454.24
73d19f30-bef7-44f1-a9b5-23d7713c9780,0.0,-105277.78,-105277.78
f95f4390-0112-4bf0-a6f8-e4a44ff59daa,0.0,-67810.02,-67810.02
2aaef9e1-6293-4f85-97cf-dc9ef8d6ae19,0.0,-50790.96,-50790.96
8cfe5551-fb84-41c1-bb40-6d73a2a81fdf,0.0,-1393798.94,-1393798.94
1ac8dcf9-fbc0-4aac-b426-250e535b9dc0,0.0,-34354.36,-34354.36
6faa6320-b5af-48b4-a991-095d5530151a,0.0,-29943.89,-29943.89
291e9077-7c91-430a-936d-2faf0876f8fe,0.0,-7237485.89,-7237485.89
53711c78-7293-4304-b82c-3fa1587d093f,0.0,-1626.12,-1626.12
4b62a71b-9b6e-4f83-afba-fca514ee1972,0.0,-25101.66,-25101.66
4af89769-7860-4421-9bc0-091db1bf6a20,0.0,-23139.56,-23139.56
adcdca49-2dfa-46f6-9951-f44959a43256,0.0,-20448.54,-20448.54
7b7b1cd5-30b4-4302-82cf-b43e2899ed97,0.0,-14917.359999999999,-14917.359999999999
25a9c99b-960c-4cd3-a7d8-f29b0370f595,0.0,-32976.96,-32976.96
16455,0.0,-59619.020000000004,-59619.020000000004
496da7c2-4c27-43e4-bfd2-574be6f09b8a,0.0,-8815327.54,-8815327.54
11c745a8-a774-4655-a6ee-b0f3d9a3c850,0.0,-20811.050000000003,-20811.050000000003
16432,0.0,4976.080000000002,4976.080000000002
86c33b22-1e16-409e-a7ac-389dc2b6a37d,0.0,-33920.159999999996,-33920.159999999996
cc6a5e18-9106-4825-882b-8de0f55198ec,0.0,-18318.26,-18318.26
3b7c60c3-3811-47fa-b4bc-23e42a622bea,0.0,-48185.85,-48185.85
654fec9a-7006-4808-8074-4cf2d259f962,0.0,9664.580000000002,9664.580000000002
52fa60f0-cc48-4d49-9f33-e267013e4f86,0.0,-1962.909999999999,-1962.909999999999
b07bad35-f748-4af7-8089-f5c5a3fb5056,0.0,5061.779999999999,5061.779999999999
0e1b0049-8af0-4e4a-88ed-37c31e7188bc,0.0,-54517.76,-54517.76
8da19592-9715-4cb6-b3a3-f27e33c8647d,0.0,-10803.070000000002,-10803.070000000002
b0d07f93-d499-44f6-80fe-1c3fcf6a65ac,0.0,-31678.96,-31678.96
ea802ec1-df27-4862-b874-445a454bd7ae,0.0,-108852.73,-108852.73
f729ad25-e543-4238-8d27-c29d94069de6,0.0,-24241.64,-24241.64
21d2ea3f-0445-4481-b26c-448e7cf0d11d,0.0,-65973.18000000001,-65973.18000000001
563a3432-4d61-493e-89e5-fb7f1d2e5e9b,0.0,-59958.829999999994,-59958.829999999994
88523c30-8fdc-493b-a0df-a733b50c9d2f,0.0,-31062.440000000002,-31062.440000000002
3a6caab8-d953-4d2c-9b89-3a21dace194a,0.0,-603396.34,-603396.34
891bded9-75c7-469a-9f4f-c9a34839eca9,0.0,-37254.46,-37254.46
16438,0.0,-10529.45,-10529.45
3fbc9c73-8f31-4391-83fd-bb0161aaff53,0.0,-19797.489999999998,-19797.489999999998
99ff6036-a7a6-4023-9191-3da6b296867d,0.0,-10155278.36,-10155278.36
efb8bcab-7a10-45d9-b6b3-5a2f855e2c96,0.0,-16706.72,-16706.72
65460b49-f83d-44c7-ba88-2872a7914563,0.0,1626.32,1626.32
75c5de1e-ea8e-4292-bbdd-208619c52bf9,0.0,-106873.32,-106873.32
4504a897-bbdb-46c5-932b-e6109adcd825,0.0,-47603.090000000004,-47603.090000000004
e8ebaf0f-ea95-46a1-ae7d-9d00d68960c9,0.0,-29836.39,-29836.39
16456,0.0,62629.6,62629.6
e991898e-301f-4ccd-8794-851e1cc158df,0.0,-9345753.44,-9345753.44
7ebc1c8a-e5bb-41af-b8c3-5d64b8331218,0.0,-37875.46000000001,-37875.46000000001
79d9fdf9-fce1-4f64-87cc-0f04d7d872f0,0.0,-13944.07,-13944.07
fb2bebce-2766-429c-80c4-6954ba7564c4,0.0,-19209.99,-19209.99
42f9221c-4768-4a06-86b5-fca66c9df450,0.0,-56516.86,-56516.86
4c72dfd3-844b-460e-ae12-d1cff145fc69,0.0,-2888064.2399999998,-2888064.2399999998
2f2b3f80-038d-42a8-89c1-d8dac760b25a,0.0,-20761.859999999997,-20761.859999999997
fa8fa2ac-d69e-4f59-87fa-2f587573c8f7,0.0,-1643784.3399999999,-1643784.3399999999
7547da59-a90f-4ec0-a18f-ed5cf2566db9,0.0,-3287099.32,-3287099.32
16c0e231-2dd6-42f6-908a-a668c98c9c21,0.0,-60265.74,-60265.74
29f5c5a3-dbad-449f-b015-8a6f9b275091,0.0,-123807.26,-123807.26
721240cf-0513-4f8c-a299-10e0c6d96238,0.0,-1016751.18,-1016751.18
977a7906-7c85-47f6-b2cf-0ab6a44036b7,0.0,-40943.25,-40943.25
7459cd82-c1f0-4580-858d-6f507f51da5a,0.0,7545.040000000001,7545.040000000001
f443efe5-5cf5-4f18-a119-854f7b06cf76,0.0,2612.0199999999986,2612.0199999999986
a63ed277-57d2-439e-9df4-797942fad526,0.0,-37367.590000000004,-37367.590000000004
9201d207-6a15-4aa6-b240-4c622f360bd3,0.0,-39802.81,-39802.81
78db5423-a74c-44ba-b1db-26f8b3e24014,0.0,-31201.66,-31201.66
1558b380-9de3-4582-b93f-68908a474f44,0.0,-46238.880000000005,-46238.880000000005
6b014a04-ec5a-4e01-bc5a-5a7e4a36e835,0.0,-22717.28,-22717.28
47c20e4b-66ca-48be-bc99-0407acb7dad8,0.0,-1613462.28,-1613462.28
4bf4a2a6-d20f-487c-906d-319a0f451315,0.0,-54243.689999999995,-54243.689999999995
ed48f8cd-4735-4d85-b60b-85072796882c,0.0,-107.38999999999987,-107.38999999999987
ef7f347f-dc07-486f-bbb8-f827979cf298,0.0,-51282.7,-51282.7
1a3b2e0b-2040-43db-bf03-b62e6f02a9c4,0.0,-30364.289999999997,-30364.289999999997
093c2487-a68d-4d94-8f38-eb7b05a801ea,0.0,-9426380.32,-9426380.32
a7b05a99-9fad-4ebd-b652-1b7608e27767,0.0,799.8599999999954,799.8599999999954
3e6d7420-1c88-4df5-81fc-fb4e84d8aa8d,0.0,-31957.379999999997,-31957.379999999997
9c7aa0c6-1053-4f16-88ea-a8daa215a05c,0.0,-61447.94,-61447.94
2846c3f5-08a2-4683-b9e5-cf800a931ddc,0.0,-1651966.76,-1651966.76
38caa1ac-63ac-440c-87d0-d3de9bcf1011,0.0,-38439.8,-38439.8
5f7f5bd9-d396-47e0-a12e-cbf46ad9185d,0.0,-30008.01,-30008.01
fce1f270-ed5c-4ae7-9b52-a3dd8995bb68,0.0,-42450.479999999996,-42450.479999999996
b17e0efb-7e15-4baa-8a85-3d2410d1db0a,0.0,-731443.2999999999,-731443.2999999999
97e91e31-ff49-4714-99a5-8f09cdd13a67,0.0,-50206.729999999996,-50206.729999999996
cd142ef7-3325-4ec6-8b8b-16254954db1f,0.0,16946.46,16946.46
8c419033-e828-4c0e-9a54-d9084ddb87fb,0.0,-9432497.07,-9432497.07
d3886a65-04e5-4575-b798-7e217cd7d3c6,0.0,-28664.29,-28664.29
f60e2a91-3e36-4d3c-851b-d7ccc50223c8,0.0,-2531218.41,-2531218.41
4ee24ad0-965d-4bb6-9df6-4861c5464718,0.0,-2927775.81,-2927775.81
cbbb07b6-0e1a-4608-9740-bf2adbd95d0f,0.0,-355488.93,-355488.93
3d9865bf-09e9-4412-89d0-1b3b783eb974,0.0,-31747.920000000002,-31747.920000000002
b0f82d53-42ac-409e-bb42-5bc0c4902a38,0.0,1626.240000000002,1626.240000000002
9b1abd09-fb10-4eca-96ea-bb249009511a,0.0,-41778.86,-41778.86
a10bd82a-3ce8-418f-a735-66dba388fb41,0.0,-22188.660000000003,-22188.660000000003
bb7f2ee2-996c-4e21-866c-05f4ce0ec545,0.0,-59514.28,-59514.28
77303cad-e32f-4568-9482-552625c1bf54,0.0,-1950972.08,-1950972.08
df539a88-770c-46e0-a988-5420f57e2fbf,0.0,-2468449.72,-2468449.72
6cceb62f-8756-4950-b2b5-d1b7d5c37732,0.0,-294214.75,-294214.75
c9f19b41-8752-401e-b054-12f9d14cdeb7,0.0,-347750.63,-347750.63
82e19ff9-172d-476c-8a8d-b873733bd3c9,0.0,-19521.02,-19521.02
30fe040d-3af0-42ae-94af-45e623e39a2d,0.0,-3240236.66,-3240236.66
eaccaa73-b149-48ae-a224-2f231f46432c,0.0,-1505593.88,-1505593.88
34f9de21-4240-4196-b2f7-08193f97ec52,0.0,-15242.249999999995,-15242.249999999995
37cdf49c-82c3-47f6-993d-f1b62e9b59bc,0.0,-24126.590000000004,-24126.590000000004
039e3173-3844-46a6-98ff-90c3203d49a0,0.0,-29244.4,-29244.4
0711da6d-8da7-471a-a5bb-1fd8c06061e4,0.0,-9457.33,-9457.33
16439,0.0,-10148.44,-10148.44
f3b76673-5421-4b0b-b18e-fc4fb5d2ef24,0.0,-35246.49,-35246.49
38c85335-f73b-4291-8b80-938ca0f0c791,0.0,-60288.56,-60288.56
02996e88-f315-4cf7-ae88-d4dde67f33b7,0.0,-33669.1,-33669.1
154aa72f-d25a-4d11-acfc-bd2d79b780e8,0.0,-288909.01,-288909.01
4a945bc0-7616-47cb-95dd-b51369dcb96a,0.0,-1485545.09,-1485545.09
75e8c103-ff60-404e-b2ec-20fd39e62f1d,0.0,-33551.43,-33551.43
2e583fc1-f00a-4e71-a41d-2cae1c9f1f29,0.0,-38482.92,-38482.92
84a7c0a0-c8d7-4dc3-b276-fd2f067f8314,0.0,-28504.120000000003,-28504.120000000003
16440,0.0,-64557.579999999994,-64557.579999999994
3f69d1bf-2f5b-4a23-ae0a-37584c0efcb5,0.0,-21768.190000000002,-21768.190000000002
b14d2023-4953-4c39-ac02-e52c4b1abeb7,0.0,-41052.05,-41052.05
85f00a30-0935-4add-bf9d-8228274020de,0.0,-9410.140000000001,-9410.140000000001
22d44841-18bd-4482-a333-6ed410071c64,0.0,-56678.27,-56678.27
d9dbf7e0-d281-401d-8d39-783636f74fe8,0.0,8509.05,8509.05
863e46c4-6cdc-44dc-a950-f6d42d70ee85,0.0,-51095.02,-51095.02
e34ce1d2-292b-4df1-ab43-40c276ed9f5f,0.0,-8592130.91,-8592130.91
9f699136-7d2c-4ded-b943-61dc5a24a19f,0.0,-51643.71000000001,-51643.71000000001
c35149f9-ce0f-43cd-b809-42365cb2d1fd,0.0,-39621.64,-39621.64
608a67d0-8359-403e-8883-c185053923ba,0.0,2579.1599999999994,2579.1599999999994
d3f048e7-3d2b-445f-a9c9-1b82e873f13d,0.0,-1009319.75,-1009319.75
76a56669-5360-4ce0-b8d9-68a372077bdb,0.0,-1518191.28,-1518191.28
bf474d4d-4bcd-4d81-a6c8-a6f12857036b,0.0,-28174.29,-28174.29
579c8f19-fb6c-4841-953e-9da937d36682,0.0,-35294.75,-35294.75
7395998c-f7a0-47c4-b1fe-e1e2e268f793,0.0,-8076.439999999999,-8076.439999999999
26da7bb4-3955-45ef-9468-180faf23fb14,0.0,-20321.399999999998,-20321.399999999998
703b6494-3f65-40e0-a144-95f9120517e0,0.0,305.40999999999804,305.40999999999804
201e1a94-46e6-41f9-bc65-e6c8f615a182,0.0,-41728.45,-41728.45
b4412420-2436-42d7-b139-ad44858284dc,0.0,-55514.090000000004,-55514.090000000004
fe2921ef-df8f-4ec7-891b-6acdc093ec99,0.0,-19931.54,-19931.54
0e0998fe-7e84-4c75-985d-d389bf26a2be,0.0,-3013379.59,-3013379.59
eae20329-2c7f-4aed-8d1e-4e834599b89b,0.0,-12332.920000000002,-12332.920000000002
92937092-480e-4b7a-87ad-01898b28c9e0,0.0,-39911.61,-39911.61
6029f5e7-e776-418b-aebf-92ab88866879,0.0,-24371.26,-24371.26
a7d4a40f-906b-41a6-b03e-22b6431e316c,0.0,-26179.09,-26179.09
ba72a5e9-81c8-4933-9888-5619324bebe7,0.0,-236845.66,-236845.66
7949410b-6eb1-4d19-a499-d90504bba829,0.0,-10726.39,-10726.39
e7723aa5-1224-45d6-aa68-4de3a81c0604,0.0,-23536.870000000003,-23536.870000000003
e9272f7c-52de-43b7-89cc-7a88e27ad0e5,0.0,-65322.579999999994,-65322.579999999994
49f91fce-526b-46fa-9ac0-8c80b6eae3c7,0.0,-17507.100000000002,-17507.100000000002
16462,0.0,-1640892.5,-1640892.5
89ad2f59-a149-4cf0-9181-db8f0c54ed27,0.0,-63675.2,-63675.2
13d7958c-fcc6-488b-8d04-6e884281d702,0.0,-15825.2,-15825.2
8cbf5242-29c7-4784-be98-1ad2c57f531d,0.0,-1597452.81,-1597452.81
71108cf5-fd51-4c8b-9df9-e8916b8b3243,0.0,-8887.04,-8887.04
62ac9263-d81f-4904-9140-ecd7b92a9325,0.0,-36871.18,-36871.18
2971bf3e-670d-4e90-b127-921b7dae0f24,0.0,-85616.17,-85616.17
9cfad44c-cbce-439f-8324-e6d7da578609,0.0,-31440.120000000003,-31440.120000000003
0a6729fb-4fe2-4987-921e-8ab6a6f289cb,0.0,-9835.16,-9835.16
e10a56ec-bc75-4080-97e1-fb2ccde82216,0.0,-2801073.51,-2801073.51
d45b603d-e01c-4d13-8c12-d454e5be45a2,0.0,-31342.699999999997,-31342.699999999997
265754d8-dff8-4d8c-a663-a913ecb071a9,0.0,-2586911.72,-2586911.72
4f160514-405a-42f8-801b-5188d65b9d33,0.0,-15114.480000000003,-15114.480000000003
14d67de8-228e-49eb-985a-20d2e9ce9cbc,0.0,-1735347.46,-1735347.46
fa86b4a3-44ab-4bcb-88fe-46e4a451e100,0.0,-46209.45,-46209.45
ebef5390-ad10-4025-955f-9299ba2a3377,0.0,-35476.47,-35476.47
7b69c0a0-7fcb-4037-9986-ef102e354ee5,0.0,-25823.719999999994,-25823.719999999994
d66dfd63-29ec-43d2-a5d9-f47b65e8f145,0.0,-60990.78999999999,-60990.78999999999
031772d7-1210-42f4-ae76-60b4df0777ab,0.0,-82500.91,-82500.91
befdf3e4-5b2c-49d3-8f53-550e2f234d9c,0.0,-231275.54,-231275.54
347f78c2-a5d2-48e1-b301-60e6b4a0f5a2,0.0,-3067273.7,-3067273.7
2e350836-e210-4f07-9346-f953514ac393,0.0,-3058589.4299999997,-3058589.4299999997
ee6dc233-1f0c-4d94-bbfa-a927fd50bd7d,0.0,-67066.86,-67066.86
1511cf87-f3ce-4e3b-aaa9-314a7fc7cdf8,0.0,-36356.549999999996,-36356.549999999996
bd079313-5218-4c95-95b9-2324ba9c8e1d,0.0,-365.2300000000015,-365.2300000000015
fff7f00c-c869-4310-b705-4503538f5ecf,0.0,-74801.26,-74801.26
5c9a8148-80f7-4f50-a743-e5aa862df2f6,0.0,-896866.0599999999,-896866.0599999999
251bb71b-cf7f-43a5-9fca-8853ad4f252d,0.0,-43351.11,-43351.11
4a262aff-7eec-41b9-99e0-213141e938a7,0.0,-2509660.0500000003,-2509660.0500000003
68f875ee-01e6-45ac-ae4e-cceab935f1f8,0.0,-88095.82,-88095.82
8fd23f0b-ef3c-483a-ad2b-5aace0ce3ac9,0.0,-28967.010000000002,-28967.010000000002
0ac4871e-0198-447c-a7f8-1066125fc174,0.0,-9724051.040000001,-9724051.040000001
c4886893-3a39-417d-acc8-80810fca1e7e,0.0,-22365.03,-22365.03
16441,0.0,-7724.899999999999,-7724.899999999999
c5d46478-c043-4ee1-b9ae-c2ed7a7db7f4,0.0,-17439.72,-17439.72
e4beced8-0e9e-4254-92b5-4b503b800581,0.0,-45719.6,-45719.6
d1503667-7dc3-43c6-a861-3ad0897876b7,0.0,-39972.46,-39972.46
7fc8a141-21dd-4c9b-acce-a2478c8d8f1a,0.0,-37066.850000000006,-37066.850000000006
41732494-175b-4314-a747-da19b094a979,0.0,-1804729.47,-1804729.47
885c06cd-2f78-47d2-9a7a-092cf29e2d55,0.0,-3082878.59,-3082878.59
b2ac4b52-13e3-4382-9469-f8865a5dc3eb,0.0,-16173.410000000002,-16173.410000000002
16279,0.0,-1988645.64,-1988645.64
f511ebe8-aca6-408c-9c18-d3fce71e0851,0.0,-23629.469999999998,-23629.469999999998
0e20234f-d6bb-4e81-bec0-f28f79195667,0.0,-6870981.7,-6870981.7
46e6d4ce-20ef-4cb8-bc06-18257af0e91e,0.0,-57204.52,-57204.52
c980b50e-d4d7-468b-9ca8-d3d4494bc041,0.0,-36022.130000000005,-36022.130000000005
7e8334c1-0da0-4993-a413-ea18202daae9,0.0,-15975.72,-15975.72
16275,0.0,-3431883.89,-3431883.89
16443,0.0,-93090.35,-93090.35
bb93fbc7-59e6-4708-bc9a-42225ba4573b,0.0,-1530272.41,-1530272.41
fc4b16fd-ff68-494e-95e2-578219437a28,0.0,-32413.08,-32413.08
7d089145-7527-495d-b2e7-254ed829d188,0.0,9392.72,9392.72
0c8432e7-b8d2-4188-88de-67f2936226aa,0.0,-41039.62,-41039.62
c5f574a9-2c5c-4f64-b4f5-ef7b3e21a33d,0.0,-33615.49,-33615.49
79a2068d-7665-410a-9cb7-f3b78ab7e1d4,0.0,-674284.84,-674284.84
3a98e91c-b44d-4427-ba16-8b762379db5c,0.0,-35663.340000000004,-35663.340000000004
13db8e91-25f6-48db-9df6-974a3b920945,0.0,-842434.53,-842434.53
7a7deb44-e94e-4eaa-af0c-75cd1bedfc1e,0.0,-11776.72,-11776.72
37ae9858-3cde-4e00-b470-5d249c39b12b,0.0,-22391.2,-22391.2
f086eef4-8cbd-4cf4-9419-ced531095b91,0.0,-58956.549999999996,-58956.549999999996
16274,0.0,-3621291.86,-3621291.86
4190cd47-6c10-434a-99b3-51ed9499ff1c,0.0,-47768.47,-47768.47
16459,0.0,-27203.559999999998,-27203.559999999998
16453,0.0,-104967.63,-104967.63
b7d38942-c991-4eff-844a-642762e28813,0.0,-115903.07,-115903.07
f5b42988-2e6c-4ace-bef6-7ee8891ebd09,0.0,-14357.64,-14357.64
f1a3f024-a7b5-4577-9792-70976b2bd628,0.0,-59351.41,-59351.41
054d69e4-4965-4efe-8c4c-d5fde37a5581,0.0,5525.100000000001,5525.100000000001
997ef1f2-371c-4607-8758-54ff96ac6e02,0.0,-18424.19,-18424.19
911b463d-d1f2-47a5-ad3b-165de9159e1e,0.0,-15622.24,-15622.24
27b2385c-e249-46c9-a031-db5e11b90061,0.0,-155168.75999999998,-155168.75999999998
138d61f1-aa4a-4a05-81df-fcc216774e71,0.0,-1985717.77,-1985717.77
88069fa5-1e97-4cdd-922a-fc7445ca713c,0.0,-34806.12,-34806.12
eb07b8ca-bee1-4707-b322-efcc73630dcd,0.0,-1704860.2,-1704860.2
29042ffc-e45d-4fe9-984f-8f8a74e550c2,0.0,-55184.97,-55184.97
5494ad63-4540-438a-b43f-12b7dec828c9,0.0,-31023.440000000002,-31023.440000000002
5f1e89f2-6761-4af2-9f2d-01f13294fcb0,0.0,-64284.97,-64284.97
73d1fa2c-e08c-4e39-9ec7-b3dfdf7d16e2,0.0,-3113997.41,-3113997.41
61c3faa3-156a-411d-a94b-20fd597c877a,0.0,-3006384.37,-3006384.37
703f718c-79ac-42e9-a793-37e1795e7ef8,0.0,-6942.619999999999,-6942.619999999999
73e60d90-a97c-49e0-9709-44e365d162c2,0.0,-35800.630000000005,-35800.630000000005
0475fbc0-729a-4529-9222-59b4b27408fe,0.0,-52009.53999999999,-52009.53999999999
2609a296-3e8b-4f1c-a94f-c5e489e0a645,0.0,-80301.68,-80301.68
d994a8e3-00d1-4560-a25e-ba93583f96d4,0.0,-694434.47,-694434.47
b4967187-24c0-421c-a064-23fded4d9df5,0.0,-29146.73,-29146.73
253483a0-dd0c-4cd2-b0bf-44ec82d38e51,0.0,-29882.850000000002,-29882.850000000002
36b3453d-05e8-4047-b272-e7a52f7281a7,0.0,-25883.510000000002,-25883.510000000002
f5b8a677-f3ca-4d65-a1c1-10e0b2050217,0.0,-43508.45,-43508.45
7f2ab4bc-1e1c-4001-874e-deb5b1c69788,0.0,-26038.38,-26038.38
8c915c1f-86cf-4712-ad8d-c1c6fd6db49d,0.0,6760.92,6760.92
23c0903b-aa51-4d20-bdce-8d744457b97c,0.0,-21370.37,-21370.37
a4486049-d389-401a-8b2a-6258f1bd3b8c,0.0,-5496.39,-5496.39
e3224f97-0eb1-4f42-963e-87bb423bdab7,0.0,-43794.74999999999,-43794.74999999999
7dd7bb46-bb98-483f-9aa0-85b408df0895,0.0,-19218.12,-19218.12
d9bc0fc9-8b67-47df-bf5c-041adbfa73c7,0.0,-309798.44,-309798.44
a2c44597-5156-49b0-b0c8-c9570d9ef30b,0.0,-46324.86,-46324.86
369abe6c-da7d-47c1-a2c1-1521bc9a3b16,0.0,-63927.92,-63927.92
63b8dafb-cf5d-4ad8-997f-7e9ce1ca67ac,0.0,-69681.81,-69681.81
17f16911-4247-4728-a435-f4bf2f48e27b,0.0,-56741.72,-56741.72
03dd64c4-6b6a-4365-b1a6-5ade63d67dcd,0.0,-5540.889999999999,-5540.889999999999
a13be1bc-1289-457d-9d59-1316bb585a56,0.0,-9184278.879999999,-9184278.879999999
16451,0.0,-28564.24,-28564.24
16461,0.0,-189742.09999999998,-189742.09999999998
16442,0.0,-12233.419999999998,-12233.419999999998
4c71c0ac-6f9f-4cfd-9854-1447703bb215,0.0,-45269.69,-45269.69
16437,0.0,-9929.97,-9929.97
c9df399e-c2c4-4ee2-850e-e8cb30902131,0.0,-22730.129999999997,-22730.129999999997
16426,0.0,-7924.3099999999995,-7924.3099999999995
8c0dff51-e66c-4641-ba71-a92fce9e6751,0.0,-12467.93,-12467.93
09010ad7-6091-428f-b534-0ef0f47ad120,0.0,-69256.13,-69256.13
41a68452-aae6-4014-a689-1ac1a0cea417,0.0,-45999.95,-45999.95
0003a5ae-0c77-4372-b44d-882ef9874a28,0.0,-30521.620000000003,-30521.620000000003
30f73f25-db97-4575-ae86-ddf3fe932507,0.0,-9941.76,-9941.76
4c46711f-30aa-4555-ba57-af80a2054e4d,0.0,-34534.549999999996,-34534.549999999996
330a6c85-d0a4-4d46-8b82-3cb27561986c,0.0,-34253.08,-34253.08
57ea7f01-5d78-40a9-aec5-762a136b305c,0.0,-30322.17,-30322.17
419c9806-6c07-4752-917a-ba6c12a4a0c7,0.0,5151.62,5151.62
16e844ca-5bfe-4af2-824b-3cb45f1d91a6,0.0,-1934228.05,-1934228.05
cc44dac1-372f-42d1-87e8-cbe75d9c7758,0.0,-4499.450000000003,-4499.450000000003
5c4a23f4-af26-4603-8d95-dfb1a64ec3a4,0.0,-20292.6,-20292.6
e573677a-1c64-4d5d-a3f1-35cee3c866ec,0.0,-46944.82,-46944.82
79ccc4d9-3e1f-4c01-8774-2cef44bab78a,0.0,-19138.16,-19138.16
16457,0.0,-19482.370000000003,-19482.370000000003
51e788f5-6015-429d-8897-f1faef147bd1,0.0,-18086.58,-18086.58
103213f5-d199-4d5f-a002-35058be2f1b3,0.0,-10717.69,-10717.69
14b5c47e-53cc-4d57-ad18-0c9abf4afe36,0.0,-854402.92,-854402.92
b69d52ff-fea8-4093-88b9-e1cad4f8ee4a,0.0,-870093.3099999999,-870093.3099999999
b0926892-ec8b-4ffd-b86e-d909fff85313,0.0,-17834.179999999997,-17834.179999999997
08c81f95-46ee-4c88-a62c-b8d589337d58,0.0,-48125.14,-48125.14
029729c8-69e6-4f50-a94d-c9bb2a514d92,0.0,-23152.89,-23152.89
ece21bfd-8543-4922-9987-02aabf85d23f,0.0,-40611.33,-40611.33
b9d88e2f-2e34-434d-a7b8-eae7937981d6,0.0,22821.78,22821.78
2c1aa774-1534-4ea2-8b6d-3b8f5f6fa0b2,0.0,2842.88,2842.88
925ae278-4c75-4d7e-999f-eb611e06eb87,0.0,-61405.71,-61405.71
6d990843-e957-4d5d-8c33-85a8026a07d0,0.0,-240758.06,-240758.06
4b171653-23c9-4f55-924a-46e51bf11ee4,0.0,-3009673.44,-3009673.44
3542ae16-55ca-4b13-a2ad-4eb215f23f5f,0.0,-32406.38,-32406.38
4ff1bd68-bc60-4fd9-94db-f8e3b0953337,0.0,-5546.300000000001,-5546.300000000001
605d8f74-8fae-49a6-8232-10df13b23965,0.0,-45356.26,-45356.26
d75b538b-eca9-4ad8-bae5-cb4000d3f840,0.0,-64381.02,-64381.02
1accb4ee-69df-46be-8862-663f020270d9,0.0,-14960.11,-14960.11
8b42f28f-2bce-49ce-91cc-f984569aba91,0.0,-2386225.82,-2386225.82
3fd1f615-fdac-4b63-b75a-335f4f6c4b68,0.0,1657.0000000000005,1657.0000000000005
196d06cf-e811-4aab-9649-ab6642551b9b,0.0,-351133.81,-351133.81
82f4d558-9f6c-43c0-9e26-9ec9d82c9783,0.0,-2825304.98,-2825304.98
907a2b73-e7c4-45bc-8a31-862dc6829851,0.0,-1515.2600000000002,-1515.2600000000002
a9d403e8-846e-4eca-a0d7-2fd359731d59,0.0,-33600.44,-33600.44
beb5da93-7c73-48e8-b629-bd1d9d93e0c6,0.0,-21674.89,-21674.89
d6d1134a-094d-4a01-90aa-87af7c5e0195,0.0,-27103.23,-27103.23
c2af4ae5-17c3-461f-befc-42cca83935fa,0.0,-525781.99,-525781.99
275895ec-9a7f-424f-afbe-76da7fdd6b22,0.0,-51748.18,-51748.18
16434,0.0,-65818.65,-65818.65
646d78c4-d428-4162-86c0-cc7c6de8f08c,0.0,-11789.029999999999,-11789.029999999999
26f0db8d-9eb0-4bc2-b217-3daf9c1abef8,0.0,-34287.35,-34287.35
5a1930fd-1996-4d0a-9ed9-0d19ba207782,0.0,-61808.55,-61808.55
19f0b674-b9ae-431f-a87a-538fa51f8c8e,0.0,-3603.3099999999995,-3603.3099999999995
65a828a4-07fa-4735-bdca-bdad0c2078dc,0.0,-40599.520000000004,-40599.520000000004
dba26c7b-7cf9-4bd9-bbeb-672bc8771e33,0.0,-24421.86,-24421.86
16447,0.0,-64111.81,-64111.81
ec2bd31f-1caa-4a4c-aff7-3abe166835e9,0.0,-18522.79,-18522.79
5419a884-3ede-4cb1-861e-541dd4625aec,0.0,-24896.41,-24896.41
6e4bd180-af29-4fa2-af76-1b1a888a6b78,0.0,-29039.190000000002,-29039.190000000002
fe64983e-cf1f-4b3e-a116-828c5eb95e53,0.0,-22403.08,-22403.08
46624f41-5372-40ba-81cc-a94340ee3e46,0.0,-26294.93,-26294.93
2bac8fae-a740-4825-969d-e0fef687de43,0.0,-29592.04,-29592.04
314f76d5-2890-48c5-8e4a-080e414ede83,0.0,4649.140000000001,4649.140000000001
853fe11e-99a8-4e92-ab71-cf5659c208d4,0.0,-2778.510000000002,-2778.510000000002
ba6247ea-5560-4c55-a86b-1eb6a5470814,0.0,-3245.0899999999983,-3245.0899999999983
54c4b5d0-f61e-4444-8c1e-3f4784df6aad,0.0,-29.200000000000728,-29.200000000000728
a65906d8-751f-4245-b7d2-33cc1637a407,0.0,-33347.28,-33347.28
16435,0.0,-70392.96999999999,-70392.96999999999
90188921-2e05-402b-a7f4-f8842b3b88e8,0.0,-495679.91,-495679.91
72dcc65b-268f-4b10-8d29-3f1bc4112384,0.0,-13967.91,-13967.91
fa339661-cb78-422c-bc7f-38aac8d720c3,0.0,-93509.71,-93509.71
731b999e-aea5-42f5-9ca5-d89b42627d16,0.0,-40713.509999999995,-40713.509999999995
16449,0.0,-39851.380000000005,-39851.380000000005
6cbfd1a9-41a4-4298-a4f9-0ec22c8c7f69,0.0,-22125.01,-22125.01
cedb1b8e-f761-4077-bb52-983d928bf786,0.0,-643054.23,-643054.23
3869acaa-0ce2-4411-b467-9f01f0cb1c48,0.0,-9485.29,-9485.29
929b0c27-4a85-4b3e-af1e-989d398834e3,0.0,-56574.770000000004,-56574.770000000004
9a4a60fa-075b-451a-81f4-7fd886f91965,0.0,-23390.980000000003,-23390.980000000003
80b894e5-5330-4dd4-9e3a-276c4883ab62,0.0,-28384.53,-28384.53
2c8778f4-d3ef-4ff9-b912-0be449f47db8,0.0,-31844.479999999996,-31844.479999999996
7cc0df2c-c08d-4473-8266-5eee25145b65,0.0,-34813.38,-34813.38
ebfeef26-f458-47a9-bad0-331d53dc1bf5,0.0,-94275.23999999999,-94275.23999999999
36303bb8-c95c-448d-a450-fa7981899637,0.0,-21271.37,-21271.37
3acd58f6-527b-45c6-aa44-31893897db77,0.0,-30918.93,-30918.93
