AccountID,RMSE,SI
16460,17192.38246,1.82193643
c4325b8f-693c-4605-b685-360e36c31697,3928.844769,2.241306689
17f16911-4247-4728-a435-f4bf2f48e27b,8618.352838,4.541549332
c9f19b41-8752-401e-b054-12f9d14cdeb7,26352.46013,1.375408454
e3b8d5ec-34c5-4393-b847-bd767ee9f81e,39243.1097,1.016311641
59059cb4-0709-49ae-875e-36288851bd89,6244.597703,1.464012215
6c56d04a-1117-42e6-95e2-72822200e38d,44413.89307,1.041209359
8339fc7d-61c3-43bb-8ad5-8660b0bcb712,592756.2052,1.819063189
dfb63784-48ca-4052-84e5-b40c2f8e864e,3929.031413,4.934630066
a65906d8-751f-4245-b7d2-33cc1637a407,2554.237508,1.603814078
19a47e6f-9d45-4880-85df-a0f0f097fbce,13558.0873,1.829422902
81d899e7-8481-4131-80d8-93916053860a,1595.465857,4.878093534
6cbfd1a9-41a4-4298-a4f9-0ec22c8c7f69,4794.257834,3.112511724
703b6494-3f65-40e0-a144-95f9120517e0,1971.568147,0.986099625
4b171653-23c9-4f55-924a-46e51bf11ee4,93507.51013,0.48901272
3f69d1bf-2f5b-4a23-ae0a-37584c0efcb5,9644.671562,1.474584237
19bdb0e0-fb03-4ee4-a68c-f96085eb54e1,299.908075,2.57449503
a9ed81c3-becb-4678-bf97-fc818437e705,6757.21274,5.273494085
93b8ef16-1a00-4d2b-84c9-6f5ecac24d1b,2271.237534,1.767172721
d4cc0802-2242-4c9b-aead-5669e55c6376,179.415801,2.711129931
14140acd-2e5b-444b-8f78-8a250a5e95a2,6819.715575,3.582317728
8b42f28f-2bce-49ce-91cc-f984569aba91,158958.1982,1.132668591
08ea2f1f-1243-46cb-bd4a-4e42a4b58145,9315.008989,32.61329385
4e21e99b-cd3f-4d39-8e53-80c8e0246385,1147.897326,5.526548706
8bacc438-5861-4835-ab6b-b9a8a33e222e,1473.33629,4.12965297
bfbf55b0-788b-4360-ad05-513ee728e199,1325.603233,1.215402673
16453,7461.337978,2.361272573
b14d2023-4953-4c39-ac02-e52c4b1abeb7,8862.337922,1.431355062
9a4a60fa-075b-451a-81f4-7fd886f91965,4476.790858,1.386649033
09010ad7-6091-428f-b534-0ef0f47ad120,2391.017932,1.069393278
608a67d0-8359-403e-8883-c185053923ba,5211.875646,1.320206852
039e3173-3844-46a6-98ff-90c3203d49a0,5428.294187,0.935981214
50472786-7419-4b44-adbb-5ae6fc683f51,3183.665226,12.49083971
27c64d1c-7e03-4026-b215-10a5add4f3be,2831.646877,1.383402028
70907c46-c3be-4ceb-a5e9-4deb8b5eb755,543.0478181,3.292945156
5907b372-3a5d-405c-aa94-39c29e98a818,929.9803206,5.041199509
72dcc65b-268f-4b10-8d29-3f1bc4112384,6355.648713,3.477535778
16447,38089.06944,1.819030352
12bc2cb3-3e59-4472-b053-4dd33acd2ae0,9554.752712,10.36955051
093c2487-a68d-4d94-8f38-eb7b05a801ea,386133.0016,0.82987837
16423,1287.343949,1.764417828
38dd4dfd-5d6e-42ba-9c1f-62727986dad7,1733.303177,3.100687966
e7723aa5-1224-45d6-aa68-4de3a81c0604,11667.45472,1.658459937
29f5c5a3-dbad-449f-b015-8a6f9b275091,16381.56329,1.749857802
e3224f97-0eb1-4f42-963e-87bb423bdab7,6763.600573,1.733579128
16403,3415.929007,144.3634945
c9df399e-c2c4-4ee2-850e-e8cb30902131,15486.42376,5.763252313
16430,29957.34762,19.09699891
d9bc0fc9-8b67-47df-bf5c-041adbfa73c7,21605.73793,1.028349489
7139ca78-e5f7-4085-b42b-cbb0689ca3f4,867.8263236,1.259160958
ef467def-c278-49f1-a075-61e761552fa2,6156.526266,0.797600028
7547da59-a90f-4ec0-a18f-ed5cf2566db9,193996.5616,1.121799541
2c0f6759-5828-4f02-9753-eeb2267f5bde,3431.651679,1.321311342
1186c2fd-7a00-4f21-956f-8c5a896d9111,7291.140177,4.674095442
ee6dc233-1f0c-4d94-bbfa-a927fd50bd7d,4467.186582,2.969548332
42bbec89-106f-450f-828b-c19b95cead84,4717.940977,3.770958919
5e722a02-4402-40ec-ab37-dc869ca84938,702.4050461,2.428394609
fa86b4a3-44ab-4bcb-88fe-46e4a451e100,7332.892165,10.53564351
16428,37645.62565,45.38023247
239f0be0-bce4-40e1-9a0f-ead10ee1bc82,638.2967429,2.605462981
c95dc9a3-5d04-45f4-b915-09f1c3d0ba1c,7481.568639,2.375092107
c50e3f81-848c-47a3-a6b4-cc35dd973dfe,4464.467163,1.102989015
38e35232-6848-41ed-9a10-8715528d534a,3530.924485,1.764194963
0bd83140-a80d-4a56-954f-ca87c8403f9d,13361.31464,7.603675037
e4c14997-7738-4507-918d-977f64935ad4,3024.707929,0.791369169
04592e1b-d2c3-45bb-97bc-cc52161579c8,606.4958263,4.975967726
7773e91e-eb18-48b5-89cc-1da8dac00d70,2526.880941,2.076153259
1fd4d3bf-8ab4-40dc-a8e0-ef25373306bb,2543.777823,35.79256822
02d044ad-9384-4099-b623-004965e0de44,1894.828958,2.447821123
78db5423-a74c-44ba-b1db-26f8b3e24014,10363.98717,7.159486793
e873aead-0589-4fd0-bc92-b81ef46f9b39,148347.2019,1.444674167
0040d55b-4582-41fa-90c8-b4706c9b7152,6345.007091,1.491653004
7eab31ae-9e1e-476e-a170-0096a0c0789e,11357.14712,4.977419419
863e46c4-6cdc-44dc-a950-f6d42d70ee85,5583.985957,1.730812683
19f0b674-b9ae-431f-a87a-538fa51f8c8e,11855.01101,4.025320281
d3f048e7-3d2b-445f-a9c9-1b82e873f13d,31610.99061,0.736645156
3d9865bf-09e9-4412-89d0-1b3b783eb974,7523.238619,1.10416847
eb914441-4054-464e-bd33-e27a94a95c4f,6181.4017,5.589779444
c3beeaa8-87ce-455d-9482-e01679b9d1eb,11548.02951,3.53475255
16275,185930.0691,0.735776084
8c915c1f-86cf-4712-ad8d-c1c6fd6db49d,2937.813054,1.626017185
dd5a2ca5-9432-407d-9355-9109361b0212,138.5726949,9.353539986
9017ca88-e286-46ab-9b79-1c7102f3c43f,2630.04273,6.064254064
4190cd47-6c10-434a-99b3-51ed9499ff1c,7469.231528,1.472701842
059918e4-9021-4dc0-b1a8-d29bbae321f7,3592.588937,1.279392878
1dd292bb-7f33-4a02-9fb2-5fdaf23fa6d9,4263.011403,1.827878613
ed830c0a-497c-4472-bfc2-601244c07771,1641.337167,2.077628834
5f7f5bd9-d396-47e0-a12e-cbf46ad9185d,4510.821264,1.637043603
16c1c689-a0f3-4629-8338-e615c30914bf,10186.96686,1.347767274
11e7438c-141d-4d2c-af07-4e967eea8854,254986.5703,1.845751115
99f48ac1-f7b7-4605-b5b7-3401cadb1387,115729.5192,1.669026395
79d9fdf9-fce1-4f64-87cc-0f04d7d872f0,3902.638384,1.346658674
ef6acb75-7071-4b56-846d-408bcbb92743,2712.065797,0.971690456
9bbe944f-8fb6-4be7-bbe6-093fd240556c,3820.09438,61.18269277
5a5161ce-4e81-429d-8c60-468e1ced8df3,2921.461812,1.575387617
616860cb-ac9d-434d-8574-925db1ac1ea1,1571.631306,2.744737681
b0926892-ec8b-4ffd-b86e-d909fff85313,1391.256401,1.959256663
330a6c85-d0a4-4d46-8b82-3cb27561986c,9965.595313,1.307321998
21d2ea3f-0445-4481-b26c-448e7cf0d11d,10186.63045,1.252248148
532aae42-83bf-43fb-addb-a07c4af4e56c,4851.794978,2.030768777
37ae9858-3cde-4e00-b470-5d249c39b12b,4730.302582,1.736391701
03876788-f6c3-4b94-ada0-f4a4b0e6c444,185526.2564,1.313249172
39d675da-f21d-424f-8340-6611eb3ab437,6734.923671,1.598901973
f5b8a677-f3ca-4d65-a1c1-10e0b2050217,1864.272429,1.720668848
befdf3e4-5b2c-49d3-8f53-550e2f234d9c,14259.36345,1.060003441
2081376f-518f-42a2-8979-b2423d062652,4110.280043,24.14970648
1582d967-579c-4406-ab13-7a687fd083fd,2474.60393,2.373798215
a31e8c7f-c7e8-4ead-87ad-7171318a975f,1713.283655,1.982315599
1cfc34b7-f406-440e-b702-69dbdec37fa7,36764.9347,0.605309237
e9ddc8cd-11a5-4b5f-9f16-9f0e49bf0d16,7306.468912,10.38006989
16444,12250.24593,5.217666423
ec13c062-938e-4a72-8715-e7ea1e426f28,1617.243658,1.720709947
ec2bd31f-1caa-4a4c-aff7-3abe166835e9,3182.605739,1.059677502
5e1b8362-3878-4fdb-a9d3-e273ad35e7f0,126034.197,0.709422255
799b83e5-247c-421c-84f7-74a11cf35fc7,110737.3896,1.322952846
108b52c2-fee3-44cb-90ff-f505ef1bf644,2355.352872,1.648898709
63798331-704a-4630-86f9-da64cc42ad40,1246.617624,1.406277989
fff7f00c-c869-4310-b705-4503538f5ecf,4235.940516,3.116499962
f5b42988-2e6c-4ace-bef6-7ee8891ebd09,1351.571899,1.62205627
820bc83e-0c9b-4f3a-ae15-7423927453fd,4252.088558,1.494781577
d31b3080-d61d-4199-804d-6b8e16dc18f4,12738.75907,6.84027795
f0ff162d-52e0-4dd9-b973-89bddf73c201,2799.375147,1.878138716
5c9a8148-80f7-4f50-a743-e5aa862df2f6,41840.98567,0.90917957
24b71a39-49ad-4691-a974-ef469d6be183,1904.532008,1.054849016
16412,1701.684693,7.84671038
c0d5e0e1-0c04-4d7e-a9ef-570415449c0c,2362.578997,4.135950487
3a98e91c-b44d-4427-ba16-8b762379db5c,15664.01011,4.968036401
71108cf5-fd51-4c8b-9df9-e8916b8b3243,6137.860376,3.332569783
61c3faa3-156a-411d-a94b-20fd597c877a,188410.1447,1.069591923
097d1afb-7f99-40ee-ba33-8fccda0a4d47,1526.147521,4.689259135
cb484940-596f-4183-8eee-25b1999c3aba,1921.363222,2.391355437
f390aee1-710d-47b5-8c0c-379e63d2a6ec,6253.913834,1.763904786
bd079313-5218-4c95-95b9-2324ba9c8e1d,3089.002793,5.341153634
4fa320bd-6477-4ed1-9d53-d594d883ee47,7362.069325,10.23106441
16267,809134.0124,2.284475431
4900f284-3f95-4464-b2e0-0b9a156aa054,2353.795997,1.204018516
65a828a4-07fa-4735-bdca-bdad0c2078dc,12503.94917,1.721797149
4c72dfd3-844b-460e-ae12-d1cff145fc69,126478.7307,0.866468546
9b1abd09-fb10-4eca-96ea-bb249009511a,3491.499398,1.173304832
20bc42e4-0e97-4068-a2e8-bb0e6743f63e,5982.18336,2.35651143
07102f17-392f-4e99-af61-ffdb6c3bbc77,5157.773382,1.651786712
63de17b3-8e28-48ff-8489-2fb0059decfc,3342.495957,1.048143461
16437,13275.01119,2.843556174
853fe11e-99a8-4e92-ab71-cf5659c208d4,7102.640548,2.448522762
d9dbf7e0-d281-401d-8d39-783636f74fe8,7955.473138,2.249426053
16436,3429.280779,3.122694621
9d6ce43a-58df-40d0-bc2e-72449463249d,4574.262303,3.453691405
bfa9cc4b-8a4c-4352-9045-201faf9608cf,3156.614635,1.256593096
73d1fa2c-e08c-4e39-9ec7-b3dfdf7d16e2,189022.9539,1.057429744
16456,15252.18356,1.659221389
7e8334c1-0da0-4993-a413-ea18202daae9,3893.194199,1.517482017
1a3b2e0b-2040-43db-bf03-b62e6f02a9c4,6614.993325,1.758252719
bb93fbc7-59e6-4708-bc9a-42225ba4573b,82638.29263,1.572144042
dba26c7b-7cf9-4bd9-bbeb-672bc8771e33,1680.076873,1.437609633
54487763-c23c-47da-a892-f1ea56779314,2321.075353,3.886362096
704d3aff-265e-4d20-9e07-3817646ecc6e,2821.781253,9.163561315
c8496fd4-f735-4c19-b0f5-c8cb809cef90,4906.35542,6.585623576
2c8d9d9e-f66e-45c7-b41e-d4d425847ff6,4486.936731,1.759748655
721240cf-0513-4f8c-a299-10e0c6d96238,66902.06728,1.517796333
c4886893-3a39-417d-acc8-80810fca1e7e,2117.92868,1.01778966
1c88f2ac-56b5-4e31-b040-9ade8b96115f,3138.320379,1.589045505
935507b6-f5da-47f7-8b15-cae3323e8ee9,2829.738743,2.528426193
e9272f7c-52de-43b7-89cc-7a88e27ad0e5,7127.538423,1.268989504
0c8432e7-b8d2-4188-88de-67f2936226aa,3534.771484,1.108918693
38c85335-f73b-4291-8b80-938ca0f0c791,8437.739011,3.461006082
0003a5ae-0c77-4372-b44d-882ef9874a28,2876.123025,1.082648561
bac50a33-c712-4c39-8c9e-9ead5d04f64f,6167.07487,9.920589388
8a5f3928-6c0b-4021-bce4-5e4c035c9f00,5462.497566,1.550668801
39707c72-9fc1-46f7-9f9e-a27ae57bab63,4445.310222,2.626506796
16426,1560.086402,1.282250852
1c74e692-be81-499e-b7e0-3b2398ac2697,426.674879,1.678286132
6b948c7f-c7f1-4c4a-b17d-df514cdd979b,8141.9848,1.74171652
1558b380-9de3-4582-b93f-68908a474f44,6608.174853,2.217691411
347f78c2-a5d2-48e1-b301-60e6b4a0f5a2,172344.217,1.124747317
77303cad-e32f-4568-9482-552625c1bf54,55838.35868,0.558990639
f17a9644-59c6-4ac3-a619-d4297647cd0f,1319.415748,1.500137287
2f2b3f80-038d-42a8-89c1-d8dac760b25a,5677.838456,1.662001277
4a262aff-7eec-41b9-99e0-213141e938a7,148257.4815,1.180344229
ebd907e9-93a0-47f7-9c4d-ab7c7d8f6ad1,4759.171837,1.667627414
88523c30-8fdc-493b-a0df-a733b50c9d2f,6574.245698,2.217681452
33862ef4-cb08-4453-a641-29ad7c4e5a32,1296.660357,8.354878006
7fc8a141-21dd-4c9b-acce-a2478c8d8f1a,6171.208882,2.072405427
3869acaa-0ce2-4411-b467-9f01f0cb1c48,2131.151685,1.826082663
654fec9a-7006-4808-8074-4cf2d259f962,3533.830248,2.947388382
9a9c68ac-ee8e-4dca-8d06-7971b54f5212,8124.266262,1.367171502
365a4ea2-5bba-4ad9-a32e-348ea2aa7092,1900.79996,1.747527792
6cceb62f-8756-4950-b2b5-d1b7d5c37732,25291.22327,1.039426566
b1a8e3ff-b811-4629-b37f-c303b4094e2c,7500.246205,2.922040267
291e9077-7c91-430a-936d-2faf0876f8fe,417473.2513,1.23768298
e991898e-301f-4ccd-8794-851e1cc158df,529288.8696,1.110065028
cbcffb78-314f-44a0-908d-9fb3532bb844,993.0623992,1.984148586
7395998c-f7a0-47c4-b1fe-e1e2e268f793,8672.627889,1.870732891
a7b05a99-9fad-4ebd-b652-1b7608e27767,6201.974793,1.507884648
de5ae23a-7bc6-46b7-9dd1-bbd280221ce8,1263.264481,1.567364551
9c2d46b2-a6b5-4fe8-9226-30ad8d04cb6f,136525.0205,1.006043233
6faa6320-b5af-48b4-a991-095d5530151a,8015.407207,1.3198066
054d69e4-4965-4efe-8c4c-d5fde37a5581,5141.327639,0.86816922
031772d7-1210-42f4-ae76-60b4df0777ab,5625.602958,1.971621147
d75b538b-eca9-4ad8-bae5-cb4000d3f840,8325.487295,3.517681726
3c296219-f392-4439-9005-38cdff0824c7,2610.983368,2.852050046
458830ee-8e50-4d03-b9ef-469f67b5f128,6441.930194,1.997948744
4c71c0ac-6f9f-4cfd-9854-1447703bb215,13464.22858,3.377893282
89ab357a-4bbf-477a-aaee-60c3aa659168,19901.65355,1.066185181
51e788f5-6015-429d-8897-f1faef147bd1,4577.285333,1.412744131
16407,383.8575216,4.340512027
e520d0a6-a1d7-468a-9d5b-3e554dafe615,9173.827827,5.79414778
28180512-082e-4f14-bc12-d66cd9c22417,688.6027262,1.134011102
cf57875c-430d-444a-be07-abde3c8eafab,7630.706019,2.495856222
224f4fe1-cb84-4926-88bf-3159ff28f320,3004.154459,6.372125418
c29abef9-d8be-4b37-bb84-f1344496cc33,2637.727101,1.600744685
5806a549-8753-48d9-ab45-9188151639d2,6240.483417,1.646206768
248914c4-1320-47d9-80d9-3e4dc1d646bc,1737.439868,1.616544938
7459cd82-c1f0-4580-858d-6f507f51da5a,5236.600336,1.414690218
5ffc25d1-97f4-4eb2-b31e-8e1a5cb39aa8,7961.730516,5.833145665
4ee24ad0-965d-4bb6-9df6-4861c5464718,118330.5469,0.785972182
4fb146a1-70fb-46d4-9817-ce2e27926608,2474.849785,2.333548741
c980b50e-d4d7-468b-9ca8-d3d4494bc041,5806.623922,1.332572015
06e1c218-e56d-4280-b7e4-36fdbabbd563,95973.82717,2.213078497
8cfe5551-fb84-41c1-bb40-6d73a2a81fdf,52778.29802,0.632829956
0734342c-6b9a-42f8-834c-08a98d60e98c,12450.08465,0.562851589
16434,8586.701525,3.183407861
5494ad63-4540-438a-b43f-12b7dec828c9,12068.83669,2.275158323
c574bf11-f6e1-46d6-8a82-f966998c89e7,3902.710926,2.276931641
fc4b16fd-ff68-494e-95e2-578219437a28,5574.439339,1.272686774
16448,2925.678067,2.237930648
16420,1200.08705,10.43136702
16418,3714.049834,11.96199471
d1503667-7dc3-43c6-a861-3ad0897876b7,3059.513572,1.178884279
f1f11e26-f50b-4e90-9cdb-324e96cd199e,2836.887233,1.330134647
0a2c2b45-42bf-4a2e-8118-e7279e5589de,214.3485964,3.807798558
ed48f8cd-4735-4d85-b60b-85072796882c,5953.219363,1.025370546
16452,41202.52802,1.585904118
0ef82a07-1223-499d-be93-31f40c19f375,3723.043606,2.357771375
14c1420f-c74a-4afe-bf22-cd6ab7cd12b4,2062.895019,4.499422044
13db8e91-25f6-48db-9df6-974a3b920945,39757.73166,0.901534557
29042ffc-e45d-4fe9-984f-8f8a74e550c2,3686.464252,0.828137924
9c7aa0c6-1053-4f16-88ea-a8daa215a05c,9370.685931,2.146758319
258e8d14-da6a-4e30-b024-d2eaa9a0c686,1004.117095,1.105694483
52fa60f0-cc48-4d49-9f33-e267013e4f86,4015.042102,1.747405729
2c8778f4-d3ef-4ff9-b912-0be449f47db8,5645.341515,1.75680273
8cbf5242-29c7-4784-be98-1ad2c57f531d,145487.5837,2.057640921
d994a8e3-00d1-4560-a25e-ba93583f96d4,70773.07138,2.865029542
9d2829c5-95cf-4b42-b7a5-4f1791f0c0b7,1595.053547,2.906703502
e2eb8368-3fa8-4667-838a-d83c649e72c1,503627.896,1.058877827
49710577-6bbe-4555-86af-e50a24d1885e,1899.463771,3.019901636
6ca62807-a73a-4b40-a47e-3ef9674f89b0,4316.309358,5.06069747
16422,1227.405543,2.422772345
0f8ec7d0-0b2d-44d4-b25c-078569f851d6,3299.252842,1.715141392
477c7fa0-e795-40ee-aada-edf39595dea7,3184.364378,1.566701744
47dc4978-963b-4884-995c-5f3116ebf179,3182.212075,1.386647619
ca5010ce-1b7c-4219-8e1d-ab0336834576,3580.469467,2.117999373
cbbb07b6-0e1a-4608-9740-bf2adbd95d0f,30223.2123,1.76824754
e573677a-1c64-4d5d-a3f1-35cee3c866ec,12291.92456,3.06426484
7f510f19-1764-4e5d-98e1-f04dc7323eea,2198.946065,1.680218827
16451,6209.538529,1.635052907
d2b99e29-5566-4d6f-896f-2f0739ea4e91,7156.599391,7.845462368
08c81f95-46ee-4c88-a62c-b8d589337d58,5859.905751,4.726858791
2971bf3e-670d-4e90-b127-921b7dae0f24,4274.902993,0.614882507
732bfde3-7590-481d-b1bb-580514764285,198412.4912,1.300448089
8cc384f3-5e7a-4421-867f-bd55ce404114,1708.083387,2.342543809
d66dfd63-29ec-43d2-a5d9-f47b65e8f145,13557.05809,9.672020313
997ef1f2-371c-4607-8758-54ff96ac6e02,8567.572042,3.128716922
cc6a5e18-9106-4825-882b-8de0f55198ec,4494.578604,2.280933065
e4f3f6c4-79c5-4cba-87af-adb0cd36f53f,1102.347411,1.811397049
87ba1744-bdf3-483f-b6f1-081067b387c6,4125.87748,2.309798449
0dcd6c37-ea7e-4dfa-80f3-ffc922bc75e9,4475.496298,1.405001449
8fd23f0b-ef3c-483a-ad2b-5aace0ce3ac9,10960.37899,8.738201833
ef2152cc-15af-49b8-ab59-73e43337599a,1008.605282,1.866698652
910f83aa-3716-4a3a-a343-9751938f1610,5257.547543,2.16321346
7b78cfff-3a8b-4336-854f-bef02be86aac,83749.33982,1.423009786
7f2ab4bc-1e1c-4001-874e-deb5b1c69788,1846.69627,0.767834728
41732494-175b-4314-a747-da19b094a979,102266.3127,1.045069586
58e29f83-897c-462e-ae79-b9a67895dbce,3097.317674,1.686097721
49f91fce-526b-46fa-9ac0-8c80b6eae3c7,6923.02132,3.257622578
3b89f909-e814-4147-a3e5-4d80b89ef1de,984.9582733,1.178123383
16413,462.9944771,0.812064435
86041910-f71d-4288-bee3-15495a3e743e,2108.851952,1.408948387
ef6c06ee-8674-4267-8c69-f0671308c180,2299.654085,2.464203754
db48cc76-5b96-45bd-89b6-3156b074d255,6951.929086,2.77604126
8b119277-70f2-45ec-99da-be939bf6529d,799.6770199,2.093746125
1fbde4f7-45c8-48da-8936-5bb17e62c5a7,3683.602866,2.035744805
634460f5-db1f-4972-ab1d-7f172b4e3771,1608.363554,1.388624191
ad29c819-cfa7-4907-b3ce-772cb186fc38,494115.6405,1.111373331
ad61feaf-da3e-4d51-867d-bce9bac107ae,6353.356049,3.478706259
6029f5e7-e776-418b-aebf-92ab88866879,3031.415008,5.144775666
2f8cea86-facd-40c4-935d-e9df39436c90,3436.136696,1.575810481
ea8b4d51-4794-4cd6-87b6-a0994be7a791,2446.611636,3.905704855
b2ac4b52-13e3-4382-9469-f8865a5dc3eb,7667.123945,2.551136345
703f718c-79ac-42e9-a793-37e1795e7ef8,9639.912923,1.512767294
97e1b61e-d139-4c30-a4c4-e148ad0d071e,5954.999075,2.613322583
b6d01fbd-660d-4549-8e5a-5f31efdb89cb,128559.0264,0.811698165
46e6d4ce-20ef-4cb8-bc06-18257af0e91e,11060.0401,2.216227717
3a6caab8-d953-4d2c-9b89-3a21dace194a,28845.99645,0.898355468
41a68452-aae6-4014-a689-1ac1a0cea417,7130.795803,2.762940511
14e3be1d-9262-41eb-a14e-dd825bbb44e8,26208.60697,0.810546127
3dba4442-9b7a-4435-8e7e-65452c530d3b,2051.708444,1.614234698
88069fa5-1e97-4cdd-922a-fc7445ca713c,7012.928843,5.063537713
138d61f1-aa4a-4a05-81df-fcc216774e71,137745.6238,1.441545989
1b5deee5-7585-4711-9412-4c38594d15e2,2090.023686,1.938478299
37a4fd57-0597-4e55-bd80-30b98e0a213a,3066.148612,1.076835329
ad4dece4-d4d3-4732-9db7-1272b36946b7,1928.241341,6.622693422
8da19592-9715-4cb6-b3a3-f27e33c8647d,6082.136035,1.626467461
314f76d5-2890-48c5-8e4a-080e414ede83,9670.242658,2.530557656
3542ae16-55ca-4b13-a2ad-4eb215f23f5f,2100.306276,0.780846863
362f3d30-f33c-48ae-a94a-b70a6997080a,5207.820054,1.447613122
075ebc03-d363-4391-972a-6c2165281f64,2662.938161,4.994894625
b4d8df05-bba2-4419-9a7d-032b4ee80ac8,11497.92721,1.733441923
32e7e11e-0d59-4afe-b701-d496e86ff267,6998.457208,4.802793102
8cf60b19-d17b-4996-a901-11e1f1ac18ff,5904.846655,1.901326376
deb56545-2fd1-4202-8de7-19d6176c2334,5613.113257,1.850623321
fa02147d-6070-4454-845d-8b66cd977372,8691.580766,1.460353124
6af3eaf3-c610-4a76-baf2-bd0fd1574e28,6299.493426,2.91961398
64abef13-12e6-4e74-bf5a-b0cb3a223ad9,3167.457259,1.565342121
419c9806-6c07-4752-917a-ba6c12a4a0c7,4143.143205,1.8163969
73e60d90-a97c-49e0-9709-44e365d162c2,8342.4502,3.673401989
ea802ec1-df27-4862-b874-445a454bd7ae,9493.683121,1.338532804
eae20329-2c7f-4aed-8d1e-4e834599b89b,7894.621633,2.183114311
977a7906-7c85-47f6-b2cf-0ab6a44036b7,3517.273558,1.441887302
9ebf84b2-1516-4144-8afe-4240953a6938,5457.324204,1.884431249
2846c3f5-08a2-4683-b9e5-cf800a931ddc,83766.58938,0.996043741
ff5e8fef-8ea4-4f7a-a893-5a80e4117fc8,1120.276968,2.463473669
36b3453d-05e8-4047-b272-e7a52f7281a7,1911.985276,0.738432085
02771edc-062f-44e3-8e25-7a13a526f768,1892.007196,1.543956861
a399ad5c-c225-4d38-8bc0-acf537a5203b,3271.187264,2.735317961
9f35c35a-5327-4bc5-9768-ed380a5ed411,666.7046667,2.452129798
f0fe6305-8c20-4d72-8c4c-3522d28bd252,6448.295592,5.007117105
605d8f74-8fae-49a6-8232-10df13b23965,1710.487101,0.788568506
40b3ac9a-f6d6-41e9-abd8-200149deeacf,5840.671412,6.935231214
f120ca87-1a3e-4f3d-8678-b1cf106d090a,6398.390014,3.238858063
caaa27d4-16b6-4c61-a894-51e4b2b1f1c1,456.5472645,2.352220929
34ae079c-e17d-47c4-950a-861f79553a38,3171.129498,1.707490223
196d06cf-e811-4aab-9649-ab6642551b9b,14413.29322,0.554812463
2b03d199-ac18-4190-9f2b-22fff8205237,1047.118615,1.676768758
0711da6d-8da7-471a-a5bb-1fd8c06061e4,4877.485319,4.819278079
b1517c9a-9b0c-46b7-b506-49c1da05c8f7,2356.441151,6.659058839
82a5f1a3-7ae3-40dd-a00b-22edde9a8313,3549.049534,7.265168892
1bd930ef-8d95-490b-8244-593fffa76943,52222.14628,1.354206365
8432e6bc-235d-4ac2-b1c6-18fc20f82f43,9405.588077,2.561631388
1e414971-00f0-445d-bbd2-79c1ca529815,100982.0119,0.88029662
a6601897-81d1-4efa-a259-9a074b901963,5709.623123,10.5976723
6ea0dcbc-76dc-4b7b-868a-5fcec95c668c,3412.923179,1.545796173
ece21bfd-8543-4922-9987-02aabf85d23f,3003.117567,1.169601357
ec5f06dc-4601-48f7-9f98-5e1cab7fef30,7674.799859,1.240765932
46f8eacc-712f-401f-88e2-27867b3de96b,3879.907734,2.240639252
71e2ef3e-5975-46a8-9ce4-01eb8eae5c00,1298.819143,1.499226784
16446,4007.137512,2.174575173
368453c5-a1c4-4d21-b2af-323209f7f90e,567.1135614,708.8919518
9ea90cd0-522a-4910-ae87-53cbf60dd401,3254.236828,1.923799001
803e6db9-8af0-484e-babf-e670af21597f,6975.98932,7.733719858
d0c043a3-224d-4f46-a24c-c7c9ab5be623,6628.594458,1.844134647
646d78c4-d428-4162-86c0-cc7c6de8f08c,4506.114372,1.052042412
3fd1f615-fdac-4b63-b75a-335f4f6c4b68,4935.700114,2.037277557
2e350836-e210-4f07-9346-f953514ac393,213634.7271,1.527837844
13d7958c-fcc6-488b-8d04-6e884281d702,2940.765222,0.869548249
929b0c27-4a85-4b3e-af1e-989d398834e3,4901.5716,1.457434726
d0e8786d-0722-4201-b92b-98971320da47,939.0572811,2.677680743
cc11f54e-499f-44bb-b4b5-57025749a693,6209.188508,1.841112435
96f618bb-c835-4055-8734-4827ad0f2481,2602.02428,0.942216208
b4cbd3dd-bf2f-4694-ba48-ffd963187a5c,2883.403345,2.236889954
85f00a30-0935-4add-bf9d-8228274020de,4019.367301,1.165584021
f45067ff-7b90-4308-9f0f-d59f468607a4,9112.847799,3.558216168
2488e847-8eae-48dc-bc63-4edcc196d47e,1186.532508,1.532354205
248a86c3-cb96-45b7-afd2-88067322313d,13513.86589,9.23593061
9cfad44c-cbce-439f-8324-e6d7da578609,9927.60238,2.525039635
f070c848-d05d-48f7-a627-2378811a7c2b,3388.908251,2.865932828
ebfeef26-f458-47a9-bad0-331d53dc1bf5,20027.73006,4.814635955
1a1f9736-2637-42cd-8510-810e34a304df,2818.085113,9.616528166
16433,3529.254707,1.701442582
daeb3048-b789-41be-a43c-639fdef9514c,3005.403876,83.72997927
fb2bebce-2766-429c-80c4-6954ba7564c4,1095.13098,1.499403021
7ca24f08-5081-4e62-b0da-fdb43eabc977,3317.438375,1.618452099
df539a88-770c-46e0-a988-5420f57e2fbf,110361.0959,1.099470485
2aaef9e1-6293-4f85-97cf-dc9ef8d6ae19,13590.68839,5.525856113
11c745a8-a774-4655-a6ee-b0f3d9a3c850,6005.888224,0.937260468
f0cf3e64-2e2d-4954-8971-f88662bb8c6e,5224.45528,2.241693618
ab1506d9-a069-496b-ada8-c040f4586454,3739.419657,1.739153328
62ac9263-d81f-4904-9140-ecd7b92a9325,7264.790436,1.740132919
600431c8-2537-418d-8178-20cd359200e0,1461.449177,1.93656637
84a7c0a0-c8d7-4dc3-b276-fd2f067f8314,4754.67742,1.338567498
201e1a94-46e6-41f9-bc65-e6c8f615a182,14479.43183,8.263006658
30f73f25-db97-4575-ae86-ddf3fe932507,6777.623233,1.718833003
3b7c60c3-3811-47fa-b4bc-23e42a622bea,3621.171603,1.525024891
b0f82d53-42ac-409e-bb42-5bc0c4902a38,2603.736266,0.981105501
a1f147ed-6fce-4276-8375-4dde6e5e9017,1901.737389,4.155131902
16454,11674.01503,3.866220794
73580a84-530a-4960-88d0-318c771c45c9,45527.24389,0.645856156
7abb8580-30ba-4048-9163-15c58fb2db08,6931.047364,2.179558193
16280,66747.31732,1.70762629
4c15eaf5-4b2c-41cd-b6b4-429dffa6365b,2298.404039,1.842131174
62da65da-2035-4896-8b59-8faf1e984867,2259.944296,2.039303855
d6d1134a-094d-4a01-90aa-87af7c5e0195,7531.132088,1.79186385
5d9e892f-4507-4dc5-96f2-3371339b9d9e,1204.082708,2.168255205
4447902f-bf3c-4ea7-a3a6-0314dc8fa8f5,3471.469919,4.12368173
27b2385c-e249-46c9-a031-db5e11b90061,11914.36085,1.880580422
a10bd82a-3ce8-418f-a735-66dba388fb41,3856.702975,2.485117129
262b92ae-3591-4623-b887-1c84e7b4f5fe,5794.817095,2.278272144
16441,2471.750826,0.973229102
bc4239be-164e-49f6-b207-564e9483f825,5504.953269,4.65757043
e4beced8-0e9e-4254-92b5-4b503b800581,3995.680503,0.730293922
bb7f2ee2-996c-4e21-866c-05f4ce0ec545,19008.79215,2.648901431
fb5c3028-07dc-42ce-bf3e-00782c91f595,3718.610556,21.65129872
a48a1884-0253-4790-910d-0b9c18089494,7134.576358,2.50243993
0e20234f-d6bb-4e81-bec0-f28f79195667,319656.5236,0.879281955
0e1b0049-8af0-4e4a-88ed-37c31e7188bc,9174.586419,3.074896259
7a6a6cde-6586-4f4d-97e6-ff371d7bd426,3401.350466,2.985253844
16269,83542.47218,1.3863796
bcbaacd9-9998-4869-aa10-20bd03e7e302,1551.911098,2.702665549
981a3f2e-e63e-4abc-b03f-72273c02f6f1,1845.342167,8.538586177
4ec4e547-c84a-4999-ba63-ec7577371215,5509.388401,1.717191274
d45b603d-e01c-4d13-8c12-d454e5be45a2,5915.212105,1.549443715
47ff8a75-3519-446d-8628-092ab79b640f,5693.454242,1.627087064
632b938d-7f0f-49e6-b6c3-f1c08a2f8408,3547.367073,2.412331384
a0f59288-e4d6-4286-b881-1b2dffb4a919,3132.19567,1.452158569
c5f574a9-2c5c-4f64-b4f5-ef7b3e21a33d,11827.18299,3.08323618
4561b856-b108-4984-a8ca-9513fdd0ffba,1716.508876,1.649483753
1a5f93c5-21ff-4929-bde0-e7d6587a48a9,5344.477222,0.82164554
75c5de1e-ea8e-4292-bbdd-208619c52bf9,5407.722191,0.689432476
16277,207930.4417,6.064805978
1524d54a-df32-4955-b3cc-847099c5202c,3680.268171,1.130132029
6b014a04-ec5a-4e01-bc5a-5a7e4a36e835,10942.02591,2.765387876
97f679d9-3435-4975-ae14-562363ef42b5,2206.152574,6.469048577
cebca2e7-9747-4d66-bb01-44c6e9118cbe,1751.833391,1.927916425
ae6b8404-cbae-4fc0-8e3e-674dd22ddf16,741.7622706,2.054993602
4d9a11d3-8f85-4923-8c22-875c1ef4b2d2,5319.449858,1.720614989
7a7deb44-e94e-4eaa-af0c-75cd1bedfc1e,2640.22095,1.777916988
0805fe2c-7591-4a24-be3e-04874566afc1,1354.288806,8.483498952
8ce8dbb8-1682-491c-bd22-455fffefabed,11550.0422,2.603282829
b0d5a082-5bdf-4181-936e-27695cd0389e,4188.980699,1.233579883
3fbc9c73-8f31-4391-83fd-bb0161aaff53,2940.657838,6.53813691
efb8bcab-7a10-45d9-b6b3-5a2f855e2c96,4892.311999,1.651775748
885c06cd-2f78-47d2-9a7a-092cf29e2d55,251031.5716,2.075001863
f95f4390-0112-4bf0-a6f8-e4a44ff59daa,4159.58034,2.66194061
16439,5852.625405,1.628903832
16443,26445.12662,1.894885391
680f8c1b-17ac-4e3e-ab7b-a64e8e915b7f,1865.110639,2.130751419
5c4a23f4-af26-4603-8d95-dfb1a64ec3a4,3338.135233,1.002592348
b69d52ff-fea8-4093-88b9-e1cad4f8ee4a,53023.45309,1.463645009
5ebd6820-eb51-402a-a10d-6f38cfe9f567,4817.293289,11.55192965
cd142ef7-3325-4ec6-8b8b-16254954db1f,8734.80508,5.328940594
ef9951b1-7a6c-450b-bbcd-eef377be520d,12611.22153,5.940792629
6d990843-e957-4d5d-8c33-85a8026a07d0,7492.894639,0.309068265
68f875ee-01e6-45ac-ae4e-cceab935f1f8,12200.20389,3.006163985
d6e38a7f-5cec-4bf4-8851-75a9662d96ae,433.0180842,3.039789991
892bf3cc-bde9-427e-8df9-379506962075,290.9004441,5.115362667
29da7c46-0bc6-4ad9-a729-ff8ac8e27568,996.8460078,2.771711408
daf2a47f-5599-447d-bf02-e78571c5b1c8,3504.262761,5.903805447
80e99759-ca1b-46d5-ad00-5fc8e4d00f56,1177.229275,1.815126409
16273,50041.74644,0.891305752
637e3fcd-3d1d-485c-b67d-bdcfd027bc73,1993.335509,1.700200534
4bf4a2a6-d20f-487c-906d-319a0f451315,4424.513251,1.120146385
1af87696-68cc-417c-a050-718cedc31cf1,6264.6181,2.540050544
03fdd890-2ce8-4873-8d02-0d753838576e,3958.786701,1.186352377
335ceb87-d791-4b85-87b8-9ad609c6d30b,1172.862887,1.193117246
f7e9d248-f96e-4d4c-88da-e8d9359392de,1882.121607,1.798048458
a8e43186-7f4e-486c-9645-9bac1e2dba21,622.3356956,4.138200492
16409,490.3093336,1.993192192
783d3c3c-1ced-4e77-95db-23c3a28ecba9,2272.64735,4.468086172
f086eef4-8cbd-4cf4-9419-ced531095b91,8068.906965,6.311298649
949ef193-4a38-4479-9db2-3651beccb584,3713.674824,1.374313273
5a1930fd-1996-4d0a-9ed9-0d19ba207782,11543.64815,2.426442163
ed4a9714-0a9c-41ee-98ff-a80d7b0dc4a9,1294.65069,2.580970008
809515a3-5912-44e9-a55f-bf81f8f9991d,5222.246175,1.986030057
16445,2656.691443,1.876364137
c6a6528a-eb08-4d66-8b48-40706fa93ba1,1744.63159,1.458824524
3a347178-0e37-4ae8-a230-f74ff6f5a6a0,3371.537859,1.641371872
5e9b429a-79a2-4deb-9377-9f3187c3e194,5156.544853,4.545313782
4b68f0c8-3b8b-4eb9-b2b5-208a874ef27d,1689.14656,1.324193527
16442,26959.42312,1.898153114
d3cfd119-8562-4318-9eee-98b9cc1c775c,1644.273582,7.67727914
a7d4a40f-906b-41a6-b03e-22b6431e316c,3201.245712,1.019974062
7a3428e5-434f-4599-9d57-0ab19d1bb4be,2861.016961,1.542853963
b07bad35-f748-4af7-8089-f5c5a3fb5056,5775.29338,2.798649632
8dc38be5-de67-430b-a7d9-cf9b81379951,2259.245243,6.128594951
65d11c4a-e389-4ce3-81ee-9900a4f3c639,646.1409135,37.44008075
2609a296-3e8b-4f1c-a94f-c5e489e0a645,17178.87997,2.577066509
6f84d3b0-3bd9-4528-912f-641dd92e6474,70595.20782,1.366569895
e10a56ec-bc75-4080-97e1-fb2ccde82216,129616.1739,0.891577495
3afbe300-7a5b-470c-a6d3-190df7eeb1cd,2270.733859,1.860424646
a9a8fb74-cab9-46f4-b6be-27279b366cd8,6774.490079,10.90422565
5f937544-a583-4199-bed2-94a2ffbe23d4,4197.653706,1.992951314
cc4d3eba-9b58-4b3c-a00a-0fa0c0374808,5572.931208,2.366242273
16438,11091.83053,1.415794613
46624f41-5372-40ba-81cc-a94340ee3e46,9503.971834,1.298235143
de1028b2-9d02-4920-b32f-f94e497f9315,3274.113907,1.157359096
5dda62d7-3341-4f03-8880-8f9803e9956f,5530.457631,1.826025422
8fc9a774-049e-4539-93e3-8c7e2ad0d3a7,3135.010086,1.336648475
37cdf49c-82c3-47f6-993d-f1b62e9b59bc,5347.001642,1.348631177
ee3fd212-9d24-460c-b5ce-062f3ee46bcf,2496.177857,10.21673344
0e0998fe-7e84-4c75-985d-d389bf26a2be,262745.4566,2.320769721
90188921-2e05-402b-a7f4-f8842b3b88e8,30152.47893,1.270529861
28a377c2-20af-42af-8493-267a0282629b,4460.739812,4.607811953
5f1e89f2-6761-4af2-9f2d-01f13294fcb0,9037.863506,2.219394705
d8dd63ae-7bfe-40f1-aa5a-356a27f78af9,2043.486512,1.076139413
d2dc3c91-6cec-401b-a5b7-0ca7f753a779,111769.1633,1.284173356
53711c78-7293-4304-b82c-3fa1587d093f,5478.880912,1.318025299
43aaf6de-65e5-4d44-876d-c9bb99722e59,10898.02444,7.432126546
ef7f347f-dc07-486f-bbb8-f827979cf298,6665.342432,1.481472967
47c20e4b-66ca-48be-bc99-0407acb7dad8,88130.90417,0.888764855
cfc7ea15-4060-4dc2-8c25-bb4197678c01,2630.559956,3.051707845
65b99a9b-8184-4773-b11f-22f2fc6f4a3d,7664.776833,5.845370266
7b7b1cd5-30b4-4302-82cf-b43e2899ed97,9101.146537,3.708895148
ff93a2df-d916-4a1d-beb6-9e163322f70d,6248.1582,1.486923165
f8f6b318-5225-4c4e-9e85-db5288b11849,6419.569516,1.088825177
7de1199d-a868-467d-a996-71e869c4ce53,708.3124723,2.42581072
80b894e5-5330-4dd4-9e3a-276c4883ab62,5290.488234,1.357647323
b379c432-3313-4967-94c5-3a4129d8d9fd,4530.346626,2.339291422
63b8dafb-cf5d-4ad8-997f-7e9ce1ca67ac,14332.48462,5.884672459
8d9a12fc-4c88-4de3-aa82-19243f2b4049,2449.037863,1.437255783
24a890c7-8ed0-4717-a68f-f8989dd296a5,7016.350965,2.409231181
d6033be6-200d-4ca1-a084-3275c155db66,3554.887055,3.198169613
f3b76673-5421-4b0b-b18e-fc4fb5d2ef24,12172.10877,2.709253887
505ec7c9-44b3-4ef3-8678-b64fc4a01e16,4694.973099,96.515019
4ac225bb-3e8a-4978-bff7-53ccf6d6ad2b,6327.453035,6.431593395
7cc0df2c-c08d-4473-8266-5eee25145b65,8726.35232,7.029365159
912ea556-a99d-4ad8-91fe-d61bf0d70f9c,6490.402257,0.894927449
7949410b-6eb1-4d19-a499-d90504bba829,7990.868993,1.423515304
11c898d8-5e48-4415-9a15-0a4774a65756,5283.344044,1.799234462
b8a249a6-272f-43af-a957-4c6310be038c,383.01463,3.755855479
fcc9fe9d-7f59-4538-8ff1-c6c192508364,821.6961914,3.253752669
e553c8cf-3400-4305-9e23-54fb85a6700a,4554.698642,1.207134262
36303bb8-c95c-448d-a450-fa7981899637,7677.267787,2.434825508
89fc49b8-bea1-42d0-b397-ef00f184333f,1298.151145,1.803858314
b0d07f93-d499-44f6-80fe-1c3fcf6a65ac,2944.685199,1.072489541
4dd49b46-7f64-4742-81d4-4992ed35d999,1559.990788,1.936972033
ee46e566-e3e5-4088-898e-b84aae6c1591,2964.918271,0.958818584
1cbe19c8-a5de-41a7-a52d-f38a7eef4995,614.656748,3.631971802
57ea7f01-5d78-40a9-aec5-762a136b305c,2209.153093,1.219624992
e8ebaf0f-ea95-46a1-ae7d-9d00d68960c9,6287.957231,2.466074472
65f37cba-0cd7-40e0-a52c-72160c6a4bd8,977.1798283,6.073816093
ea356d52-ad48-4efc-b75e-765b02b046f8,3717.413498,1.596289522
204854f5-c4e5-4eee-92ed-f2ff134a8e83,5089.82434,1.044114079
2e583fc1-f00a-4e71-a41d-2cae1c9f1f29,4689.727208,3.232823134
2060f364-f44a-4fdc-94fa-2bd428e4014e,7969.042742,1.966243353
5e48e5dd-bafc-4ab8-9bed-3dc19d4ba7f5,2130.265866,2.731784275
e75a0627-c4c4-4070-a2a0-b1a11ed566dd,14565.23495,0.523100971
2a912134-30d4-4caf-b8de-a6a1fce01641,26933.44942,0.903644129
26f0db8d-9eb0-4bc2-b217-3daf9c1abef8,3460.244163,1.728148536
90b2db25-7ef7-4b5f-b256-d61ae1382983,7098.742551,2.253758666
0e431505-1a87-459f-b9e4-091464b8854a,6257.10308,2.569831602
563a3432-4d61-493e-89e5-fb7f1d2e5e9b,4063.301199,1.388729804
9ace1f5c-b778-48a8-ae82-1fcb83120e85,5195.7738,1.457368108
8b889168-cf1f-4633-8a02-2123ad7ac4d1,754.7583885,1.120362572
cc44dac1-372f-42d1-87e8-cbe75d9c7758,3184.127181,2.974246502
251bb71b-cf7f-43a5-9fca-8853ad4f252d,7414.607469,2.277465404
8f26459d-4da4-4c12-b2a1-56cb3f2559b4,56214.98106,0.566861461
16425,3499.098368,2.781512617
82f4d558-9f6c-43c0-9e26-9ec9d82c9783,111488.0034,0.655971016
4c46711f-30aa-4555-ba57-af80a2054e4d,3624.157981,4.251151868
a2bb1ed0-d79b-4bc2-8f36-4eee09eee336,29757.99447,1.509706222
0d9dd5f8-acab-4059-8181-4f76f9603a41,3010.81616,58.40291275
32c46750-24ce-4997-b281-69485272210b,12671.25633,5.894013322
1accb4ee-69df-46be-8862-663f020270d9,6676.1173,1.436550244
a2c44597-5156-49b0-b0c8-c9570d9ef30b,4308.926937,1.612457007
253483a0-dd0c-4cd2-b0bf-44ec82d38e51,2633.93146,1.227530326
df382adb-108b-4e26-b9ac-cde43306da4a,1029.532411,1.643944242
65460b49-f83d-44c7-ba88-2872a7914563,2471.197964,1.729276214
16464151-62fa-43ed-a59c-652ca4944232,3944.88317,8.769876017
16449,2792.245272,1.777028748
bbffef0a-9431-4b7a-9824-a1271dbc5b7f,112327.7329,0.791609797
7a8f6ba8-432d-43a3-aa24-864c30024341,874.9520489,2.612249431
2e74922d-4b99-4bc4-9668-5fa47c8d90d5,2416.937395,4.754264628
45a441d6-69f2-4794-9247-d52be6955c47,1061.066187,5.617004471
f576f6e5-d38c-4ae9-b2b4-f44aee05d05f,5793.199111,1.414946655
0de0f700-7d48-476e-8ed8-a5fcf171cc64,1558.865974,1.567424109
04ed1e29-b692-495a-b083-082cf8811d5d,2997.634925,2.963050203
64af251e-201d-413e-9d8e-9462e20ac3ee,2768.79199,61.15498598
16c0e231-2dd6-42f6-908a-a668c98c9c21,3491.488796,1.023372417
303dfc2f-4791-495d-9d83-be5a95943083,1923.607808,1.630687425
a57080e8-bd8b-4a4e-91fc-5e3d1a38530b,3022.220497,1.624210524
464d17b9-2da0-4700-a5ea-ec789e7fd10d,7511.918507,1.373880282
4f160514-405a-42f8-801b-5188d65b9d33,7046.710613,2.03391399
e95e6c3e-3611-42a7-b150-3ee12ad5c4b7,7299.039902,6.368403823
fb9e9042-ec0b-4f2e-803e-eaa16ddd2401,2692.287033,1.319253179
adcdca49-2dfa-46f6-9951-f44959a43256,4803.518989,1.357765475
f132415a-7a6d-434f-8ded-06e9d1d80baa,110083.2992,0.950431536
34cc2cc4-7952-45e1-a086-41a453d66387,5495.778583,1.58344923
bbae91a4-be42-4e30-b9e8-f0b5fa4e9f21,2321.174114,13.23149163
fe4c04ad-3268-4293-8446-e2b5ab9daabb,822.980577,1.814091119
7a7a3e34-033a-4041-8454-8b483cd909c2,5714.329884,1.814131722
d23df84c-e768-4c55-a021-9f72fa398eb6,3333.538222,1.96196372
911b463d-d1f2-47a5-ad3b-165de9159e1e,8962.90972,1.605109058
ee7ce4a7-cac1-4efc-9581-5f953c8ea435,5687.969419,1.377648602
39b98dcd-a894-4b36-9479-caa6ef1cb15a,3028.970455,1.386218436
5419a884-3ede-4cb1-861e-541dd4625aec,5248.532427,0.867669151
16457,2450.270673,1.597922717
4231a6ea-08d9-4316-a510-3a8e7734d3ce,4372.665506,2.217207366
9375a61e-0e8d-405f-9b1f-71b803795970,1504.617955,3.095399448
2b3d5832-3278-480c-8c0a-027be44d693d,3923.13881,1.142324859
9685a3a5-8229-4e49-afeb-229fdd7c8856,6549.656385,1.828253607
138b5201-91ad-4e41-bc34-1f9b5a6a6921,2479.954314,2.164216735
5ca61733-cb93-4111-b6ad-362ded0f7e3e,5342.206545,4.803244128
ba6247ea-5560-4c55-a86b-1eb6a5470814,6381.384095,1.599584122
16402,1214.784364,6.977990237
d7247b10-3b00-41b3-8c8e-23629b32bc87,2993.093315,28.14468388
717de7e9-007b-4dda-b194-bd8d7ea9f480,1200.935487,4.452072724
02996e88-f315-4cf7-ae88-d4dde67f33b7,3476.925258,0.768498458
29b4ddbe-4eed-4490-befa-00addc4512de,977.9339304,2.223415949
907a2b73-e7c4-45bc-8a31-862dc6829851,4288.809311,4.094086375
e75887fd-09ce-41c5-8a69-2aaee202ccbf,5230.397085,1.616802179
7dd7bb46-bb98-483f-9aa0-85b408df0895,4176.366752,2.814251932
f60e2a91-3e36-4d3c-851b-d7ccc50223c8,109178.1535,0.737776337
b10f16c6-637a-4054-83e2-6f488dd448de,3538.942522,2.178722494
579c8f19-fb6c-4841-953e-9da937d36682,4878.921958,2.510048565
b4967187-24c0-421c-a064-23fded4d9df5,8146.19147,5.953329994
f9f7e5bd-3eeb-4be1-94e9-119efd157717,3515.532353,20.86400305
06f6989e-54cb-4f40-bfda-c2da14a5ec3b,8916.490699,1.215754015
dbe359df-af81-4583-a8cf-4c3dc6e8bae1,5159.380901,2.193480034
4dd1fd90-3a09-4d99-82be-e8cc75e99533,87138.3755,1.312323312
93ab3b0e-8488-41d9-b83c-d16abbaf0726,9327.558834,2.220952043
bd16c197-ed33-4a63-8de2-f64a4c880378,4340.429756,3.766066894
496da7c2-4c27-43e4-bfd2-574be6f09b8a,428875.9795,1.050329303
47255e34-7fcb-457c-aee6-fe0b48bae3c7,2582.682031,1.532672573
dc7d0662-84d2-4095-8bb0-8cc25b277230,6346.238126,3.213903498
0b027513-2ff1-42ab-8ef9-1cb516fdf9e2,1330.040179,1.239647559
0a14e8ce-5ade-4d17-b7a5-d6477a03006d,3272.51052,1.413538184
b7d38942-c991-4eff-844a-642762e28813,8566.887415,1.220693762
87f69993-f2ee-4df2-98a0-a6617780edd7,1323.56714,7.612176216
6e4bd180-af29-4fa2-af76-1b1a888a6b78,2217.350936,1.434209464
5b74e76a-5211-4eeb-a58b-b952ef4dad05,4822.389427,2.195324104
0f242c34-a36a-45fa-be32-705846f1266f,1406.618569,1.733471567
fe42cf82-93a1-48e1-a284-1ca081cda132,3663.960182,4.439474167
b327a118-ede5-47d6-86d8-a152ff76bcc7,199.6543994,5.36791954
acefbcfa-556a-47a3-96ec-df50be153b33,1998.353416,2.762461246
16450,2805.620626,1.164243926
79a2068d-7665-410a-9cb7-f3b78ab7e1d4,64775.90201,2.850608876
177534b8-6182-4c33-a2a7-90c1e83e4102,9574.579802,3.23920993
265754d8-dff8-4d8c-a663-a913ecb071a9,102449.3936,0.724490186
e10c28bb-83ee-414a-a7ae-1fd06d86c9c4,1997.333918,3.561795682
788b890b-4533-4065-929d-21d7a94f2654,1579.119734,0.81260201
b5c14783-bcaa-44bd-82b7-b240c7f65f9e,110925.7266,0.825040475
64619d89-79d1-4320-ab20-ff5102ac56f1,3362.634538,3.356009774
ab03d521-a5d6-4fc1-a551-dc3bc7bbb34b,7414.645022,35.65556004
86c33b22-1e16-409e-a7ac-389dc2b6a37d,9706.29787,2.578073678
103213f5-d199-4d5f-a002-35058be2f1b3,3855.292799,0.863518992
bd5f2f5d-cccb-4039-b430-eb5f127e6e1a,3210.79467,1.309505419
a4486049-d389-401a-8b2a-6258f1bd3b8c,3311.638216,1.420448029
25a9c99b-960c-4cd3-a7d8-f29b0370f595,2952.250538,1.504026464
f084d457-96e2-4224-95cc-5a0235329ff8,2369.884752,1.298661867
b0e235ba-2552-4f7b-8a47-f6e3de0b7d11,6322.088914,2.83288326
f2b1f7f6-88aa-4d6f-8a79-38abf55f6915,5307.548817,1.601542058
c2af4ae5-17c3-461f-befc-42cca83935fa,22386.21457,1.120529304
4dab951a-6707-4d62-a41d-fdd4ac718a8b,837.0608127,2.525527434
5650543f-cde5-471a-ab49-28c256a8f56d,5341.715231,1.305285842
f1a3f024-a7b5-4577-9792-70976b2bd628,5771.617233,1.854611333
83b2c595-39eb-4b0e-ba30-1a5d14bf9a8f,2293.98105,2.728506647
16274,195405.1169,0.992293569
b398f850-a27e-49e3-8cb6-f350432095d8,4319.908804,1.90131308
16408,27235.83932,395.9388167
03dd64c4-6b6a-4365-b1a6-5ade63d67dcd,2743.045091,1.057940514
513f49da-1dfc-4f81-8535-dc9751aed0ff,6092.991648,2.974457439
ee64480e-4c31-4c7c-9858-91cd2ae43e06,268783.1357,0.679613574
154aa72f-d25a-4d11-acfc-bd2d79b780e8,14322.31594,1.144275015
0ac4871e-0198-447c-a7f8-1066125fc174,586115.7174,1.323494165
a70c307e-b8cc-427e-b6bb-81de119f9ddb,2185.892382,1.857769429
9aa8b8b7-5753-45c0-a39f-726bb97fd1e6,4834.374252,2.441388611
a6ba1dd3-1410-483d-96e8-128fa6879d33,6162.555202,1.343663742
16278,176704.5595,0.989402144
fe2921ef-df8f-4ec7-891b-6acdc093ec99,2061.518262,1.25260256
e7ca7e7a-930a-4987-8950-76f974616aa4,1739.790313,8.209888508
9f699136-7d2c-4ded-b943-61dc5a24a19f,4746.336647,0.99892972
42d5d53f-f020-4a42-b290-340c2357a52a,9177.694101,8.852335367
bf474d4d-4bcd-4d81-a6c8-a6f12857036b,2880.255518,1.194781722
5409bc31-9af2-4b89-9212-5cedc6583fb5,4244.330555,1.458231168
78bf4b9f-648f-4638-8e10-96da8e239a49,1540.50437,2.857877126
34e25de9-9cd4-4af5-9856-b6097d865cb6,8055.950862,12.84598889
648c39b7-4c8c-4dcc-9be7-c3e4fd69b5de,1007.554711,0.659254223
8c419033-e828-4c0e-9a54-d9084ddb87fb,437846.9875,1.025772501
a54aa6f3-78db-4139-aff8-785b41d7ea13,2553.760071,1.323158839
f729ad25-e543-4238-8d27-c29d94069de6,1004.198872,2.737027239
16435,27227.65509,2.094976155
731b999e-aea5-42f5-9ca5-d89b42627d16,3123.118238,1.626959643
b90f9e58-ee9f-4e91-8cb4-01516b5bd6ab,3255.001457,2.092255545
16268,682441.3892,1.528912368
d1f25a78-91c7-4760-a983-0bde24ef1787,3310.722288,1.711050711
16411,811.3701112,1.577675499
ad30b0b3-c80d-4529-b96c-46bca626a090,1767.591324,0.838084442
b17e0efb-7e15-4baa-8a85-3d2410d1db0a,28978.21679,0.459445826
38caa1ac-63ac-440c-87d0-d3de9bcf1011,6963.201944,3.999959757
8e3ba761-0b13-4fb9-8832-51fb8050a760,2254.685551,4.080712642
88032ec8-8c67-474d-94a0-bc9856be9643,34117.5817,1.993608181
beb5da93-7c73-48e8-b629-bd1d9d93e0c6,4331.879741,1.457736495
79ccc4d9-3e1f-4c01-8774-2cef44bab78a,6116.251602,3.502149302
4af89769-7860-4421-9bc0-091db1bf6a20,6406.325312,5.384634073
2a687f9a-e43f-4d1d-a391-a22e16fec1e5,1390.370563,12.78149074
16416,483.2887199,1.264763031
befb2241-c6df-498e-83c9-2fb913bb807c,2062.036557,1.397579666
8aac1065-e8a4-4359-b7ae-1c65363f6ff6,5685.938539,8.948230855
365b8053-fe42-4214-b78d-012a2280ac31,3121.28113,4.68507475
f7a94aca-b7c8-4c3f-b456-a194e036a2ec,6707.19203,2.757542232
fa339661-cb78-422c-bc7f-38aac8d720c3,8640.193028,1.017235041
d8311fc5-f97b-490b-9dc9-7e3ae38341da,1022.458519,10.61831221
75e8c103-ff60-404e-b2ec-20fd39e62f1d,9041.425233,2.168637057
643bf604-79aa-40d6-876b-bd5033624082,4328.01136,1.579703405
16424,17451.013,16.76788919
4504a897-bbdb-46c5-932b-e6109adcd825,3801.877981,3.079067003
16266,211392.4495,2.265744026
c5d46478-c043-4ee1-b9ae-c2ed7a7db7f4,5839.93661,3.338358041
23c0903b-aa51-4d20-bdce-8d744457b97c,2084.692567,0.928876579
bac55f9f-4207-4de6-9f5c-ad982b89301b,2477.647883,4.874496119
8fd73d1b-e8b8-4a92-83b0-f2aeb013d530,2866.230736,6.482741568
953a9ed8-3f70-4cae-b841-86662a089c3f,366454.5099,0.950360002
ebc5add8-2407-42c4-b6cb-4d21d1fbc5d7,3549.977605,4.288531314
483b1cda-f977-4b8f-ab50-07d762dbaa69,5720.296627,1.422935998
cedb1b8e-f761-4077-bb52-983d928bf786,26484.91948,0.584850544
42f9221c-4768-4a06-86b5-fca66c9df450,12860.07644,1.499479201
16279,105440.0353,0.764183719
1cd879ba-c9d4-4964-9ace-d35cc8360923,98142.69027,1.571857215
15841abc-92b3-4723-b54d-ce1e5bfc1744,504.8995866,1.848653369
3cb5ac7f-8b31-466c-b0bc-d0e2d21b3743,7724.008592,5.355066434
75e9d8ec-5b72-4cf4-842f-e0d5187cac1a,3784.890536,1.973787004
b50b6c28-3ae0-47b9-b140-884da6f1ba87,9914.041824,1.456855756
9f6c3338-92a5-4c89-b416-b1ec71250f26,523.0507315,1.004585301
6453a46f-be8b-4a6e-8dc1-c42a7510d7a9,5537.078232,12.59342757
16459,4565.564051,1.093741089
5fe2211e-7f88-41a6-a44a-0c8561d3ebf3,3386.657614,2.965069243
54c4b5d0-f61e-4444-8c1e-3f4784df6aad,4476.991275,2.72359186
82e19ff9-172d-476c-8a8d-b873733bd3c9,5129.486647,1.135363139
d57c9a79-4942-40e2-997f-c9b6837fb7c7,7563.249128,1.322753252
1ac8dcf9-fbc0-4aac-b426-250e535b9dc0,3323.130871,0.723467209
fce1f270-ed5c-4ae7-9b52-a3dd8995bb68,1682.861187,0.82966184
a8e447ac-20ec-4aab-b5b6-c89f58c68739,111427.6332,0.896766656
16401,265.4703211,3.351580609
16462,146528.3992,0.916262871
ba72a5e9-81c8-4933-9888-5619324bebe7,30930.308,1.748486187
2dbfa32f-a836-45cc-b383-cae52938e407,4762.343847,2.669379488
452f115b-400a-4f40-9a10-8d46294269bb,113441.7315,0.991924017
5415656f-c5b6-4ac6-b28e-5531786075cc,3240.346164,1.586320992
d84ffbc0-6153-4a53-9528-20c4c708ba16,9687.744449,3.70178042
34f9de21-4240-4196-b2f7-08193f97ec52,5915.017112,1.347081138
a13be1bc-1289-457d-9d59-1316bb585a56,431336.0509,1.078412629
47a50cfa-f8ac-4421-9cd3-cd2e77806755,3471.519359,6.056137559
3d054d78-7f94-423a-824e-59e8338056b6,1596.128375,1.526685556
ed63e0ef-ecf4-4df3-8c62-874b1a83b5b6,1902.545298,1.568005131
16461,44664.63624,27.68320477
56c95cb9-f2f0-43a7-b667-9fef915b3213,5807.461724,1.302703882
16427,1024.187139,1.529820277
16276,82296.60175,1.107338136
3e46fa21-527b-4672-ab87-56b974738554,3834.141845,2.396491429
30fe040d-3af0-42ae-94af-45e623e39a2d,213953.7739,1.500804309
16419,2075.655758,1.918382892
9247e531-5b00-4833-afe6-49af94548494,1252.225087,1.655453934
84e9504c-0b3e-43ae-87f1-cd6eb9f4efce,3749.604098,0.709269734
8d2f726b-adf9-4c8b-a6b8-cdf8a33ffa30,2875.01667,1.885941955
22d44841-18bd-4482-a333-6ed410071c64,3078.109085,0.95425714
82a91940-8baf-41c4-841c-035d30e5fa95,9506.40835,8.109429387
a62cc2b7-6745-4017-8e6f-e145068571c3,1135.113009,2.137512163
8643605e-6f56-4cc1-bfe6-f7d218350224,3084.135542,4.140423934
16405,2250.121639,16.01396085
6826baec-aba4-47af-a5cc-0a04d9104a1d,21317.89084,0.936621895
16432,15060.0363,2.093312052
ebef5390-ad10-4025-955f-9299ba2a3377,3284.727445,1.492507059
16414,1953.149502,4.777032625
c0f4ee3d-afa3-40b7-b73b-0e540001419c,4835.882716,1.965095033
8833b1ed-a200-41ae-b3a0-6b27c0c4160d,1993.902598,2.062514195
16410,1225.158732,3.192695881
5f0e8121-59ae-4c7c-a094-e8f4ed0d23f5,3162.680284,2.117689472
16415,740.5267082,2.943761312
66db2095-0258-45a0-9476-4976facfaf1d,8045.872954,2.723218036
e004c656-6ba3-4daa-b034-37491f872de2,564.5684459,1.201362825
99ff6036-a7a6-4023-9191-3da6b296867d,690022.3124,1.57322947
16440,6189.792876,2.437828517
73d19f30-bef7-44f1-a9b5-23d7713c9780,12496.39845,2.585075235
2bac8fae-a740-4825-969d-e0fef687de43,2294.156088,1.231223556
94a74160-282f-4f88-b1b8-92bdf1250edc,4136.935469,1.696348292
485d97da-7c9c-4831-800e-82327e334c7e,1273.514164,0.845614582
d977bbdc-3c87-4f8c-924e-f0e80237e474,1291.140319,2.012979765
3e6d7420-1c88-4df5-81fc-fb4e84d8aa8d,6550.493847,1.585616048
eaccaa73-b149-48ae-a224-2f231f46432c,73870.34499,0.808563232
6405b322-9593-4811-a907-a16b14aa7c22,8076.551108,1.812099111
1b7b5b96-7f49-4397-ab1a-95aeaad12780,2553.814405,1.853911067
3801dabe-a68f-4951-9c63-a472d846a21f,10122.53354,4.464891247
5f4ff4ef-63b7-41ea-8871-2d4516bf5125,6698.570335,1.655064822
420a5bf2-2163-43c2-b34b-d84069841843,3769.379713,0.851037152
f511ebe8-aca6-408c-9c18-d3fce71e0851,7138.625513,5.228138302
8c0dff51-e66c-4641-ba71-a92fce9e6751,4643.809443,1.384860811
f0a16dd2-8865-40f1-af8b-39411fdafbaf,17065.10826,3.36829208
743b329e-361b-4dbb-82a5-2a8573f6ce45,4953.368202,1.20284139
a63ed277-57d2-439e-9df4-797942fad526,9273.623898,7.150520079
14d67de8-228e-49eb-985a-20d2e9ce9cbc,100555.6672,0.916423875
16455,9281.965825,3.878876728
925ae278-4c75-4d7e-999f-eb611e06eb87,5920.36084,1.916424649
7ebc1c8a-e5bb-41af-b8c3-5d64b8331218,3723.703656,1.260540144
a01188e5-dc6e-4953-9fd3-30086e8a61d3,706.4241668,6.144956218
2c1aa774-1534-4ea2-8b6d-3b8f5f6fa0b2,6440.642658,1.304520087
28e39ff6-8ea6-43f3-ba9f-20fe7b03aed2,7728.926991,9.026083503
0731f4f3-0994-4abe-bd0a-75202a1740fb,6195.571036,1.53059072
f125a03d-c364-4be5-adb9-4ca5155081a7,5899.596933,25.38531051
8f13b0d7-654c-4600-ac2d-12f723f78381,2478.995662,1.537401695
4ce39bf7-a353-4d67-91fe-11c2ba66d7ef,3997.927147,3.754020901
26da7bb4-3955-45ef-9468-180faf23fb14,10524.22898,2.341049237
eb07b8ca-bee1-4707-b322-efcc73630dcd,87534.01011,1.196125084
8a23353b-1288-499b-b7c3-c245dbd0d487,123218.8933,1.162969785
fe64983e-cf1f-4b3e-a116-828c5eb95e53,3945.534634,2.050680886
c4f2c85f-d6b4-400c-a4dd-468358bcb208,4939.129875,2.983315782
6006eee3-05ff-42ac-81e4-177ae45399d8,495076.24,1.530970221
b7cebbed-7016-4c5b-a033-a15873b28639,3496.01129,1.682178631
09ddadf2-3973-4c64-b35c-6541c5976a59,2477.070153,1.852109231
50ef28cd-bf82-46f1-8ed3-18a84da35890,5806.324908,4.23711862
9201d207-6a15-4aa6-b240-4c622f360bd3,6038.896055,1.518334489
5081a02f-4565-4bd6-a53f-f3ea6acfaacc,2637.585725,2.011130607
7ec7b219-3dbe-4143-89f1-6b28dc422a8c,4949.808075,1.248804904
690181b1-cfae-4d68-bd5e-26c525dd7440,3450.964611,1.475461011
1511cf87-f3ce-4e3b-aaa9-314a7fc7cdf8,3301.178697,1.0804153
0475fbc0-729a-4529-9222-59b4b27408fe,6733.512289,2.283738728
beeb8910-f471-40bf-b94e-ad80ea380dba,2310.977596,6.404367527
b6bef65b-3d18-4208-80cb-1007e06248d7,636.7900998,0.426012095
046ef4a5-3dd9-487d-b4a1-10601842836c,1683.041014,1.479865365
16417,28067.00992,2.126979576
8ac24c63-6bad-4c80-968b-882518958730,1898.889489,2.362249442
c8841c28-f420-457f-b871-43a4f1c35454,2689.548482,6.552011931
4d4770c0-f7e5-4037-bcd5-2b2829901a05,2561.449816,3.38820595
f06f6fe6-0051-45b8-9f2d-97bffa1179b9,4534.57313,4.817454031
3782700a-e8de-4215-8f86-75a6ce84a041,11461.88941,6.495806424
e69adfd3-4f4f-4d6d-badb-fae401c498af,2161.118863,1.86922127
009f96bd-aca1-4f13-8507-425aa2ebae12,416.3684811,2.725876055
c3901baf-7d14-45d3-addf-0d06799fcfe3,1862.116771,2.706860153
c35149f9-ce0f-43cd-b809-42365cb2d1fd,8090.866066,1.489097087
4639264a-54f4-4c5a-aa5d-88b444bd7a20,14414.31245,2.974450583
b96be476-c22f-4d68-bc38-9e79a322c67c,37861.07134,0.550075829
4a945bc0-7616-47cb-95dd-b51369dcb96a,114686.6288,1.581784566
b58a892c-da69-4241-8d26-9ae4cc1c4816,1215.361523,1.273718196
3af5cdc2-6656-4443-aca9-4d052358b7fb,10515.329,3.205035055
c4513e20-86c9-4ca7-b324-356bdc02572d,11136.21464,4.68526318
7d089145-7527-495d-b2e7-254ed829d188,1682.238149,1.213419114
e34ce1d2-292b-4df1-ab43-40c276ed9f5f,427344.0034,0.906711577
028cae70-9b6a-4b94-9eb5-b05c9a8e85fe,4638.425998,2.398376202
16406,624.0763306,1.660439885
389d5112-f19a-421b-aaad-3315c06ea2f9,11952.86184,2.974525208
275895ec-9a7f-424f-afbe-76da7fdd6b22,2125.916517,1.70762656
dae6ef9b-1147-423a-a11c-9a3049c5f6db,6765.590913,1.662520781
6522305c-7ca9-47b3-8917-7a90bbf13a44,3159.258239,1.0609249
600ea91e-d360-4347-a0f3-7f40ba9a8275,3349.094754,2.647447135
d3886a65-04e5-4575-b798-7e217cd7d3c6,11732.28836,10.04251475
891bded9-75c7-469a-9f4f-c9a34839eca9,4032.013929,1.498205997
e0724ce4-6a77-441c-be30-384fe28b6ca5,813.699028,1.678546732
89ad2f59-a149-4cf0-9181-db8f0c54ed27,8019.066987,1.573131049
369abe6c-da7d-47c1-a2c1-1521bc9a3b16,5965.845917,4.200850273
2fb278a9-c2eb-4a9a-9e0c-ade7feb23ef1,4564.960265,1.219534159
92937092-480e-4b7a-87ad-01898b28c9e0,4172.943368,1.323904193
54521dd1-abfc-4e6b-9ede-c90863035cef,4430.69344,1.164367582
b4412420-2436-42d7-b139-ad44858284dc,8760.075011,1.683074907
0c4b7e60-6471-4878-8427-41a1d870b191,7711.291954,2.067645444
16431,5261.013688,1.354292251
16458,29358.31032,2.699674817
76a56669-5360-4ce0-b8d9-68a372077bdb,44961.93004,0.529013735
f443efe5-5cf5-4f18-a119-854f7b06cf76,6023.736881,1.471936174
4ff1bd68-bc60-4fd9-94db-f8e3b0953337,2968.672428,1.296189171
6c23b7c6-7e43-4350-b335-27026cfdba22,438.738751,5.056341488
14b5c47e-53cc-4d57-ad18-0c9abf4afe36,30412.20772,0.635653322
4b62a71b-9b6e-4f83-afba-fca514ee1972,3277.73995,1.102092511
97e91e31-ff49-4714-99a5-8f09cdd13a67,4961.297643,1.101427762
7b69c0a0-7fcb-4037-9986-ef102e354ee5,9683.57997,3.35644076
e168ba70-674f-42e7-b0ae-c3e63cfbd7f3,1872.973964,4.546605083
fa8fa2ac-d69e-4f59-87fa-2f587573c8f7,78914.76249,0.929084557
a82e315c-10ee-4603-b51c-242888036423,1454.652091,1.606739639
16e844ca-5bfe-4af2-824b-3cb45f1d91a6,79134.25018,0.739034939
b9d88e2f-2e34-434d-a7b8-eae7937981d6,3597.272782,1.697568269
a9d403e8-846e-4eca-a0d7-2fd359731d59,7820.419934,1.331758231
16421,1087.685005,1.183302986
029729c8-69e6-4f50-a94d-c9bb2a514d92,7288.696729,1.839499508
500b79aa-1517-4886-ab9b-5b1b4bb1da0b,2932.146178,5.995228138
257cb0e1-5031-4b67-9967-52ad1ac9486a,4353.144867,2.673829934
16429,5311.921249,8.180896044
4b6d8ae8-a990-4b23-ace4-172d17eb6a28,9584.589824,7.930947595
57aaf843-7ecd-4432-b92d-8f1dce9ea7ea,5632.236755,2.362059651
5b5ce87d-4f3e-4a80-b809-dee53d47e4fb,3794.707072,1.433818617
0a6729fb-4fe2-4987-921e-8ab6a6f289cb,3109.491699,2.252843465
04d192f6-2a5d-49db-9221-c8c95b09655f,1419.760591,3.886667007
3acd58f6-527b-45c6-aa44-31893897db77,6244.610295,3.495608131
f083de1d-fd0a-4022-adda-0a5daa130b8f,2667.805981,1.361646539
bb1082d7-b3ba-4f07-bc40-7e9936c75b1e,3179.183178,1.755678804
5d466bfa-1922-473a-9f7c-1ddc671f41c0,4961.089382,1.445205355
