AccountID,RMSE,SI
7a6a6cde-6586-4f4d-97e6-ff371d7bd426,3070.8980900984175,0.24766897053217424
b58a892c-da69-4241-8d26-9ae4cc1c4816,2155.2788237583027,0.18498449968280362
64619d89-79d1-4320-ab20-ff5102ac56f1,7975.087335890308,0.22233411452527319
d3f048e7-3d2b-445f-a9c9-1b82e873f13d,371249.2225171101,0.33470290036597483
58e29f83-897c-462e-ae79-b9a67895dbce,6009.405657769169,1.52977648232925
7ebc1c8a-e5bb-41af-b8c3-5d64b8331218,14536.50330976952,0.3305978079815755
34f9de21-4240-4196-b2f7-08193f97ec52,4139.012739725819,0.20501027622490517
16412,7989.788927020286,0.8997737022893693
9ea90cd0-522a-4910-ae87-53cbf60dd401,3605.1015059043916,0.1581061159909414
54521dd1-abfc-4e6b-9ede-c90863035cef,15621.337842873716,0.3882207181983558
b5c14783-bcaa-44bd-82b7-b240c7f65f9e,586606.4768471782,0.22646896454514473
16421,1526.9610909715523,0.25295437212566474
13d7958c-fcc6-488b-8d04-6e884281d702,13835.274185481847,0.5020899077494525
d2b99e29-5566-4d6f-896f-2f0739ea4e91,13296.620240251521,0.3702545386854095
03fdd890-2ce8-4873-8d02-0d753838576e,3493.9925721473746,0.09810507902213499
39707c72-9fc1-46f7-9f9e-a27ae57bab63,2477.776651986341,0.3744236034442734
4b62a71b-9b6e-4f83-afba-fca514ee1972,3043.8537581385863,0.10560492666275681
981a3f2e-e63e-4abc-b03f-72273c02f6f1,7585.957577531087,0.8948891677851177
2971bf3e-670d-4e90-b127-921b7dae0f24,17950.45639484811,0.16634502560719824
e75a0627-c4c4-4070-a2a0-b1a11ed566dd,11112.73534093893,0.030747104992591968
54487763-c23c-47da-a892-f1ea56779314,19331.126591322656,0.733514569729897
cb484940-596f-4183-8eee-25b1999c3aba,25756.53442978513,0.5688336098551388
16462,303177.04520341614,0.1510564672830626
fa8fa2ac-d69e-4f59-87fa-2f587573c8f7,469905.3747611049,0.2541235925539358
703f718c-79ac-42e9-a793-37e1795e7ef8,24948.00485231104,3.46068347130164
ef9951b1-7a6c-450b-bbcd-eef377be520d,14686.801614701204,0.19887428639092747
16424,7444.788879048841,0.15225147935676925
17f16911-4247-4728-a435-f4bf2f48e27b,9166.587050266578,0.14296583947057084
4a945bc0-7616-47cb-95dd-b51369dcb96a,376054.7810728845,0.21802856877671245
b0d5a082-5bdf-4181-936e-27695cd0389e,3838.5464799619235,0.12442531112958934
b4cbd3dd-bf2f-4694-ba48-ffd963187a5c,3752.2238841169906,0.7667426587783915
5b74e76a-5211-4eeb-a58b-b952ef4dad05,3022.248152355942,0.5934720590996111
2fb278a9-c2eb-4a9a-9e0c-ade7feb23ef1,11283.177822888209,0.3816430335461141
f729ad25-e543-4238-8d27-c29d94069de6,12211.484416672263,0.5159424330912148
b8a249a6-272f-43af-a957-4c6310be038c,564.281614536746,0.20818036191165676
f086eef4-8cbd-4cf4-9419-ced531095b91,21421.115134158415,0.34938229969005463
42bbec89-106f-450f-828b-c19b95cead84,3116.9143104283767,0.9766054150071052
e34ce1d2-292b-4df1-ab43-40c276ed9f5f,1874455.1728648643,0.18730079947361375
8cbf5242-29c7-4784-be98-1ad2c57f531d,459498.64470806415,0.26011902340493576
303dfc2f-4791-495d-9d83-be5a95943083,3206.4009736847415,0.29314465324617944
daeb3048-b789-41be-a43c-639fdef9514c,903.0151950544996,0.23850020364735414
efb8bcab-7a10-45d9-b6b3-5a2f855e2c96,14427.753532932415,1.7767175989091761
7de1199d-a868-467d-a996-71e869c4ce53,2346.4559484225774,0.32301120489606594
06f6989e-54cb-4f40-bfda-c2da14a5ec3b,9987.491820506692,0.19472382748779937
24b71a39-49ad-4691-a974-ef469d6be183,5101.658292665015,0.23566126826705103
5a1930fd-1996-4d0a-9ed9-0d19ba207782,24667.89840359013,0.4053291639246444
2f2b3f80-038d-42a8-89c1-d8dac760b25a,5426.18170673797,0.2020849773784121
4b6d8ae8-a990-4b23-ace4-172d17eb6a28,2953.8318821079706,0.1715094800588107
ea802ec1-df27-4862-b874-445a454bd7ae,40233.31298837477,0.3335428408033435
19bdb0e0-fb03-4ee4-a68c-f96085eb54e1,554.5602671423321,1.2449942239047307
30fe040d-3af0-42ae-94af-45e623e39a2d,920060.499936888,0.2560278054006655
4c72dfd3-844b-460e-ae12-d1cff145fc69,802320.0039422453,0.24271571941114195
16434,26452.028394926776,0.3613385488167525
19f0b674-b9ae-431f-a87a-538fa51f8c8e,5939.50738490257,0.7341362596860962
ece21bfd-8543-4922-9987-02aabf85d23f,9009.794237342148,0.19735915238468196
41a68452-aae6-4014-a689-1ac1a0cea417,18149.951603639405,0.42233870070955426
d8dd63ae-7bfe-40f1-aa5a-356a27f78af9,9090.22916604767,2.9207901569757153
6453a46f-be8b-4a6e-8dc1-c42a7510d7a9,3481.00069387883,0.29794129486740195
885c06cd-2f78-47d2-9a7a-092cf29e2d55,962738.2468316848,0.2852003879660411
7eab31ae-9e1e-476e-a170-0096a0c0789e,12724.326613989115,0.5756701115800062
c5d46478-c043-4ee1-b9ae-c2ed7a7db7f4,7663.931532794782,0.39500725403464976
500b79aa-1517-4886-ab9b-5b1b4bb1da0b,3384.2212855816674,0.5130507522556941
82a5f1a3-7ae3-40dd-a00b-22edde9a8313,9352.554684992248,2.7224522871353853
40b3ac9a-f6d6-41e9-abd8-200149deeacf,18355.142275047157,0.34626810158918303
5ca61733-cb93-4111-b6ad-362ded0f7e3e,6131.9765673785305,1.689602558159123
ad4dece4-d4d3-4732-9db7-1272b36946b7,2574.28479540412,0.3729137890992178
c5f574a9-2c5c-4f64-b4f5-ef7b3e21a33d,8086.311851246727,0.27622087072715246
634460f5-db1f-4972-ab1d-7f172b4e3771,1645.2460222260916,0.4148156608515665
4dd49b46-7f64-4742-81d4-4992ed35d999,1585.7363978422209,0.6189800034827203
03876788-f6c3-4b94-ada0-f4a4b0e6c444,998995.9361548836,0.283212170531523
1ac8dcf9-fbc0-4aac-b426-250e535b9dc0,2033.6498341391136,0.04057640374214602
5419a884-3ede-4cb1-861e-541dd4625aec,3705.903240870625,0.08868934028893437
1c88f2ac-56b5-4e31-b040-9ade8b96115f,7204.553887173971,0.8952808121394388
6c23b7c6-7e43-4350-b335-27026cfdba22,1293.836856353666,0.13473032380525432
79a2068d-7665-410a-9cb7-f3b78ab7e1d4,238661.015955218,0.3371237772085854
ad29c819-cfa7-4907-b3ce-772cb186fc38,2570569.4782664804,0.237091075173477
4900f284-3f95-4464-b2e0-0b9a156aa054,7854.169661402036,0.3142669496182638
803e6db9-8af0-484e-babf-e670af21597f,5926.625848528327,0.3214388836264807
3d9865bf-09e9-4412-89d0-1b3b783eb974,8184.770199673938,0.17652219893512475
330a6c85-d0a4-4d46-8b82-3cb27561986c,8000.067315082249,0.13802888670256852
1bd930ef-8d95-490b-8244-593fffa76943,212793.6814631246,0.3045282413839742
2081376f-518f-42a2-8979-b2423d062652,365.5909446648368,0.038453385124486116
b9d88e2f-2e34-434d-a7b8-eae7937981d6,15529.394848040854,0.5880184674543842
75c5de1e-ea8e-4292-bbdd-208619c52bf9,28806.01340858622,0.2270594037017856
37a4fd57-0597-4e55-bd80-30b98e0a213a,6102.353224909626,0.13556696846994423
b4412420-2436-42d7-b139-ad44858284dc,15138.033077417527,0.23627975232756473
f084d457-96e2-4224-95cc-5a0235329ff8,3513.5429722939703,0.44609998632501197
16267,2963092.243664129,0.2953670956041165
028cae70-9b6a-4b94-9eb5-b05c9a8e85fe,10463.371348809776,0.6834102226134708
47255e34-7fcb-457c-aee6-fe0b48bae3c7,21234.724324943665,0.4933212547612721
c4f2c85f-d6b4-400c-a4dd-468358bcb208,4817.700854780634,2.1989276046817676
3801dabe-a68f-4951-9c63-a472d846a21f,3960.9568849141347,0.1350297731759476
43aaf6de-65e5-4d44-876d-c9bb99722e59,8843.009764742674,0.1603878440539029
e95e6c3e-3611-42a7-b150-3ee12ad5c4b7,928.5198248663936,0.10084780125711064
e9272f7c-52de-43b7-89cc-7a88e27ad0e5,19292.460532747617,0.25909997827742726
25a9c99b-960c-4cd3-a7d8-f29b0370f595,9653.73673990966,0.24509693093688129
c0d5e0e1-0c04-4d7e-a9ef-570415449c0c,802.4575819630595,0.5162507483381377
ca5010ce-1b7c-4219-8e1d-ab0336834576,15195.895476645272,0.6072389760210593
513f49da-1dfc-4f81-8535-dc9751aed0ff,9661.832648735814,0.5144283436470574
16457,8424.786058210586,0.38682900604371206
452f115b-400a-4f40-9a10-8d46294269bb,403506.09659357753,0.19188883100650667
93ab3b0e-8488-41d9-b83c-d16abbaf0726,24289.311548247933,0.4481651011794684
809515a3-5912-44e9-a55f-bf81f8f9991d,4363.532561211658,0.8234902082039203
5e722a02-4402-40ec-ab37-dc869ca84938,1302.9825621715129,0.13880614769663718
365a4ea2-5bba-4ad9-a32e-348ea2aa7092,3536.3531028461425,0.36809335468874993
5d9e892f-4507-4dc5-96f2-3371339b9d9e,5252.527466519682,0.37543189391466486
fa86b4a3-44ab-4bcb-88fe-46e4a451e100,19801.965206042987,0.41679266109475066
7b7b1cd5-30b4-4302-82cf-b43e2899ed97,16166.877365978124,0.9648633207937427
e553c8cf-3400-4305-9e23-54fb85a6700a,14448.616218373818,0.4753711216981678
4b68f0c8-3b8b-4eb9-b2b5-208a874ef27d,1716.5201968271667,0.15785751449275565
cc44dac1-372f-42d1-87e8-cbe75d9c7758,8788.686416454555,1.9757102866612086
ef2152cc-15af-49b8-ab59-73e43337599a,2722.192766286003,6.807311380648558
34e25de9-9cd4-4af5-9856-b6097d865cb6,7749.546583015554,0.22487936280652496
1511cf87-f3ce-4e3b-aaa9-314a7fc7cdf8,2642.0575878387617,0.06218499731938987
a7b05a99-9fad-4ebd-b652-1b7608e27767,16738.502071328076,1.6796416114089445
5806a549-8753-48d9-ab45-9188151639d2,5454.3988182408175,0.15302966819681826
ee7ce4a7-cac1-4efc-9581-5f953c8ea435,5341.636608665012,0.14170700830119495
3a98e91c-b44d-4427-ba16-8b762379db5c,5678.514107502037,0.14572385421332812
5494ad63-4540-438a-b43f-12b7dec828c9,16851.04434371199,0.45501730237722465
6405b322-9593-4811-a907-a16b14aa7c22,27413.552677339707,0.48988618309961424
dae6ef9b-1147-423a-a11c-9a3049c5f6db,13071.912317028853,2.148878446594555
6faa6320-b5af-48b4-a991-095d5530151a,7107.722609509883,0.1847318185922492
28a377c2-20af-42af-8493-267a0282629b,2798.2679909056933,0.8751993846372784
4b171653-23c9-4f55-924a-46e51bf11ee4,679555.4564708871,0.19187353356549774
8a5f3928-6c0b-4021-bce4-5e4c035c9f00,6742.479137929532,3.069593668732129
291e9077-7c91-430a-936d-2faf0876f8fe,1923160.0483876849,0.23549152947898686
9c7aa0c6-1053-4f16-88ea-a8daa215a05c,40197.71038335976,0.812447107253932
9a4a60fa-075b-451a-81f4-7fd886f91965,3510.4015859755837,0.1007295944176703
275895ec-9a7f-424f-afbe-76da7fdd6b22,21726.667973792675,0.4365939256310187
80e99759-ca1b-46d5-ad00-5fc8e4d00f56,4368.104313640731,0.7074173911757504
7a8f6ba8-432d-43a3-aa24-864c30024341,2653.180513125761,1.2792712907879256
85f00a30-0935-4add-bf9d-8228274020de,6941.439719444936,0.7104947292476147
09ddadf2-3973-4c64-b35c-6541c5976a59,11221.553004364026,0.28780391694533514
6029f5e7-e776-418b-aebf-92ab88866879,6076.722576617467,0.2506180603783036
8a23353b-1288-499b-b7c3-c245dbd0d487,552143.3253736563,0.2278399391233276
690181b1-cfae-4d68-bd5e-26c525dd7440,10479.46219581632,0.4550198558544834
14d67de8-228e-49eb-985a-20d2e9ce9cbc,347331.8632191918,0.17295849022047347
c574bf11-f6e1-46d6-8a82-f966998c89e7,5238.712112990557,0.8818142558756158
9685a3a5-8229-4e49-afeb-229fdd7c8856,17164.228398878044,0.6256815149543344
27c64d1c-7e03-4026-b215-10a5add4f3be,8191.647360915493,0.40624804657867547
335ceb87-d791-4b85-87b8-9ad609c6d30b,4110.115637828657,0.47819132394871333
49710577-6bbe-4555-86af-e50a24d1885e,1614.7796182953625,1.879679023755125
7b78cfff-3a8b-4336-854f-bef02be86aac,465827.3030265337,0.2999197798482286
7a7a3e34-033a-4041-8454-8b483cd909c2,5004.369495369636,0.1910337389905901
e004c656-6ba3-4daa-b034-37491f872de2,813.5574074351358,0.5381560492377283
97e1b61e-d139-4c30-a4c4-e148ad0d071e,3767.9714065609705,0.5105873705311031
977a7906-7c85-47f6-b2cf-0ab6a44036b7,10495.747592036892,0.24983339101753316
29b4ddbe-4eed-4490-befa-00addc4512de,4724.870487734052,0.4065341235369364
949ef193-4a38-4479-9db2-3651beccb584,2788.4816234515292,0.2545222028114487
c35149f9-ce0f-43cd-b809-42365cb2d1fd,16456.166141363818,0.37452831987608776
46624f41-5372-40ba-81cc-a94340ee3e46,9285.964747077096,0.31833440155089354
265754d8-dff8-4d8c-a663-a913ecb071a9,664768.8190300219,0.22362131767600507
26f0db8d-9eb0-4bc2-b217-3daf9c1abef8,21384.81832114149,0.7062057510087746
5a5161ce-4e81-429d-8c60-468e1ced8df3,4969.555176117567,0.7901992491827092
1cfc34b7-f406-440e-b702-69dbdec37fa7,205022.25750902668,0.19909848390128446
7a7deb44-e94e-4eaa-af0c-75cd1bedfc1e,2565.734769743443,0.18025278814717813
f7e9d248-f96e-4d4c-88da-e8d9359392de,7969.386820970473,0.4392279850742745
88069fa5-1e97-4cdd-922a-fc7445ca713c,12150.28187790525,0.3335426013760756
16431,13832.157324694126,1.4854711070665527
8f26459d-4da4-4c12-b2a1-56cb3f2559b4,370397.6898843658,0.19476678404861714
77303cad-e32f-4568-9482-552625c1bf54,555088.4302835527,0.24781820797188941
7e8334c1-0da0-4993-a413-ea18202daae9,11534.965933230073,0.7336078970423636
16440,33105.58013296307,0.49851268186152875
7dd7bb46-bb98-483f-9aa0-85b408df0895,8760.170668465544,0.3960647604115098
646d78c4-d428-4162-86c0-cc7c6de8f08c,16663.96517830928,0.8510667456674506
3b7c60c3-3811-47fa-b4bc-23e42a622bea,21116.83285106293,0.49775629221222045
de5ae23a-7bc6-46b7-9dd1-bbd280221ce8,5048.6056917737305,1.3791321720402292
16443,28072.064991842068,0.2643152474390807
56c95cb9-f2f0-43a7-b667-9fef915b3213,9969.801393079862,0.23941923356846181
82e19ff9-172d-476c-8a8d-b873733bd3c9,10120.345575411235,0.30807777222966215
20bc42e4-0e97-4068-a2e8-bb0e6743f63e,13120.866356928387,0.2389343350357201
0f242c34-a36a-45fa-be32-705846f1266f,1445.1801541234875,0.1435774681340959
7547da59-a90f-4ec0-a18f-ed5cf2566db9,732378.4050334718,0.19416854861813537
820bc83e-0c9b-4f3a-ae15-7423927453fd,5248.662933318656,0.29936383713371234
b7d38942-c991-4eff-844a-642762e28813,39799.088832916656,0.2966127585198984
907a2b73-e7c4-45bc-8a31-862dc6829851,14723.01449411204,2.989784522526833
ee64480e-4c31-4c7c-9858-91cd2ae43e06,1878225.2223993375,0.22503969836510174
a48a1884-0253-4790-910d-0b9c18089494,20900.077805139943,0.3783560062803956
4c15eaf5-4b2c-41cd-b6b4-429dffa6365b,4132.989485999823,0.2583164037739931
36b3453d-05e8-4047-b272-e7a52f7281a7,1495.2677956268612,0.045155765700606844
04592e1b-d2c3-45bb-97bc-cc52161579c8,3300.2044598495077,0.6339987589473791
7949410b-6eb1-4d19-a499-d90504bba829,9399.577034288623,0.6005799457261268
16446,11036.446259447548,0.3489500701428167
b379c432-3313-4967-94c5-3a4129d8d9fd,22006.971355245634,0.5876363666942652
b1a8e3ff-b811-4629-b37f-c303b4094e2c,8121.53168322356,0.34171742232521946
64af251e-201d-413e-9d8e-9462e20ac3ee,1209.9862124427566,0.1331288567173633
1b7b5b96-7f49-4397-ab1a-95aeaad12780,24785.211691408294,1.5858767946717742
5650543f-cde5-471a-ab49-28c256a8f56d,14051.780884694634,0.2854084751043566
3b89f909-e814-4147-a3e5-4d80b89ef1de,4161.287234370513,1.0399786156494637
9c2d46b2-a6b5-4fe8-9226-30ad8d04cb6f,691094.1573452915,0.23082415027273784
d977bbdc-3c87-4f8c-924e-f0e80237e474,2822.646163421562,0.37824188785813434
ed63e0ef-ecf4-4df3-8c62-874b1a83b5b6,15589.90778700566,0.5078251393955894
1582d967-579c-4406-ab13-7a687fd083fd,4791.589496686643,1.8485271842754647
799b83e5-247c-421c-84f7-74a11cf35fc7,481697.8998416857,0.23602208931480603
16417,47542.403721162256,1.0694061151003005
07102f17-392f-4e99-af61-ffdb6c3bbc77,3909.7602502075138,0.14817122193679144
253483a0-dd0c-4cd2-b0bf-44ec82d38e51,22025.520667731183,0.7130027082045324
30f73f25-db97-4575-ae86-ddf3fe932507,8118.585991629707,0.35824951357083
9a9c68ac-ee8e-4dca-8d06-7971b54f5212,6265.325822763808,0.16046903756019346
53711c78-7293-4304-b82c-3fa1587d093f,10861.169755615529,2.042357957759622
6c56d04a-1117-42e6-95e2-72822200e38d,218828.90257065577,0.2947105436657371
097d1afb-7f99-40ee-ba33-8fccda0a4d47,7261.114685746128,0.26798250799565565
6f84d3b0-3bd9-4528-912f-641dd92e6474,312923.49762155354,0.24663285610247798
ebfeef26-f458-47a9-bad0-331d53dc1bf5,37387.60890116793,0.4076227527872749
e4c14997-7738-4507-918d-977f64935ad4,3257.806558874311,0.12273079803995461
b7cebbed-7016-4c5b-a033-a15873b28639,5950.852896599041,0.26327416825024574
0e0998fe-7e84-4c75-985d-d389bf26a2be,839865.4429632049,0.2529882603867506
f60e2a91-3e36-4d3c-851b-d7ccc50223c8,556006.1918280121,0.19020377889430642
0dcd6c37-ea7e-4dfa-80f3-ffc922bc75e9,6589.004176817256,1.3097450302639744
eb07b8ca-bee1-4707-b322-efcc73630dcd,401833.42131907656,0.21128730339836047
06e1c218-e56d-4280-b7e4-36fdbabbd563,229693.28968303694,0.21994311589988283
5081a02f-4565-4bd6-a53f-f3ea6acfaacc,1633.8550575824315,0.11036535101270419
912ea556-a99d-4ad8-91fe-d61bf0d70f9c,6929.627774510811,0.14572731836460542
8c915c1f-86cf-4712-ad8d-c1c6fd6db49d,1431.775017244138,0.24468337016877573
eae20329-2c7f-4aed-8d1e-4e834599b89b,7415.42281203814,0.6030912305074492
b6d01fbd-660d-4549-8e5a-5f31efdb89cb,804515.7373185264,0.22770988066358155
3542ae16-55ca-4b13-a2ad-4eb215f23f5f,3488.5219270086714,0.08464344665387093
cf57875c-430d-444a-be07-abde3c8eafab,4044.996520209267,0.1823233431868826
e4beced8-0e9e-4254-92b5-4b503b800581,6164.211589975943,0.09904708199823782
f45067ff-7b90-4308-9f0f-d59f468607a4,6475.536953567629,0.20705281239672613
34ae079c-e17d-47c4-950a-861f79553a38,2713.2676852996974,0.5809649823377084
fe2921ef-df8f-4ec7-891b-6acdc093ec99,8118.35064714483,0.33416870448680647
4c46711f-30aa-4555-ba57-af80a2054e4d,14023.355226502212,0.396870151963265
347f78c2-a5d2-48e1-b301-60e6b4a0f5a2,748050.6380251298,0.21753498510942376
c95dc9a3-5d04-45f4-b915-09f1c3d0ba1c,9838.361420465872,1.3222839836495837
f576f6e5-d38c-4ae9-b2b4-f44aee05d05f,11360.340646182778,0.4561941699403552
4c71c0ac-6f9f-4cfd-9854-1447703bb215,9958.182264202278,0.21412595321616923
0a6729fb-4fe2-4987-921e-8ab6a6f289cb,2253.43693477397,0.19189220072187632
9aa8b8b7-5753-45c0-a39f-726bb97fd1e6,22517.697485874804,0.5259321204891408
ef467def-c278-49f1-a075-61e761552fa2,15840.06502864378,0.31065221338290866
b07bad35-f748-4af7-8089-f5c5a3fb5056,8897.795588243585,2.879103848873534
f8f6b318-5225-4c4e-9e85-db5288b11849,8433.814742961455,0.2034287038600939
009f96bd-aca1-4f13-8507-425aa2ebae12,471.2403329892303,0.08967972178370302
83b2c595-39eb-4b0e-ba30-1a5d14bf9a8f,8407.994179025647,1.7107715973925053
d6e38a7f-5cec-4bf4-8851-75a9662d96ae,2162.373701749899,2.0506832391306493
47dc4978-963b-4884-995c-5f3116ebf179,17365.972000053152,1.2367981590047508
648c39b7-4c8c-4dcc-9be7-c3e4fd69b5de,3468.2612543485343,0.34687139215152923
2aaef9e1-6293-4f85-97cf-dc9ef8d6ae19,9117.461462274798,0.1894290568982843
16441,5742.896375524339,0.3740666484758961
fb9e9042-ec0b-4f2e-803e-eaa16ddd2401,3382.2935340774825,0.1606659760217808
16411,761.701156412652,0.38597829992077354
9cfad44c-cbce-439f-8324-e6d7da578609,27740.093232927866,1.3072055165644088
314f76d5-2890-48c5-8e4a-080e414ede83,8976.442154498534,0.8858340980873335
71e2ef3e-5975-46a8-9ce4-01eb8eae5c00,1773.6643532755234,0.18268814087112833
16439,11325.194951484313,0.4539617714844408
788b890b-4533-4065-929d-21d7a94f2654,1637.4699808085008,0.05829331629897835
15841abc-92b3-4723-b54d-ce1e5bfc1744,903.8570260916267,0.36449522173268545
bb93fbc7-59e6-4708-bc9a-42225ba4573b,544638.8618549615,0.3268811387780529
16433,7890.218509932417,0.26682667628565704
8c419033-e828-4c0e-9a54-d9084ddb87fb,2834858.787418833,0.2695567558229664
d2dc3c91-6cec-401b-a5b7-0ca7f753a779,432376.3370916974,0.20796970733490722
caaa27d4-16b6-4c61-a894-51e4b2b1f1c1,5609.284228531586,1.0587086840537725
717de7e9-007b-4dda-b194-bd8d7ea9f480,9877.633500221666,0.4662670662932489
b96be476-c22f-4d68-bc38-9e79a322c67c,259022.35981335817,0.20186685456278583
46f8eacc-712f-401f-88e2-27867b3de96b,4334.812224596718,1.6872373452580518
16449,33575.430030217874,0.8895675930296383
4bf4a2a6-d20f-487c-906d-319a0f451315,21233.144878153093,0.3540792404714945
73580a84-530a-4960-88d0-318c771c45c9,303908.1273451342,0.204988624727351
b0e235ba-2552-4f7b-8a47-f6e3de0b7d11,18210.92478416325,0.2743814862525471
c4325b8f-693c-4605-b685-360e36c31697,3799.875416287868,1.6583884545703929
2060f364-f44a-4fdc-94fa-2bd428e4014e,5078.576792506381,0.11248205690826905
02996e88-f315-4cf7-ae88-d4dde67f33b7,3971.323275964082,0.09132790114070974
0731f4f3-0994-4abe-bd0a-75202a1740fb,5099.591092682407,0.24604141144734354
16418,81488.18273488288,0.6280844423978391
eb914441-4054-464e-bd33-e27a94a95c4f,9658.488961489818,0.38779260182693426
6b014a04-ec5a-4e01-bc5a-5a7e4a36e835,6749.0865358822175,0.22756193677987022
9f6c3338-92a5-4c89-b416-b1ec71250f26,1610.2900318170696,2.8494320420502826
6cbfd1a9-41a4-4298-a4f9-0ec22c8c7f69,6434.198451703325,0.26599001504543124
16274,852082.4084624035,0.2077371371906505
0b027513-2ff1-42ab-8ef9-1cb516fdf9e2,3649.5863309729093,0.2525039350780249
e7723aa5-1224-45d6-aa68-4de3a81c0604,16898.761567920348,0.4633271501016446
de1028b2-9d02-4920-b32f-f94e497f9315,3642.3237258227605,1.1015289010935712
4561b856-b108-4984-a8ca-9513fdd0ffba,9781.082838822938,0.5781055155576468
7395998c-f7a0-47c4-b1fe-e1e2e268f793,4559.767866941609,0.4074512934146809
04ed1e29-b692-495a-b083-082cf8811d5d,8683.051497065971,0.5915186616501965
2c1aa774-1534-4ea2-8b6d-3b8f5f6fa0b2,12545.808755130416,2.1446596809681058
befb2241-c6df-498e-83c9-2fb913bb807c,1739.549661956439,0.335143253410472
76a56669-5360-4ce0-b8d9-68a372077bdb,399754.9568669806,0.23046128692198886
4fb146a1-70fb-46d4-9817-ce2e27926608,6456.6402870072725,0.6688314124645209
befdf3e4-5b2c-49d3-8f53-550e2f234d9c,50773.60227548067,0.18938294877029385
5fe2211e-7f88-41a6-a44a-0c8561d3ebf3,5795.693746642989,0.764116751059004
f17a9644-59c6-4ac3-a619-d4297647cd0f,1046.6462471790273,1.1150144747103685
09010ad7-6091-428f-b534-0ef0f47ad120,35669.51635050207,0.478476146835845
b4d8df05-bba2-4419-9a7d-032b4ee80ac8,27564.47480196548,0.5636594536778325
6cceb62f-8756-4950-b2b5-d1b7d5c37732,84359.09422455731,0.25258021037641576
5c4a23f4-af26-4603-8d95-dfb1a64ec3a4,1613.5875130417496,0.05290947691093845
68f875ee-01e6-45ac-ae4e-cceab935f1f8,17279.92244350631,0.17659597069861444
3e6d7420-1c88-4df5-81fc-fb4e84d8aa8d,18343.617445846616,0.5010010245784752
8cc384f3-5e7a-4421-867f-bd55ce404114,2652.6467976143363,0.8467233929670263
0f8ec7d0-0b2d-44d4-b25c-078569f851d6,8664.090346993467,0.927461804899939
16450,7684.256742500683,0.1892083986639606
477c7fa0-e795-40ee-aada-edf39595dea7,8226.471168097334,2.9523151497013074
7fc8a141-21dd-4c9b-acce-a2478c8d8f1a,7145.3856779464695,0.17189255195124367
fce1f270-ed5c-4ae7-9b52-a3dd8995bb68,11482.558166208897,0.23595108562448192
b2ac4b52-13e3-4382-9469-f8865a5dc3eb,4339.917558412704,0.2568466350506148
65b99a9b-8184-4773-b11f-22f2fc6f4a3d,1630.3736107991488,0.08319208092862872
12bc2cb3-3e59-4472-b053-4dd33acd2ae0,12052.095630627136,0.765505208508139
732bfde3-7590-481d-b1bb-580514764285,753834.143770775,0.22287339598870096
ea356d52-ad48-4efc-b75e-765b02b046f8,6165.664163062624,0.47441046042501245
680f8c1b-17ac-4e3e-ab7b-a64e8e915b7f,1618.8259545776284,0.11741809911193854
c9df399e-c2c4-4ee2-850e-e8cb30902131,10972.767013754059,0.5175934574266714
8dc38be5-de67-430b-a7d9-cf9b81379951,9941.871548079735,0.491741268738529
62ac9263-d81f-4904-9140-ecd7b92a9325,5701.094704603469,0.15726825481711112
49f91fce-526b-46fa-9ac0-8c80b6eae3c7,8928.448103115828,0.4751142203423092
248a86c3-cb96-45b7-afd2-88067322313d,15631.405341788692,0.2974842657111466
368453c5-a1c4-4d21-b2af-323209f7f90e,404.2016399482616,0.15674932229975433
14b5c47e-53cc-4d57-ad18-0c9abf4afe36,251935.66809386446,0.25593899469788833
cc11f54e-499f-44bb-b4b5-57025749a693,6335.844226178343,0.49693231077310346
108b52c2-fee3-44cb-90ff-f505ef1bf644,2383.6815227889765,0.3753857249780966
4e21e99b-cd3f-4d39-8e53-80c8e0246385,4917.065362282875,0.41952012742277756
88032ec8-8c67-474d-94a0-bc9856be9643,36912.93110983607,0.09119125045243319
2609a296-3e8b-4f1c-a94f-c5e489e0a645,7195.9337547697505,0.08417632386876436
a31e8c7f-c7e8-4ead-87ad-7171318a975f,2603.682541638185,0.2296017970416721
9017ca88-e286-46ab-9b79-1c7102f3c43f,8707.120267824756,1.507628294300623
3782700a-e8de-4215-8f86-75a6ce84a041,16443.436204711048,0.4639035249782992
258e8d14-da6a-4e30-b024-d2eaa9a0c686,1587.1891998808967,1.627598399135432
4ac225bb-3e8a-4978-bff7-53ccf6d6ad2b,16625.313517555547,0.6955623630732569
73d19f30-bef7-44f1-a9b5-23d7713c9780,25732.828728809778,0.21510781216126987
8fd73d1b-e8b8-4a92-83b0-f2aeb013d530,1536.7462610312575,0.14870361302336757
997ef1f2-371c-4607-8758-54ff96ac6e02,3776.393522434091,0.26066373715809854
f0ff162d-52e0-4dd9-b973-89bddf73c201,1940.5959111981324,0.6630107197771508
d57c9a79-4942-40e2-997f-c9b6837fb7c7,16705.663144109814,0.6874287762397593
c50e3f81-848c-47a3-a6b4-cc35dd973dfe,8608.160209632752,0.6201585387377727
02d044ad-9384-4099-b623-004965e0de44,34583.808193320525,0.5060806725121356
721240cf-0513-4f8c-a299-10e0c6d96238,256625.525567195,0.2232530482077486
b398f850-a27e-49e3-8cb6-f350432095d8,9322.906330026368,0.17082390592036512
16452,24409.98766284011,0.7928345281995605
d3886a65-04e5-4575-b798-7e217cd7d3c6,8604.397090023758,0.34178638661484856
1e414971-00f0-445d-bbd2-79c1ca529815,868985.4963812979,0.2956505270346085
0c8432e7-b8d2-4188-88de-67f2936226aa,26024.48738656126,0.6394424361612878
16438,23264.415996857886,0.5844008262064591
3af5cdc2-6656-4443-aca9-4d052358b7fb,23635.277995250908,0.5039849203184564
b6bef65b-3d18-4208-80cb-1007e06248d7,19.925199885356506,0.005432555166221299
0734342c-6b9a-42f8-834c-08a98d60e98c,93915.44725228952,0.21028827879537595
a70c307e-b8cc-427e-b6bb-81de119f9ddb,5310.936861562525,12.622007523296755
f390aee1-710d-47b5-8c0c-379e63d2a6ec,14464.55909278777,0.964758405045188
935507b6-f5da-47f7-8b15-cae3323e8ee9,16881.7272277208,0.6352679437954069
d6d1134a-094d-4a01-90aa-87af7c5e0195,18033.25117020222,0.6653064041481891
b10f16c6-637a-4054-83e2-6f488dd448de,17150.390650083096,1.4572527943849627
ef6c06ee-8674-4267-8c69-f0671308c180,10923.459135182338,0.37992634459099994
df539a88-770c-46e0-a988-5420f57e2fbf,811062.3123713711,0.2977160246424808
90188921-2e05-402b-a7f4-f8842b3b88e8,155017.64662926682,0.28747539913393416
16266,593775.9574080015,0.24493089357105677
e10c28bb-83ee-414a-a7ae-1fd06d86c9c4,7308.722163860749,0.4603039749039931
6ca62807-a73a-4b40-a47e-3ef9674f89b0,11762.29555386183,0.37186976026358876
8c0dff51-e66c-4641-ba71-a92fce9e6751,4749.98865926999,0.26720802161914886
9247e531-5b00-4833-afe6-49af94548494,2355.304176440083,0.7366319894189157
e10a56ec-bc75-4080-97e1-fb2ccde82216,761586.3916404671,0.24206467376152394
2e350836-e210-4f07-9346-f953514ac393,823587.1589294993,0.23454506736619815
16445,1902.5063524816444,0.11432986531786386
177534b8-6182-4c33-a2a7-90c1e83e4102,3951.4313657348785,0.15173556264650154
4ec4e547-c84a-4999-ba63-ec7577371215,13642.249892188724,2.541115867357135
16414,2613.054866327987,4.304105724814777
9ace1f5c-b778-48a8-ae82-1fcb83120e85,3467.7972497467613,0.15010187222548563
13db8e91-25f6-48db-9df6-974a3b920945,213460.44920598186,0.22528426543931937
616860cb-ac9d-434d-8574-925db1ac1ea1,14420.941825251719,0.4785904124772293
d994a8e3-00d1-4560-a25e-ba93583f96d4,192031.80733265766,0.24833319062918577
ab1506d9-a069-496b-ada8-c040f4586454,9316.261059699702,0.4274895940999876
27b2385c-e249-46c9-a031-db5e11b90061,40324.63791033808,0.22618555929764764
2b3d5832-3278-480c-8c0a-027be44d693d,8665.603935590188,0.21750197170282431
16413,1854.8880943605207,0.4829915762646799
a01188e5-dc6e-4953-9fd3-30086e8a61d3,204.51494650413787,0.13064791937097966
c9f19b41-8752-401e-b054-12f9d14cdeb7,98600.71625396593,0.25543029398058414
2e583fc1-f00a-4e71-a41d-2cae1c9f1f29,11898.973178486187,0.29527635135791663
cbbb07b6-0e1a-4608-9740-bf2adbd95d0f,94106.42603064932,0.22993812284456727
154aa72f-d25a-4d11-acfc-bd2d79b780e8,88177.02464788666,0.27778285212940484
5e1b8362-3878-4fdb-a9d3-e273ad35e7f0,726275.4131794611,0.21609638257889166
8da19592-9715-4cb6-b3a3-f27e33c8647d,6980.779585653475,0.4290204985997225
bfbf55b0-788b-4360-ad05-513ee728e199,1704.2751355819132,0.39046787535956956
4ce39bf7-a353-4d67-91fe-11c2ba66d7ef,8795.913989622712,8.915705407477578
7ec7b219-3dbe-4143-89f1-6b28dc422a8c,5210.856930230704,0.14271740887501264
8bacc438-5861-4835-ab6b-b9a8a33e222e,4832.053015287103,0.7669080604909719
32c46750-24ce-4997-b281-69485272210b,31388.463901536066,0.495338100682247
0a14e8ce-5ade-4d17-b7a5-d6477a03006d,3749.2940845603234,2.118197376647038
08c81f95-46ee-4c88-a62c-b8d589337d58,18497.663158262803,0.38360063842243664
16454,50884.56085183231,0.5074666794595613
50472786-7419-4b44-adbb-5ae6fc683f51,3217.4151959889928,0.18621318212187066
a2c44597-5156-49b0-b0c8-c9570d9ef30b,17965.62575948825,0.3651924050652394
16407,2362.0842280343863,0.5308166572584648
62da65da-2035-4896-8b59-8faf1e984867,4943.205554940678,0.9556956074515789
8f13b0d7-654c-4600-ac2d-12f723f78381,18272.092803474734,0.3862437387585661
41732494-175b-4314-a747-da19b094a979,339494.6628808376,0.16197204684591
f083de1d-fd0a-4022-adda-0a5daa130b8f,17631.44355358503,0.3719177766104479
11c745a8-a774-4655-a6ee-b0f3d9a3c850,18610.428536861353,0.4832629844881958
97e91e31-ff49-4714-99a5-8f09cdd13a67,22337.26299639682,0.3815705653197117
1cbe19c8-a5de-41a7-a52d-f38a7eef4995,1886.0394589985406,0.706367269213009
16426,4336.3098275674865,0.47115038397397885
16273,31225.60034269918,0.04690796009353167
c4513e20-86c9-4ca7-b324-356bdc02572d,8887.410914164877,0.17024580568871073
fff7f00c-c869-4310-b705-4503538f5ecf,21217.56682295954,0.29393327269504105
fcc9fe9d-7f59-4538-8ff1-c6c192508364,1259.9559163493993,0.13194081852972564
bbffef0a-9431-4b7a-9824-a1271dbc5b7f,547038.0485648742,0.20771985285067443
f9f7e5bd-3eeb-4be1-94e9-119efd157717,2111.9382149900753,0.5489995710789572
16460,22473.507802550044,1.0566055562171717
0c4b7e60-6471-4878-8427-41a1d870b191,15444.739697111978,0.7519401647641852
0de0f700-7d48-476e-8ed8-a5fcf171cc64,2387.6293470069163,1.5629784644736509
65f37cba-0cd7-40e0-a52c-72160c6a4bd8,851.6820786644296,0.24388655118329972
1186c2fd-7a00-4f21-956f-8c5a896d9111,8368.229511089443,0.15423644091128536
33862ef4-cb08-4453-a641-29ad7c4e5a32,1041.628955580712,0.22723620642594433
5dda62d7-3341-4f03-8880-8f9803e9956f,17445.501074065764,0.39237944915749057
e873aead-0589-4fd0-bc92-b81ef46f9b39,558480.8989596274,0.24300933986829135
bb1082d7-b3ba-4f07-bc40-7e9936c75b1e,5318.331656757283,0.8929213210578868
a9a8fb74-cab9-46f4-b6be-27279b366cd8,3917.399874454703,0.21477387471812523
d45b603d-e01c-4d13-8c12-d454e5be45a2,6737.644452246102,0.16574974158960432
02771edc-062f-44e3-8e25-7a13a526f768,7445.5118334749595,3.6959005791542006
57aaf843-7ecd-4432-b92d-8f1dce9ea7ea,14098.562640362554,0.45260483108807387
2a687f9a-e43f-4d1d-a391-a22e16fec1e5,4215.256364965407,0.3077028908855849
d8311fc5-f97b-490b-9dc9-7e3ae38341da,980.6442402750046,0.41310982777686694
5f937544-a583-4199-bed2-94a2ffbe23d4,23475.856946096195,0.9908703523797283
257cb0e1-5031-4b67-9967-52ad1ac9486a,11640.34716457513,0.2438712144590855
4d4770c0-f7e5-4037-bcd5-2b2829901a05,1845.8444453464267,0.6407210994626051
8cf60b19-d17b-4996-a901-11e1f1ac18ff,14468.630247756262,0.39339137391733753
891bded9-75c7-469a-9f4f-c9a34839eca9,11184.976682556198,0.27442083546085444
db48cc76-5b96-45bd-89b6-3156b074d255,3939.4034838415205,0.10578197535813079
1accb4ee-69df-46be-8862-663f020270d9,5052.568428178277,0.2136358785775767
bac55f9f-4207-4de6-9f5c-ad982b89301b,395.25326716138335,0.936077877154874
7f2ab4bc-1e1c-4001-874e-deb5b1c69788,3178.6997385216923,0.09808836867311739
8432e6bc-235d-4ac2-b1c6-18fc20f82f43,12879.030220516672,0.1762271274106508
c980b50e-d4d7-468b-9ca8-d3d4494bc041,3907.379756317018,0.08899807285209024
a9ed81c3-becb-4678-bf97-fc818437e705,13245.4098979095,0.24932867621562174
485d97da-7c9c-4831-800e-82327e334c7e,7167.973935868422,0.5996211143581022
d23df84c-e768-4c55-a021-9f72fa398eb6,3625.75561398995,1.5629031671785236
75e8c103-ff60-404e-b2ec-20fd39e62f1d,8034.111955780176,0.17094478627965656
a82e315c-10ee-4603-b51c-242888036423,3698.1426867908735,0.6006009491647575
ed4a9714-0a9c-41ee-98ff-a80d7b0dc4a9,12138.237271542228,0.786648753326875
28e39ff6-8ea6-43f3-ba9f-20fe7b03aed2,11280.323766616062,3.946202961461977
8d9a12fc-4c88-4de3-aa82-19243f2b4049,6087.099161370929,0.3874964724435695
1a5f93c5-21ff-4929-bde0-e7d6587a48a9,15657.330849339458,0.5400396927629678
2c8d9d9e-f66e-45c7-b41e-d4d425847ff6,4194.545872247204,0.8807663627670363
ef7f347f-dc07-486f-bbb8-f827979cf298,5954.863808934883,0.1058160234842469
8b889168-cf1f-4633-8a02-2123ad7ac4d1,955.3427953859585,0.9194298648643566
3e46fa21-527b-4672-ab87-56b974738554,1241.3542766327255,0.08482957583600087
11c898d8-5e48-4415-9a15-0a4774a65756,4563.7945802069635,0.5333168072712634
0d9dd5f8-acab-4059-8181-4f76f9603a41,2989.90643465767,2.1236978605437424
14e3be1d-9262-41eb-a14e-dd825bbb44e8,156724.3062878278,0.20162371105829716
16c1c689-a0f3-4629-8338-e615c30914bf,14594.920637334204,0.2715219704482439
fc4b16fd-ff68-494e-95e2-578219437a28,5789.588784793414,0.1543142144998767
4447902f-bf3c-4ea7-a3a6-0314dc8fa8f5,1298.0109293639898,0.15317050895004328
d3cfd119-8562-4318-9eee-98b9cc1c775c,1407.9308110334584,0.6873843209273205
16279,560769.4501666765,0.23469644156062777
1b5deee5-7585-4711-9412-4c38594d15e2,2696.1554250007944,0.21182073229110035
45a441d6-69f2-4794-9247-d52be6955c47,2759.0713476912247,0.7099823661026858
2a912134-30d4-4caf-b8de-a6a1fce01641,200466.52401387936,0.2714881666957409
f120ca87-1a3e-4f3d-8678-b1cf106d090a,2822.2201353760784,0.3829503678826691
196d06cf-e811-4aab-9649-ab6642551b9b,64242.08587849252,0.15354908675724177
dba26c7b-7cf9-4bd9-bbeb-672bc8771e33,8698.127093308163,0.30773625517791636
8833b1ed-a200-41ae-b3a0-6b27c0c4160d,13702.173218469281,0.8186685385791794
86041910-f71d-4288-bee3-15495a3e743e,5421.928799485478,0.6600129861251174
97f679d9-3435-4975-ae14-562363ef42b5,1467.525250436524,1.9303294597229377
362f3d30-f33c-48ae-a94a-b70a6997080a,6343.61249819745,0.28487907025839126
a10bd82a-3ce8-418f-a735-66dba388fb41,14020.165579012159,0.6365683965145956
fb2bebce-2766-429c-80c4-6954ba7564c4,10798.183727103175,0.5652708546272048
5c9a8148-80f7-4f50-a743-e5aa862df2f6,185251.84752308246,0.177629359261787
38c85335-f73b-4291-8b80-938ca0f0c791,21311.78050573669,0.32208961942368963
7459cd82-c1f0-4580-858d-6f507f51da5a,3919.9363119537934,0.285348631953378
3fd1f615-fdac-4b63-b75a-335f4f6c4b68,6870.627964494332,1.1924832112137904
ebc5add8-2407-42c4-b6cb-4d21d1fbc5d7,4638.898193420402,0.492269134973248
73e60d90-a97c-49e0-9709-44e365d162c2,21195.579697533158,0.5223317695976664
dbe359df-af81-4583-a8cf-4c3dc6e8bae1,5704.014357793003,0.21264110766476077
14c1420f-c74a-4afe-bf22-cd6ab7cd12b4,1415.8165060720505,2.3983800469439593
2b03d199-ac18-4190-9f2b-22fff8205237,4997.231491163899,0.6055755805190256
0bd83140-a80d-4a56-954f-ca87c8403f9d,8858.502993389118,0.8963303733299606
47c20e4b-66ca-48be-bc99-0407acb7dad8,391070.5152364932,0.20727494222560763
8643605e-6f56-4cc1-bfe6-f7d218350224,1857.9548547306233,0.09840947018351658
5f1e89f2-6761-4af2-9f2d-01f13294fcb0,28830.58102665355,0.4473704354378884
d0e8786d-0722-4201-b92b-98971320da47,2240.447948817285,0.8484726186799667
5ffc25d1-97f4-4eb2-b31e-8e1a5cb39aa8,9449.891157918182,0.3732352545856402
b14d2023-4953-4c39-ac02-e52c4b1abeb7,26373.133252265612,0.7864127496046668
1fbde4f7-45c8-48da-8936-5bb17e62c5a7,4062.3602089249625,0.5473560022093008
bf474d4d-4bcd-4d81-a6c8-a6f12857036b,13721.44300317659,0.5241565291948392
65a828a4-07fa-4735-bdca-bdad0c2078dc,12985.347034030487,0.27852281696240955
fa02147d-6070-4454-845d-8b66cd977372,18092.266549491844,1.6560087508953452
2dbfa32f-a836-45cc-b383-cae52938e407,17896.90550785447,0.778123416923505
a9d403e8-846e-4eca-a0d7-2fd359731d59,16830.329611847606,0.45871660345098597
4fa320bd-6477-4ed1-9d53-d594d883ee47,3372.724647226523,0.28655030912462587
ebef5390-ad10-4025-955f-9299ba2a3377,12921.745718482603,0.3775185284400045
a1f147ed-6fce-4276-8375-4dde6e5e9017,6490.869229137607,0.37394443855686266
5415656f-c5b6-4ac6-b28e-5531786075cc,6932.797379417225,0.4168461877040685
16423,5167.64251907676,0.7108531900060939
2c8778f4-d3ef-4ff9-b912-0be449f47db8,6354.305786886916,0.142626422607362
beeb8910-f471-40bf-b94e-ad80ea380dba,16650.657760337126,0.6842337710614297
ad61feaf-da3e-4d51-867d-bce9bac107ae,5971.93717692808,0.8093972904324874
a4486049-d389-401a-8b2a-6258f1bd3b8c,6032.866542924646,0.6584103488860411
a65906d8-751f-4245-b7d2-33cc1637a407,15010.71062925612,0.4064067747335175
201e1a94-46e6-41f9-bc65-e6c8f615a182,7198.992357609857,0.1558947656075612
e69adfd3-4f4f-4d6d-badb-fae401c498af,1958.2114292084295,0.8972907445189744
63de17b3-8e28-48ff-8489-2fb0059decfc,8414.89993104108,2.995165652975618
910f83aa-3716-4a3a-a343-9751938f1610,20971.081580765247,0.28568496761770895
f2b1f7f6-88aa-4d6f-8a79-38abf55f6915,13393.76863659922,0.28486853276430146
fe4c04ad-3268-4293-8446-e2b5ab9daabb,7261.933298543451,0.654030483985513
054d69e4-4965-4efe-8c4c-d5fde37a5581,12896.83715576149,2.104598607778528
a57080e8-bd8b-4a4e-91fc-5e3d1a38530b,5266.2747486393,0.524383428420348
039e3173-3844-46a6-98ff-90c3203d49a0,4837.04116879788,0.10930052976293125
bb7f2ee2-996c-4e21-866c-05f4ce0ec545,14660.590624425087,0.2349618249603175
34cc2cc4-7952-45e1-a086-41a453d66387,9228.08939547082,0.23771485888098848
8b119277-70f2-45ec-99da-be939bf6529d,3409.0207354417685,0.8463720517288749
703b6494-3f65-40e0-a144-95f9120517e0,3177.8544327447416,1.7511927352176362
bc4239be-164e-49f6-b207-564e9483f825,1023.5288265863385,1.0741349022825433
16425,27246.470625565908,0.3807361009138921
16410,1619.4245445742806,0.8755851714941604
24a890c7-8ed0-4717-a68f-f8989dd296a5,13874.02346940793,0.38570056546731796
89ad2f59-a149-4cf0-9181-db8f0c54ed27,5484.967293932147,0.06770418938657304
16275,732589.11443665,0.17328250873396203
1fd4d3bf-8ab4-40dc-a8e0-ef25373306bb,7442.743131214016,0.42275570523850714
e168ba70-674f-42e7-b0ae-c3e63cfbd7f3,7189.413704049553,0.3788302361769462
ec2bd31f-1caa-4a4c-aff7-3abe166835e9,3675.8320673725334,0.14882857199314017
16442,35123.56574479019,0.904598725891561
dfb63784-48ca-4052-84e5-b40c2f8e864e,4086.45046701115,0.2083152390427175
16451,22485.291400178878,1.0590809943268131
3a6caab8-d953-4d2c-9b89-3a21dace194a,170421.12647976668,0.25177726579923765
9f699136-7d2c-4ded-b943-61dc5a24a19f,19736.551645532203,0.3316522367505341
54c4b5d0-f61e-4444-8c1e-3f4784df6aad,5489.881549248301,2.4007626408995146
6826baec-aba4-47af-a5cc-0a04d9104a1d,130992.13162407336,0.2700343735322278
8ce8dbb8-1682-491c-bd22-455fffefabed,18148.991154510833,1.942688380012986
72dcc65b-268f-4b10-8d29-3f1bc4112384,9373.948938202078,0.6094754996017697
8aac1065-e8a4-4359-b7ae-1c65363f6ff6,3576.9400221266787,0.3571355850119432
0e431505-1a87-459f-b9e4-091464b8854a,3706.216635277427,0.3698357625323613
224f4fe1-cb84-4926-88bf-3159ff28f320,3950.0598442601554,0.41705649095147945
16428,38941.69282166558,2.415343701472128
0ac4871e-0198-447c-a7f8-1066125fc174,2772615.841366792,0.2548775171373339
ff93a2df-d916-4a1d-beb6-9e163322f70d,3506.181651814544,0.22944962636296837
a0f59288-e4d6-4286-b881-1b2dffb4a919,6497.952029605848,0.25329344443839225
11e7438c-141d-4d2c-af07-4e967eea8854,948937.6589724454,0.26261399781947137
d1f25a78-91c7-4760-a983-0bde24ef1787,4857.900353161779,1.3197653043922024
78bf4b9f-648f-4638-8e10-96da8e239a49,9398.138241856403,0.48045285219857886
08ea2f1f-1243-46cb-bd4a-4e42a4b58145,6242.655098146414,0.6053247471452791
79ccc4d9-3e1f-4c01-8774-2cef44bab78a,8234.199525932449,0.32678343775674235
5d466bfa-1922-473a-9f7c-1ddc671f41c0,16004.259109139392,0.32760100442633683
7cc0df2c-c08d-4473-8266-5eee25145b65,17952.27026698498,0.5046643719565833
138b5201-91ad-4e41-bc34-1f9b5a6a6921,3363.3075359687937,0.2964036939970119
16403,2246.498061190059,0.15807560229495568
63b8dafb-cf5d-4ad8-997f-7e9ce1ca67ac,16969.24367043586,0.220484801689
b0d07f93-d499-44f6-80fe-1c3fcf6a65ac,11229.818249726788,0.42082933762814
16401,582.558592959723,0.39838582296675124
21d2ea3f-0445-4481-b26c-448e7cf0d11d,8129.103264376591,0.09294218715394757
47ff8a75-3519-446d-8628-092ab79b640f,12778.095800858166,2.399217978877383
248914c4-1320-47d9-80d9-3e4dc1d646bc,6626.467916215423,2.454196474523278
16453,57545.91558151913,0.5283158716738927
84e9504c-0b3e-43ae-87f1-cd6eb9f4efce,4268.150806832759,0.07309740842591457
daf2a47f-5599-447d-bf02-e78571c5b1c8,9240.938291016873,0.6870275522873668
16429,10611.11856585715,4.116599033479881
654fec9a-7006-4808-8074-4cf2d259f962,2384.0822871231826,0.41019066447960617
fa339661-cb78-422c-bc7f-38aac8d720c3,10819.793299233044,0.08500790690171832
4190cd47-6c10-434a-99b3-51ed9499ff1c,18101.516840494118,0.3400018482622294
4a262aff-7eec-41b9-99e0-213141e938a7,600382.1156021126,0.2115308876530467
046ef4a5-3dd9-487d-b4a1-10601842836c,3576.9668457280486,0.5173375760060429
532aae42-83bf-43fb-addb-a07c4af4e56c,4394.671159972319,0.1954531378590022
42f9221c-4768-4a06-86b5-fca66c9df450,6156.476930687582,0.1003841291923813
d7247b10-3b00-41b3-8c8e-23629b32bc87,761.0164527837878,1.0801863001231868
16419,4896.510752320147,0.7870976314497815
f125a03d-c364-4be5-adb9-4ca5155081a7,9169.05845026662,1.8230600113305013
8cfe5551-fb84-41c1-bb40-6d73a2a81fdf,312342.735208333,0.19470721892275988
9d2829c5-95cf-4b42-b7a5-4f1791f0c0b7,3586.0381961189114,0.5430289359137146
82f4d558-9f6c-43c0-9e26-9ec9d82c9783,723660.4302207896,0.2224076774698572
f5b8a677-f3ca-4d65-a1c1-10e0b2050217,21928.499078443198,0.46649897674738483
16420,1465.029833931766,3.8557881279194537
3a347178-0e37-4ae8-a230-f74ff6f5a6a0,7671.055915794948,1.01440480232672
50ef28cd-bf82-46f1-8ed3-18a84da35890,6763.790517690188,0.1787564602399964
f1f11e26-f50b-4e90-9cdb-324e96cd199e,9779.424348049453,2.535768457759975
90b2db25-7ef7-4b5f-b256-d61ae1382983,7116.852334901387,0.5597579655204423
783d3c3c-1ced-4e77-95db-23c3a28ecba9,5375.831840425262,1.4350629302321
632b938d-7f0f-49e6-b6c3-f1c08a2f8408,9242.875613385826,0.40645544243755466
bac50a33-c712-4c39-8c9e-9ead5d04f64f,2845.6877168086685,0.1975530801189023
c2af4ae5-17c3-461f-befc-42cca83935fa,194156.9242031381,0.339196627320128
b1517c9a-9b0c-46b7-b506-49c1da05c8f7,728.1780669122062,0.17238472327825066
0ef82a07-1223-499d-be93-31f40c19f375,9776.411977378366,0.2828855815214739
16448,46614.659999132455,0.46253405178530377
59059cb4-0709-49ae-875e-36288851bd89,12068.185262003914,0.26970467125887426
6d990843-e957-4d5d-8c33-85a8026a07d0,28639.861325501224,0.09122827401354244
1a1f9736-2637-42cd-8510-810e34a304df,2582.5305170516235,0.4124872209617416
16269,99927.98524750475,0.16856616190528662
71108cf5-fd51-4c8b-9df9-e8916b8b3243,3733.6552114530427,0.4435717513807406
51e788f5-6015-429d-8897-f1faef147bd1,4646.2330562573625,0.2100082135153604
96f618bb-c835-4055-8734-4827ad0f2481,15950.649596002499,1.6681918160485545
103213f5-d199-4d5f-a002-35058be2f1b3,15707.40421658262,0.8292882378298929
1c74e692-be81-499e-b7e0-3b2398ac2697,748.2638752311914,0.3381907189583021
63798331-704a-4630-86f9-da64cc42ad40,4254.494901921506,0.594356602363502
605d8f74-8fae-49a6-8232-10df13b23965,4253.329463950525,0.08011996652195189
a2bb1ed0-d79b-4bc2-8f36-4eee09eee336,91914.37298245958,0.3261788327953191
c8841c28-f420-457f-b871-43a4f1c35454,1130.399399572197,0.153207727448973
5f7f5bd9-d396-47e0-a12e-cbf46ad9185d,10518.960817435991,0.2967910952926142
e3b8d5ec-34c5-4393-b847-bd767ee9f81e,217917.4506136362,0.25613288599168105
9ebf84b2-1516-4144-8afe-4240953a6938,2343.8682989020517,0.09978418749404205
6b948c7f-c7f1-4c4a-b17d-df514cdd979b,21926.909307454698,0.7593003793039043
0805fe2c-7591-4a24-be3e-04874566afc1,268.1567495173365,0.07768498193354298
4639264a-54f4-4c5a-aa5d-88b444bd7a20,9497.629816763407,0.7839792747325803
80b894e5-5330-4dd4-9e3a-276c4883ab62,10828.966199233691,0.4624901823236756
7f510f19-1764-4e5d-98e1-f04dc7323eea,4753.414055716972,1.1544658991583
ee3fd212-9d24-460c-b5ce-062f3ee46bcf,6024.755458907142,0.616334757413288
0711da6d-8da7-471a-a5bb-1fd8c06061e4,4000.5962310368,0.3294446729107551
6af3eaf3-c610-4a76-baf2-bd0fd1574e28,19007.16393673527,0.5955769054876537
e0724ce4-6a77-441c-be30-384fe28b6ca5,1343.8162414770745,1.6982987411118733
4ee24ad0-965d-4bb6-9df6-4861c5464718,764821.4281557264,0.2254963139499193
ed830c0a-497c-4472-bfc2-601244c07771,1860.2381062127936,1.60137572092523
9f35c35a-5327-4bc5-9768-ed380a5ed411,1873.8795159355582,1.1211731767113395
46e6d4ce-20ef-4cb8-bc06-18257af0e91e,28374.379161138495,0.5227612205369658
89ab357a-4bbf-477a-aaee-60c3aa659168,123153.2686728929,0.3317415245129143
563a3432-4d61-493e-89e5-fb7f1d2e5e9b,15959.240903672762,0.23136236618287348
d4cc0802-2242-4c9b-aead-5669e55c6376,182.58937605597316,0.4049824524511027
d9bc0fc9-8b67-47df-bf5c-041adbfa73c7,69299.67256158603,0.19228699255475684
d75b538b-eca9-4ad8-bae5-cb4000d3f840,32831.4819654192,0.45570057442356837
7ca24f08-5081-4e62-b0da-fdb43eabc977,5262.701503010156,0.44560895778237203
f3b76673-5421-4b0b-b18e-fc4fb5d2ef24,7474.068177658453,0.17984545601905425
7139ca78-e5f7-4085-b42b-cbb0689ca3f4,5066.21586843986,0.9121397765730608
acefbcfa-556a-47a3-96ec-df50be153b33,1533.4439224633904,0.48393562851553046
e573677a-1c64-4d5d-a3f1-35cee3c866ec,8918.762915547704,0.15749859300956262
cfc7ea15-4060-4dc2-8c25-bb4197678c01,4502.686907530649,0.6511826240204681
ae6b8404-cbae-4fc0-8e3e-674dd22ddf16,521.3133973224249,0.10284433270330712
ee46e566-e3e5-4088-898e-b84aae6c1591,11590.021090687627,0.24786086392479648
16276,248511.25814294184,0.22636747474051258
99f48ac1-f7b7-4605-b5b7-3401cadb1387,559986.5352460343,0.30019708404186646
e520d0a6-a1d7-468a-9d5b-3e554dafe615,15934.637492383508,0.33435690263652773
86c33b22-1e16-409e-a7ac-389dc2b6a37d,11987.318312123807,0.2799038333250163
029729c8-69e6-4f50-a94d-c9bb2a514d92,17181.911688778673,0.8439158174556143
8e3ba761-0b13-4fb9-8832-51fb8050a760,1124.059374528839,0.3324682539990843
f06f6fe6-0051-45b8-9f2d-97bffa1179b9,14854.425875447003,0.5520550985084609
adcdca49-2dfa-46f6-9951-f44959a43256,9478.962597719998,0.35601191905566276
8339fc7d-61c3-43bb-8ad5-8660b0bcb712,2157364.539167319,0.25543311437012417
9201d207-6a15-4aa6-b240-4c622f360bd3,6425.806030460929,0.13293152083258541
14140acd-2e5b-444b-8f78-8a250a5e95a2,3008.1719488470076,0.11933906554629006
2846c3f5-08a2-4683-b9e5-cf800a931ddc,446907.0786867837,0.23548374375068037
29da7c46-0bc6-4ad9-a729-ff8ac8e27568,3139.666330219911,1.582322436098077
e3224f97-0eb1-4f42-963e-87bb423bdab7,10062.965902945352,0.18383688337104812
a7d4a40f-906b-41a6-b03e-22b6431e316c,17715.869934588158,0.7905741385837265
496da7c2-4c27-43e4-bfd2-574be6f09b8a,2764638.6240311633,0.282251110323118
16444,10325.16945045528,0.28975509180315745
ff5e8fef-8ea4-4f7a-a893-5a80e4117fc8,2041.3407288852854,0.23359842640735415
c4886893-3a39-417d-acc8-80810fca1e7e,4744.3271214977385,0.1694148300136436
b90f9e58-ee9f-4e91-8cb4-01516b5bd6ab,3499.8346969428535,1.3039146472829433
a399ad5c-c225-4d38-8bc0-acf537a5203b,1487.3906884031605,0.194765011138845
4ff1bd68-bc60-4fd9-94db-f8e3b0953337,4939.691851347878,0.8594911932061642
3d054d78-7f94-423a-824e-59e8338056b6,3382.9076236526025,0.6072424522804618
a13be1bc-1289-457d-9d59-1316bb585a56,2641608.0457132827,0.25648563222783616
6e4bd180-af29-4fa2-af76-1b1a888a6b78,1579.8496029718365,0.04737090448456379
b69d52ff-fea8-4093-88b9-e1cad4f8ee4a,234970.41408150658,0.2393060344602716
73d1fa2c-e08c-4e39-9ec7-b3dfdf7d16e2,781749.1398637138,0.2157560381166845
3cb5ac7f-8b31-466c-b0bc-d0e2d21b3743,22802.122447556736,0.4164385589783144
5f0e8121-59ae-4c7c-a094-e8f4ed0d23f5,23700.909713434845,0.5099365545678696
16455,13542.039962520395,0.2206367654471983
cc6a5e18-9106-4825-882b-8de0f55198ec,5491.081487892877,0.2209621205438476
ab03d521-a5d6-4fc1-a551-dc3bc7bbb34b,5360.936588740358,0.23035932908482104
bd16c197-ed33-4a63-8de2-f64a4c880378,3399.6754719412484,0.24923177761749862
3afbe300-7a5b-470c-a6d3-190df7eeb1cd,5782.577299425754,0.3497538720956304
0003a5ae-0c77-4372-b44d-882ef9874a28,5073.954657763943,0.13276571664884257
81d899e7-8481-4131-80d8-93916053860a,760.3511116162232,0.26440235682920127
16459,4588.815085617898,0.10973542594599857
2bac8fae-a740-4825-969d-e0fef687de43,6158.569443682664,0.17965972722493057
925ae278-4c75-4d7e-999f-eb611e06eb87,17244.243435651224,0.2513251433301345
8d2f726b-adf9-4c8b-a6b8-cdf8a33ffa30,2447.533233304373,0.19170174427846584
fe42cf82-93a1-48e1-a284-1ca081cda132,11114.924673656633,0.7362854022965261
7a3428e5-434f-4599-9d57-0ab19d1bb4be,2879.2985246272888,0.4164356464102295
dd5a2ca5-9432-407d-9355-9109361b0212,1038.1393928478747,0.6291849227096621
89fc49b8-bea1-42d0-b397-ef00f184333f,1661.065984862649,0.4519750634128065
2488e847-8eae-48dc-bc63-4edcc196d47e,1585.116488121202,0.28755552735825407
28180512-082e-4f14-bc12-d66cd9c22417,4037.2288481735645,0.5594899116221744
cc4d3eba-9b58-4b3c-a00a-0fa0c0374808,2346.419988565634,0.0641664108919431
29042ffc-e45d-4fe9-984f-8f8a74e550c2,8739.307413783876,0.1318869402986808
a54aa6f3-78db-4139-aff8-785b41d7ea13,20078.252637441044,0.4300973127897662
8ac24c63-6bad-4c80-968b-882518958730,7510.363105047537,1.0433572620194276
9bbe944f-8fb6-4be7-bbe6-093fd240556c,4867.28527285598,0.3720167097983802
8fc9a774-049e-4539-93e3-8c7e2ad0d3a7,5396.330029372871,0.111526953861725
b50b6c28-3ae0-47b9-b140-884da6f1ba87,12890.90036294895,1.1573921227368527
23c0903b-aa51-4d20-bdce-8d744457b97c,10882.563194993983,0.45033149481603424
88523c30-8fdc-493b-a0df-a733b50c9d2f,4119.291982069599,0.12060741488526708
79d9fdf9-fce1-4f64-87cc-0f04d7d872f0,12891.408357140306,1.2236593952290191
ba6247ea-5560-4c55-a86b-1eb6a5470814,30667.798661994086,1.9239488576804313
d31b3080-d61d-4199-804d-6b8e16dc18f4,28532.594927940623,0.34483767693338596
cbcffb78-314f-44a0-908d-9fb3532bb844,2762.0240158692036,0.6262655614685424
47a50cfa-f8ac-4421-9cd3-cd2e77806755,8218.44838129856,0.6639276538731627
ed48f8cd-4735-4d85-b60b-85072796882c,12693.337763019508,1.9720894181208504
bcbaacd9-9998-4869-aa10-20bd03e7e302,3190.7623279114396,1.7868862282531843
bd5f2f5d-cccb-4039-b430-eb5f127e6e1a,15427.772216144074,0.329313482592385
82a91940-8baf-41c4-841c-035d30e5fa95,21435.869350018478,0.32805940522354804
9b1abd09-fb10-4eca-96ea-bb249009511a,6871.493572866995,0.14508299969104238
87f69993-f2ee-4df2-98a0-a6617780edd7,5827.391252894525,0.7296369280046233
4f160514-405a-42f8-801b-5188d65b9d33,4154.597458468478,0.18272282859247999
16409,2746.109020551139,0.4587236930153051
a8e447ac-20ec-4aab-b5b6-c89f58c68739,673786.5833905785,0.2391476878814898
d0c043a3-224d-4f46-a24c-c7c9ab5be623,8093.677435447788,0.19197821284092226
38dd4dfd-5d6e-42ba-9c1f-62727986dad7,13120.084837264421,0.7079408345113973
643bf604-79aa-40d6-876b-bd5033624082,10445.750681723986,0.3652909591905072
239f0be0-bce4-40e1-9a0f-ead10ee1bc82,3068.9205415532097,0.2497990763749894
61c3faa3-156a-411d-a94b-20fd597c877a,785331.99155516,0.2271017168405429
2f8cea86-facd-40c4-935d-e9df39436c90,4361.479347457215,1.6507086735972476
32e7e11e-0d59-4afe-b701-d496e86ff267,6849.292082805603,0.27524490016159564
6ea0dcbc-76dc-4b7b-868a-5fcec95c668c,19223.69730467704,0.2943772824732479
5e48e5dd-bafc-4ab8-9bed-3dc19d4ba7f5,4671.1016223634615,3.035928020865271
853fe11e-99a8-4e92-ab71-cf5659c208d4,5473.9392102986685,0.5623162189966239
a8e43186-7f4e-486c-9645-9bac1e2dba21,2109.459908337366,0.8868284898435784
e2eb8368-3fa8-4667-838a-d83c649e72c1,2314167.973344202,0.22911460988179164
4af89769-7860-4421-9bc0-091db1bf6a20,10672.810311092086,0.3985050590129566
5ebd6820-eb51-402a-a10d-6f38cfe9f567,4318.238823730887,0.40519708526936576
99ff6036-a7a6-4023-9191-3da6b296867d,2887550.826191416,0.25604597512981886
e7ca7e7a-930a-4987-8950-76f974616aa4,1342.8535269407914,0.8543379570639072
16415,4869.535992903803,0.42551174567175776
7b69c0a0-7fcb-4037-9986-ef102e354ee5,13779.008667430413,0.4534662341938672
5409bc31-9af2-4b89-9212-5cedc6583fb5,8516.439475745348,1.157168951501599
9d6ce43a-58df-40d0-bc2e-72449463249d,4151.200492507559,0.24535534748982207
3869acaa-0ce2-4411-b467-9f01f0cb1c48,2602.6354247668314,0.22091560187917725
d66dfd63-29ec-43d2-a5d9-f47b65e8f145,22121.760843241995,0.36227990411617106
f443efe5-5cf5-4f18-a119-854f7b06cf76,8458.972991847646,0.8856786170855003
deb56545-2fd1-4202-8de7-19d6176c2334,9830.098728576066,1.99044784867944
04d192f6-2a5d-49db-9221-c8c95b09655f,1383.0672938977264,4.055410378172005
7d089145-7527-495d-b2e7-254ed829d188,1260.3628661335244,0.1948301502409053
16405,412.6523917044024,0.09511450823892295
16435,21643.101057169755,0.19862651873983542
a63ed277-57d2-439e-9df4-797942fad526,24615.170779491298,0.6525027616060998
84a7c0a0-c8d7-4dc3-b276-fd2f067f8314,4153.9564654876285,0.12357977608822382
608a67d0-8359-403e-8883-c185053923ba,11819.990367200562,2.7864336795713136
42d5d53f-f020-4a42-b290-340c2357a52a,20120.63927905869,0.6577346377114848
0e1b0049-8af0-4e4a-88ed-37c31e7188bc,5526.4899636588825,0.08980322850316395
16436,1101.3571489478309,0.562323162523451
c29abef9-d8be-4b37-bb84-f1344496cc33,3252.342387979165,0.22675495755357472
3f69d1bf-2f5b-4a23-ae0a-37584c0efcb5,9609.306256581269,0.2805418327290962
251bb71b-cf7f-43a5-9fca-8853ad4f252d,8734.088865172476,0.1827527911610584
e8ebaf0f-ea95-46a1-ae7d-9d00d68960c9,1821.3913170147541,0.048725144600855703
420a5bf2-2163-43c2-b34b-d84069841843,8199.369123855144,0.2035980612361614
16c0e231-2dd6-42f6-908a-a668c98c9c21,24136.175827462688,0.36442543677454503
bd079313-5218-4c95-95b9-2324ba9c8e1d,2877.4158535752463,2.538778362866003
16422,4990.065055929647,0.4232673075418166
38caa1ac-63ac-440c-87d0-d3de9bcf1011,13291.990591089962,0.30267444419145567
3fbc9c73-8f31-4391-83fd-bb0161aaff53,2107.635327787469,0.10271352577359004
cedb1b8e-f761-4077-bb52-983d928bf786,119058.33767337252,0.15903862928503953
ebd907e9-93a0-47f7-9c4d-ab7c7d8f6ad1,8983.840546001053,0.248064229287458
f95f4390-0112-4bf0-a6f8-e4a44ff59daa,35857.849047184645,0.5471856451500443
5907b372-3a5d-405c-aa94-39c29e98a818,1522.9617261744113,0.3559922091553333
892bf3cc-bde9-427e-8df9-379506962075,5863.2219944995195,0.4008674485872278
f0fe6305-8c20-4d72-8c4c-3522d28bd252,1453.167812869714,0.09778907890564477
458830ee-8e50-4d03-b9ef-469f67b5f128,5329.240521727135,0.5037962650356531
c3901baf-7d14-45d3-addf-0d06799fcfe3,2559.560959845464,0.29877573849900885
cebca2e7-9747-4d66-bb01-44c6e9118cbe,2485.545284627111,0.6028331269529235
1558b380-9de3-4582-b93f-68908a474f44,23353.666250706516,0.4613119630032259
66db2095-0258-45a0-9476-4976facfaf1d,3499.9854429500174,1.1971614987669241
262b92ae-3591-4623-b887-1c84e7b4f5fe,6235.825359315816,0.2382915499784598
16268,1333199.1660379486,0.17329777985963696
863e46c4-6cdc-44dc-a950-f6d42d70ee85,13327.974454803007,0.2474593675099303
8b42f28f-2bce-49ce-91cc-f984569aba91,508934.87398068723,0.1823213168420774
39b98dcd-a894-4b36-9479-caa6ef1cb15a,5140.020834173422,0.1975290231665796
369abe6c-da7d-47c1-a2c1-1521bc9a3b16,40072.11275575228,0.5971117757816466
65460b49-f83d-44c7-ba88-2872a7914563,6195.692994587072,2.735931947424348
1dd292bb-7f33-4a02-9fb2-5fdaf23fa6d9,57122.04320977647,0.6788612406603048
0e20234f-d6bb-4e81-bec0-f28f79195667,1925840.7724211782,0.2463054178381218
37cdf49c-82c3-47f6-993d-f1b62e9b59bc,5853.816559585979,0.16984604281095766
f0a16dd2-8865-40f1-af8b-39411fdafbaf,45983.98765069304,0.28133108728494516
16458,51209.346920332304,1.6573988028881477
d84ffbc0-6153-4a53-9528-20c4c708ba16,10935.755341903772,2.271385395783381
d6033be6-200d-4ca1-a084-3275c155db66,1016.1637101132978,0.19890200880455622
600ea91e-d360-4347-a0f3-7f40ba9a8275,2489.6922598270585,0.1954322435731391
e9ddc8cd-11a5-4b5f-9f16-9f0e49bf0d16,35723.86304019443,0.5658786571845422
16437,13432.770926083112,0.6393559917613444
fb5c3028-07dc-42ce-bf3e-00782c91f595,1267.9217594627787,0.5261893981494163
75e9d8ec-5b72-4cf4-842f-e0d5187cac1a,6972.274163679764,0.4018821410921913
f070c848-d05d-48f7-a627-2378811a7c2b,6258.902290471261,0.6118034545071002
57ea7f01-5d78-40a9-aec5-762a136b305c,13247.782178003352,0.39063154665813027
16406,732.6095933396642,1.0460621022912318
5e9b429a-79a2-4deb-9377-9f3187c3e194,1524.297300139571,0.15157394352879355
16277,448115.93118000356,0.2934723386737503
953a9ed8-3f70-4cae-b841-86662a089c3f,1694144.7968947547,0.21214161289469413
29f5c5a3-dbad-449f-b015-8a6f9b275091,45281.862350434676,0.3476920909463266
a62cc2b7-6745-4017-8e6f-e145068571c3,6417.001354956394,0.8218607162131549
3acd58f6-527b-45c6-aa44-31893897db77,15247.628379417638,0.5255723072972102
16e844ca-5bfe-4af2-824b-3cb45f1d91a6,509999.4099969882,0.23022642865739515
22d44841-18bd-4482-a333-6ed410071c64,20295.47501625703,0.3000369765853198
16464151-62fa-43ed-a59c-652ca4944232,1176.3803372558368,0.3289633948716863
16432,16728.18616521956,1.3526643394667417
464d17b9-2da0-4700-a5ea-ec789e7fd10d,8357.032885956167,0.18406012723061999
65d11c4a-e389-4ce3-81ee-9900a4f3c639,2657.6954056935156,1.0023433708746714
704d3aff-265e-4d20-9e07-3817646ecc6e,5132.603849693682,1.7764592671907447
16430,10624.062275458817,0.13975390191762987
39d675da-f21d-424f-8340-6611eb3ab437,9298.414509828564,0.3571177096228818
16447,35518.92657965269,0.3536425675900637
bbae91a4-be42-4e30-b9e8-f0b5fa4e9f21,578.2153820455874,0.6907775904015138
365b8053-fe42-4214-b78d-012a2280ac31,2449.3820902148705,0.2570008524313766
637e3fcd-3d1d-485c-b67d-bdcfd027bc73,4725.976601001423,1.5571053252216147
ec13c062-938e-4a72-8715-e7ea1e426f28,3232.0472129802265,0.887894323707538
38e35232-6848-41ed-9a10-8715528d534a,8813.428001657787,1.620684468564843
f7a94aca-b7c8-4c3f-b456-a194e036a2ec,11751.83097191244,0.6468079837635454
4504a897-bbdb-46c5-932b-e6109adcd825,18887.103692673078,0.38482761220806333
beb5da93-7c73-48e8-b629-bd1d9d93e0c6,2924.082458317308,0.11825550939539846
1a3b2e0b-2040-43db-bf03-b62e6f02a9c4,10324.6175912414,0.2865843731825201
1524d54a-df32-4955-b3cc-847099c5202c,5572.233105532302,0.14567342423822552
0475fbc0-729a-4529-9222-59b4b27408fe,5474.597934822556,0.09531934473318995
4dab951a-6707-4d62-a41d-fdd4ac718a8b,1414.6999114162963,0.2876873997539997
87ba1744-bdf3-483f-b6f1-081067b387c6,4770.785824721183,1.0937561833022595
d9dbf7e0-d281-401d-8d39-783636f74fe8,5759.070804628395,0.24825911693901248
78db5423-a74c-44ba-b1db-26f8b3e24014,4638.064214346152,0.16095199721194442
505ec7c9-44b3-4ef3-8678-b64fc4a01e16,1260.9886128815967,0.13228358172640514
b0926892-ec8b-4ffd-b86e-d909fff85313,6442.073156285285,0.34642896433141235
911b463d-d1f2-47a5-ad3b-165de9159e1e,8802.228046768421,0.4942874301149715
e75887fd-09ce-41c5-8a69-2aaee202ccbf,12327.377161920374,0.31944740999540433
4d9a11d3-8f85-4923-8c22-875c1ef4b2d2,6445.922814863066,0.4386091456384246
16408,14370.734363010539,0.23592485258094242
2e74922d-4b99-4bc4-9668-5fa47c8d90d5,2948.2249384979964,6.534439918432111
e4f3f6c4-79c5-4cba-87af-adb0cd36f53f,1393.9915278809726,0.8440463658442346
e991898e-301f-4ccd-8794-851e1cc158df,2415794.5800420255,0.2268537464492847
ea8b4d51-4794-4cd6-87b6-a0994be7a791,9941.809917319477,0.7077757233069034
093c2487-a68d-4d94-8f38-eb7b05a801ea,2520405.691308045,0.23670424640700705
fe64983e-cf1f-4b3e-a116-828c5eb95e53,5018.11862484718,0.2139277495864437
600431c8-2537-418d-8178-20cd359200e0,3400.7582731122666,0.29063885552045116
b327a118-ede5-47d6-86d8-a152ff76bcc7,129.13393705525493,0.4267536155641677
c0f4ee3d-afa3-40b7-b73b-0e540001419c,4835.238618683118,1.212788814772047
138d61f1-aa4a-4a05-81df-fcc216774e71,493997.4704430253,0.22376114967341876
eaccaa73-b149-48ae-a224-2f231f46432c,407121.8913074825,0.22813862573844057
ef6acb75-7071-4b56-846d-408bcbb92743,4939.559524803491,0.38883463777061045
16280,70092.3207237815,0.37839181194670257
16278,494763.23004249873,0.15334350876884825
37ae9858-3cde-4e00-b470-5d249c39b12b,12432.473691384623,0.5484134987591304
16427,1548.652528102068,0.1402596761133056
c8496fd4-f735-4c19-b0f5-c8cb809cef90,1232.1401410730707,0.16164742776930874
f1a3f024-a7b5-4577-9792-70976b2bd628,14280.743186232998,0.20721831501901705
dc7d0662-84d2-4095-8bb0-8cc25b277230,24220.803928282985,0.5394497734426907
6522305c-7ca9-47b3-8917-7a90bbf13a44,16257.55882010303,1.6745554417836743
b0f82d53-42ac-409e-bb42-5bc0c4902a38,10763.368898721155,2.1469534370066716
16416,241.3859172080493,0.05261132547910906
16402,1416.8223680940885,0.5944922089912961
c6a6528a-eb08-4d66-8b48-40706fa93ba1,5945.344968611391,1.245304973853546
7abb8580-30ba-4048-9163-15c58fb2db08,17491.64879282001,0.23359049627118422
3c296219-f392-4439-9005-38cdff0824c7,6165.6932203997185,0.1976908083885005
4dd1fd90-3a09-4d99-82be-e8cc75e99533,573141.8590975291,0.35344944267377293
059918e4-9021-4dc0-b1a8-d29bbae321f7,11615.751559997942,0.6054800220678598
19a47e6f-9d45-4880-85df-a0f0f097fbce,64849.37564738762,0.22843953892357877
26da7bb4-3955-45ef-9468-180faf23fb14,10892.004953263895,0.5382111963721803
cd142ef7-3325-4ec6-8b8b-16254954db1f,4064.6267197289535,0.2722939613740467
031772d7-1210-42f4-ae76-60b4df0777ab,24075.61416646024,0.27270056387103
419c9806-6c07-4752-917a-ba6c12a4a0c7,5934.684978656747,1.2017045020157204
b17e0efb-7e15-4baa-8a85-3d2410d1db0a,113903.58767483458,0.1267605686298158
ec5f06dc-4601-48f7-9f98-5e1cab7fef30,9729.18752419181,0.2506909527946313
3dba4442-9b7a-4435-8e7e-65452c530d3b,7184.7619704386925,0.5070608333969934
f0cf3e64-2e2d-4954-8971-f88662bb8c6e,21063.056090928836,1.086683174576213
2c0f6759-5828-4f02-9753-eeb2267f5bde,1897.0866019856637,0.09129781460169278
16456,84376.53998511564,1.919833231712751
ba72a5e9-81c8-4933-9888-5619324bebe7,38287.39988666521,0.13605372227208193
16461,48734.78735323438,0.252024921141916
a6ba1dd3-1410-483d-96e8-128fa6879d33,7194.734780986799,0.22610930520403066
d1503667-7dc3-43c6-a861-3ad0897876b7,11344.652475695984,0.2748501185294674
52fa60f0-cc48-4d49-9f33-e267013e4f86,9939.465003679115,2.1234924322858117
f511ebe8-aca6-408c-9c18-d3fce71e0851,17057.778511916928,0.7014777575415361
ad30b0b3-c80d-4529-b96c-46bca626a090,9058.221732406171,1.2973789136552552
bfa9cc4b-8a4c-4352-9045-201faf9608cf,4609.4693931846205,0.4940716785648342
70907c46-c3be-4ceb-a5e9-4deb8b5eb755,515.1721162892472,3.036184033176156
9375a61e-0e8d-405f-9b1f-71b803795970,619.5375325850073,0.11861999645119033
f132415a-7a6d-434f-8ded-06e9d1d80baa,690629.3265017373,0.256452982987133
5b5ce87d-4f3e-4a80-b809-dee53d47e4fb,8951.20541907525,0.21222424921556948
204854f5-c4e5-4eee-92ed-f2ff134a8e83,6805.0296586017685,0.16284432051742792
5f4ff4ef-63b7-41ea-8871-2d4516bf5125,22425.719261941995,4.54450232394281
7773e91e-eb18-48b5-89cc-1da8dac00d70,1708.6915352388655,0.329747691733276
1cd879ba-c9d4-4964-9ace-d35cc8360923,607766.7967291875,0.2977226768993206
df382adb-108b-4e26-b9ac-cde43306da4a,1112.582834066735,1.3118262906575262
36303bb8-c95c-448d-a450-fa7981899637,5269.855830039329,0.19576239092966533
4231a6ea-08d9-4316-a510-3a8e7734d3ce,2831.2723472133516,0.39891027808506047
f5b42988-2e6c-4ace-bef6-7ee8891ebd09,7620.750426374181,0.5007321946044112
731b999e-aea5-42f5-9ca5-d89b42627d16,16460.416452728045,0.41521919065101504
ee6dc233-1f0c-4d94-bbfa-a927fd50bd7d,25437.511400003514,0.35397110806667353
93b8ef16-1a00-4d2b-84c9-6f5ecac24d1b,11463.47110019623,0.6211774663111221
389d5112-f19a-421b-aaad-3315c06ea2f9,21571.457890901576,0.23536450731108818
075ebc03-d363-4391-972a-6c2165281f64,4189.215582327676,0.4332785909673432
579c8f19-fb6c-4841-953e-9da937d36682,7822.203739621243,0.2138830531385534
64abef13-12e6-4e74-bf5a-b0cb3a223ad9,8300.677596903084,1.671976456646588
03dd64c4-6b6a-4365-b1a6-5ade63d67dcd,7928.914383552124,0.5583155112801601
0040d55b-4582-41fa-90c8-b4706c9b7152,9891.904483543767,0.33443028846391215
929b0c27-4a85-4b3e-af1e-989d398834e3,20958.10944519807,0.3097879204744959
8fd23f0b-ef3c-483a-ad2b-5aace0ce3ac9,6921.394131516783,0.23176178252924343
b4967187-24c0-421c-a064-23fded4d9df5,13921.878952514415,0.4926991261261421
743b329e-361b-4dbb-82a5-2a8573f6ce45,10472.039410549674,0.3215350813825709
6006eee3-05ff-42ac-81e4-177ae45399d8,2208423.5893938304,0.26059463388948273
94a74160-282f-4f88-b1b8-92bdf1250edc,14670.43445175737,0.5230164431841414
1af87696-68cc-417c-a050-718cedc31cf1,14417.221381307532,0.5196070300633492
483b1cda-f977-4b8f-ab50-07d762dbaa69,11747.138238310956,0.3799921537027355
a6601897-81d1-4efa-a259-9a074b901963,6714.661243053218,0.3776044064497759
0a2c2b45-42bf-4a2e-8118-e7279e5589de,396.35718397380515,0.060677608795009864
c3beeaa8-87ce-455d-9482-e01679b9d1eb,2851.2803230838363,0.06132809622414883
92937092-480e-4b7a-87ad-01898b28c9e0,16028.923466195232,0.39997730896345296
