AccountID,Highest Amount,Lowest Amount,Difference
16460,4506.133945,130.5845781,4375.549367
c4325b8f-693c-4605-b685-360e36c31697,75.72149721,-10.80962734,86.53112455
17f16911-4247-4728-a435-f4bf2f48e27b,-8833.640044,-15209.58197,6375.941927
c9f19b41-8752-401e-b054-12f9d14cdeb7,33922.47174,-12003.9895,45926.46124
e3b8d5ec-34c5-4393-b847-bd767ee9f81e,-71090.16389,-72668.53073,1578.366839
59059cb4-0709-49ae-875e-36288851bd89,6971.6963,-406.2117657,7377.908066
6c56d04a-1117-42e6-95e2-72822200e38d,-67446.6184,-68766.073,1319.454601
8339fc7d-61c3-43bb-8ad5-8660b0bcb712,-867421.0773,-1089571.163,222150.0853
dfb63784-48ca-4052-84e5-b40c2f8e864e,-3798.308025,-7703.443764,3905.135739
a65906d8-751f-4245-b7d2-33cc1637a407,4727.921935,-646.4796845,5374.401619
19a47e6f-9d45-4880-85df-a0f0f097fbce,-7899.683541,-20331.3914,12431.70786
81d899e7-8481-4131-80d8-93916053860a,-1154.38199,-2932.848008,1778.466018
6cbfd1a9-41a4-4298-a4f9-0ec22c8c7f69,-4970.833423,-10532.02736,5561.193937
703b6494-3f65-40e0-a144-95f9120517e0,-572.3147438,-1787.09509,1214.780346
4b171653-23c9-4f55-924a-46e51bf11ee4,-215148.6709,-272560.6057,57411.93482
3f69d1bf-2f5b-4a23-ae0a-37584c0efcb5,-790.4564538,-1666.687721,876.2312673
19bdb0e0-fb03-4ee4-a68c-f96085eb54e1,-256.6088055,-743.7842802,487.1754747
a9ed81c3-becb-4678-bf97-fc818437e705,-6760.772755,-9691.852295,2931.079541
93b8ef16-1a00-4d2b-84c9-6f5ecac24d1b,-688.49479,-1316.630754,628.135964
d4cc0802-2242-4c9b-aead-5669e55c6376,-177.3339558,-491.2392282,313.9052724
14140acd-2e5b-444b-8f78-8a250a5e95a2,12090.51501,2844.124991,9246.390023
8b42f28f-2bce-49ce-91cc-f984569aba91,-279385.939,-360309.0964,80923.15734
08ea2f1f-1243-46cb-bd4a-4e42a4b58145,20117.37127,7122.249874,12995.1214
4e21e99b-cd3f-4d39-8e53-80c8e0246385,3064.166759,252.447564,2811.719195
8bacc438-5861-4835-ab6b-b9a8a33e222e,-517.2357751,-2788.362056,2271.126281
bfbf55b0-788b-4360-ad05-513ee728e199,6421.755549,1674.169581,4747.585968
16453,18611.3202,-846.8378834,19458.15808
b14d2023-4953-4c39-ac02-e52c4b1abeb7,7744.788343,-179.0767145,7923.865057
9a4a60fa-075b-451a-81f4-7fd886f91965,-2406.174909,-2595.366201,189.1912917
09010ad7-6091-428f-b534-0ef0f47ad120,1154.585224,-4241.625442,5396.210667
608a67d0-8359-403e-8883-c185053923ba,946.031823,486.8225225,459.2093005
039e3173-3844-46a6-98ff-90c3203d49a0,-2933.117467,-2953.092089,19.97462218
50472786-7419-4b44-adbb-5ae6fc683f51,-2965.871959,-5525.600996,2559.729037
27c64d1c-7e03-4026-b215-10a5add4f3be,3085.584062,-373.7623615,3459.346423
70907c46-c3be-4ceb-a5e9-4deb8b5eb755,731.0362778,193.05846,537.9778178
5907b372-3a5d-405c-aa94-39c29e98a818,2167.958383,445.1468714,1722.811511
72dcc65b-268f-4b10-8d29-3f1bc4112384,-5018.168405,-12320.43598,7302.267572
16447,18308.36713,1787.805164,16520.56196
12bc2cb3-3e59-4472-b053-4dd33acd2ae0,-7936.164075,-21237.60466,13301.44059
093c2487-a68d-4d94-8f38-eb7b05a801ea,-649751.9313,-845522.1361,195770.2048
16423,-574.8803526,-759.4970601,184.6167075
38dd4dfd-5d6e-42ba-9c1f-62727986dad7,-580.0179165,-1602.246085,1022.228168
e7723aa5-1224-45d6-aa68-4de3a81c0604,-8016.507632,-19433.55141,11417.04378
29f5c5a3-dbad-449f-b015-8a6f9b275091,-15441.83616,-21622.49566,6180.659493
e3224f97-0eb1-4f42-963e-87bb423bdab7,9387.758929,187.0544914,9200.704438
16403,9460.834395,1860.26069,7600.573705
c9df399e-c2c4-4ee2-850e-e8cb30902131,-11817.15877,-31045.15021,19227.99144
16430,-24125.2989,-57161.37672,33036.07782
d9bc0fc9-8b67-47df-bf5c-041adbfa73c7,-33844.14888,-39585.41898,5741.270098
7139ca78-e5f7-4085-b42b-cbb0689ca3f4,2155.697053,-95.77383125,2251.470885
ef467def-c278-49f1-a075-61e761552fa2,-5189.441775,-9298.743384,4109.301609
7547da59-a90f-4ec0-a18f-ed5cf2566db9,-354380.1857,-405942.9964,51562.81069
2c0f6759-5828-4f02-9753-eeb2267f5bde,2008.038024,-277.1239697,2285.161994
1186c2fd-7a00-4f21-956f-8c5a896d9111,-7779.52079,-13259.26327,5479.742475
ee6dc233-1f0c-4d94-bbfa-a927fd50bd7d,13691.09718,59.27296641,13631.82422
42bbec89-106f-450f-828b-c19b95cead84,-3123.728198,-10682.40644,7558.678239
5e722a02-4402-40ec-ab37-dc869ca84938,176.6901164,-901.2522628,1077.942379
fa86b4a3-44ab-4bcb-88fe-46e4a451e100,-6649.178733,-10714.58074,4065.40201
16428,85750.39057,25567.03933,60183.35124
239f0be0-bce4-40e1-9a0f-ead10ee1bc82,139.1787328,-841.6933514,980.8720841
c95dc9a3-5d04-45f4-b915-09f1c3d0ba1c,-7158.436151,-21805.85276,14647.41661
c50e3f81-848c-47a3-a6b4-cc35dd973dfe,3694.73675,129.6536714,3565.083078
38e35232-6848-41ed-9a10-8715528d534a,-1065.117204,-1474.90062,409.7834166
0bd83140-a80d-4a56-954f-ca87c8403f9d,-8588.293699,-25145.28225,16556.98855
e4c14997-7738-4507-918d-977f64935ad4,-2229.140112,-2816.277462,587.1373497
04592e1b-d2c3-45bb-97bc-cc52161579c8,16.38178679,-500.1399255,516.5217123
7773e91e-eb18-48b5-89cc-1da8dac00d70,2523.69236,588.1722851,1935.520075
1fd4d3bf-8ab4-40dc-a8e0-ef25373306bb,11040.92741,1118.39965,9922.527764
02d044ad-9384-4099-b623-004965e0de44,7421.861154,-1996.897206,9418.75836
78db5423-a74c-44ba-b1db-26f8b3e24014,-7998.912049,-17763.08825,9764.176197
e873aead-0589-4fd0-bc92-b81ef46f9b39,-232482.3695,-297832.3724,65350.00284
0040d55b-4582-41fa-90c8-b4706c9b7152,5415.586678,400.445314,5015.141364
7eab31ae-9e1e-476e-a170-0096a0c0789e,-7052.760851,-15881.89348,8829.132625
863e46c4-6cdc-44dc-a950-f6d42d70ee85,10715.29263,-578.601649,11293.89428
19f0b674-b9ae-431f-a87a-538fa51f8c8e,18257.06499,5773.831712,12483.23328
d3f048e7-3d2b-445f-a9c9-1b82e873f13d,9516.387223,-64514.65281,74031.04003
3d9865bf-09e9-4412-89d0-1b3b783eb974,-4345.485385,-6687.414431,2341.929046
eb914441-4054-464e-bd33-e27a94a95c4f,-5281.249396,-11541.01772,6259.768323
c3beeaa8-87ce-455d-9482-e01679b9d1eb,-11322.418,-25408.88793,14086.46993
16275,78822.27025,-202881.8502,281704.1204
8c915c1f-86cf-4712-ad8d-c1c6fd6db49d,4470.029566,1938.073114,2531.956452
dd5a2ca5-9432-407d-9355-9109361b0212,704.8169535,58.54163451,646.275319
9017ca88-e286-46ab-9b79-1c7102f3c43f,-1769.933275,-3881.08405,2111.150774
4190cd47-6c10-434a-99b3-51ed9499ff1c,10941.77377,438.4807629,10503.29301
059918e4-9021-4dc0-b1a8-d29bbae321f7,2989.00124,-550.0974207,3539.09866
1dd292bb-7f33-4a02-9fb2-5fdaf23fa6d9,16246.36855,-761.6384978,17008.00705
ed830c0a-497c-4472-bfc2-601244c07771,-116.3142179,-185.0863157,68.77209779
5f7f5bd9-d396-47e0-a12e-cbf46ad9185d,9581.28318,1171.823957,8409.459223
16c1c689-a0f3-4629-8338-e615c30914bf,-11553.10911,-29279.63794,17726.52882
11e7438c-141d-4d2c-af07-4e967eea8854,-371588.1214,-467055.732,95467.61063
99f48ac1-f7b7-4605-b5b7-3401cadb1387,-174934.7384,-191228.195,16293.45667
79d9fdf9-fce1-4f64-87cc-0f04d7d872f0,4059.313592,447.7552806,3611.558312
ef6acb75-7071-4b56-846d-408bcbb92743,-3134.067407,-9690.510312,6556.442905
9bbe944f-8fb6-4be7-bbe6-093fd240556c,7032.22751,3206.479019,3825.748491
5a5161ce-4e81-429d-8c60-468e1ced8df3,567.9701287,54.77279887,513.1973298
616860cb-ac9d-434d-8574-925db1ac1ea1,1622.600204,-1814.924771,3437.524975
b0926892-ec8b-4ffd-b86e-d909fff85313,-207.9451712,-1263.005087,1055.059915
330a6c85-d0a4-4d46-8b82-3cb27561986c,6194.730787,-184.7017155,6379.432503
21d2ea3f-0445-4481-b26c-448e7cf0d11d,-8225.103262,-11595.61367,3370.510407
532aae42-83bf-43fb-addb-a07c4af4e56c,-3462.882253,-7014.513118,3551.630864
37ae9858-3cde-4e00-b470-5d249c39b12b,6903.654161,824.5821442,6079.072017
03876788-f6c3-4b94-ada0-f4a4b0e6c444,-308382.3279,-315363.1613,6980.833331
39d675da-f21d-424f-8340-6611eb3ab437,-2787.229239,-3557.933792,770.7045533
f5b8a677-f3ca-4d65-a1c1-10e0b2050217,-398.6540909,-3426.283022,3027.628931
befdf3e4-5b2c-49d3-8f53-550e2f234d9c,-24495.06465,-27207.60814,2712.543489
2081376f-518f-42a2-8979-b2423d062652,11942.0617,3001.190923,8940.870772
1582d967-579c-4406-ab13-7a687fd083fd,6592.764213,2249.58597,4343.178243
a31e8c7f-c7e8-4ead-87ad-7171318a975f,2037.185668,-163.0898882,2200.275556
1cfc34b7-f406-440e-b702-69dbdec37fa7,-51409.00924,-75881.68032,24472.67108
e9ddc8cd-11a5-4b5f-9f16-9f0e49bf0d16,-6551.284208,-6702.613721,151.3295127
16444,-10701.11306,-25491.02197,14789.9089
ec13c062-938e-4a72-8715-e7ea1e426f28,-73.95188754,-598.9110355,524.9591479
ec2bd31f-1caa-4a4c-aff7-3abe166835e9,-2215.653078,-3001.813748,786.1606698
5e1b8362-3878-4fdb-a9d3-e273ad35e7f0,-268938.4185,-283814.0953,14875.67672
799b83e5-247c-421c-84f7-74a11cf35fc7,-186431.7358,-203854.3019,17422.56612
108b52c2-fee3-44cb-90ff-f505ef1bf644,1572.583548,163.7430164,1408.840531
63798331-704a-4630-86f9-da64cc42ad40,-1209.914688,-2437.819212,1227.904524
fff7f00c-c869-4310-b705-4503538f5ecf,1735.359053,-4418.601421,6153.960473
f5b42988-2e6c-4ace-bef6-7ee8891ebd09,-955.5601796,-1259.289652,303.7294719
820bc83e-0c9b-4f3a-ae15-7423927453fd,3231.240088,-466.0579847,3697.298073
d31b3080-d61d-4199-804d-6b8e16dc18f4,-11805.80969,-19511.2329,7705.423212
f0ff162d-52e0-4dd9-b973-89bddf73c201,3943.572798,928.5612577,3015.01154
5c9a8148-80f7-4f50-a743-e5aa862df2f6,-73941.16723,-84451.80237,10510.63514
24b71a39-49ad-4691-a974-ef469d6be183,2562.863638,-535.6667848,3098.530423
16412,2075.58966,1323.264494,752.325166
c0d5e0e1-0c04-4d7e-a9ef-570415449c0c,12064.28598,1021.834962,11042.45102
3a98e91c-b44d-4427-ba16-8b762379db5c,-11847.9643,-28572.5237,16724.5594
71108cf5-fd51-4c8b-9df9-e8916b8b3243,-4043.11176,-10402.83482,6359.723056
61c3faa3-156a-411d-a94b-20fd597c877a,-341075.6966,-422776.4443,81700.74766
097d1afb-7f99-40ee-ba33-8fccda0a4d47,686.1227662,-1859.445097,2545.567864
cb484940-596f-4183-8eee-25b1999c3aba,4908.690029,-1484.720409,6393.410438
f390aee1-710d-47b5-8c0c-379e63d2a6ec,-2640.154962,-7555.727419,4915.572457
bd079313-5218-4c95-95b9-2324ba9c8e1d,-1850.033853,-5506.192262,3656.158409
4fa320bd-6477-4ed1-9d53-d594d883ee47,12813.96356,5011.717134,7802.246425
16267,-997061.0195,-1122918.429,125857.41
4900f284-3f95-4464-b2e0-0b9a156aa054,-2187.721555,-2389.284541,201.5629867
65a828a4-07fa-4735-bdca-bdad0c2078dc,-7249.404407,-13765.43156,6516.027156
4c72dfd3-844b-460e-ae12-d1cff145fc69,-246390.3408,-274697.4906,28307.14983
9b1abd09-fb10-4eca-96ea-bb249009511a,-5192.86783,-7244.838598,2051.970769
20bc42e4-0e97-4068-a2e8-bb0e6743f63e,-5532.175672,-6295.292204,763.1165327
07102f17-392f-4e99-af61-ffdb6c3bbc77,-3361.59926,-6613.416512,3251.817253
63de17b3-8e28-48ff-8489-2fb0059decfc,-558.7598647,-2522.656384,1963.896519
16437,17108.01135,5003.100744,12104.91061
853fe11e-99a8-4e92-ab71-cf5659c208d4,8970.211736,2776.090706,6194.12103
d9dbf7e0-d281-401d-8d39-783636f74fe8,-1436.620648,-6049.218985,4612.598336
16436,6239.338973,2114.0447,4125.294273
9d6ce43a-58df-40d0-bc2e-72449463249d,10528.52497,2198.119957,8330.405017
bfa9cc4b-8a4c-4352-9045-201faf9608cf,-1080.61783,-2002.809366,922.1915359
73d1fa2c-e08c-4e39-9ec7-b3dfdf7d16e2,-349465.8961,-426384.6304,76918.73425
16456,-9326.171571,-40779.15628,31452.9847
7e8334c1-0da0-4993-a413-ea18202daae9,-1719.733732,-1972.378903,252.6451701
1a3b2e0b-2040-43db-bf03-b62e6f02a9c4,-4030.565016,-6007.284246,1976.71923
bb93fbc7-59e6-4708-bc9a-42225ba4573b,-100886.6596,-135708.1083,34821.44874
dba26c7b-7cf9-4bd9-bbeb-672bc8771e33,3337.058875,-524.2388622,3861.297737
54487763-c23c-47da-a892-f1ea56779314,7057.599115,632.8613945,6424.73772
704d3aff-265e-4d20-9e07-3817646ecc6e,-1729.19233,-6858.651121,5129.458791
c8496fd4-f735-4c19-b0f5-c8cb809cef90,11504.26257,2834.165995,8670.096575
2c8d9d9e-f66e-45c7-b41e-d4d425847ff6,-2.925155931,-474.2751206,471.3499647
721240cf-0513-4f8c-a299-10e0c6d96238,-105743.4769,-113802.3434,8058.866455
c4886893-3a39-417d-acc8-80810fca1e7e,-444.4813364,-1640.343841,1195.862505
1c88f2ac-56b5-4e31-b040-9ade8b96115f,-1444.184887,-2278.308594,834.1237074
935507b6-f5da-47f7-8b15-cae3323e8ee9,-665.2682501,-2050.201334,1384.933084
e9272f7c-52de-43b7-89cc-7a88e27ad0e5,8301.341289,-1620.172566,9921.513855
0c8432e7-b8d2-4188-88de-67f2936226aa,5849.681562,-804.0338749,6653.715437
38c85335-f73b-4291-8b80-938ca0f0c791,-8479.64468,-13420.80596,4941.161277
0003a5ae-0c77-4372-b44d-882ef9874a28,-673.8570867,-2263.021177,1589.164091
bac50a33-c712-4c39-8c9e-9ead5d04f64f,-4418.693007,-10137.38799,5718.694984
8a5f3928-6c0b-4021-bce4-5e4c035c9f00,-2717.79193,-7138.390881,4420.598952
39707c72-9fc1-46f7-9f9e-a27ae57bab63,-2262.480523,-8871.894805,6609.414282
16426,891.0133901,-233.608108,1124.621498
1c74e692-be81-499e-b7e0-3b2398ac2697,279.4955643,-124.528647,404.0242113
6b948c7f-c7f1-4c4a-b17d-df514cdd979b,12255.7457,2561.742322,9694.003379
1558b380-9de3-4582-b93f-68908a474f44,-5449.46618,-7114.258649,1664.792469
347f78c2-a5d2-48e1-b301-60e6b4a0f5a2,-309646.4102,-316262.7389,6616.328705
77303cad-e32f-4568-9482-552625c1bf54,-65758.20705,-152195.2207,86437.01366
f17a9644-59c6-4ac3-a619-d4297647cd0f,-440.6613118,-1428.53441,987.8730982
2f2b3f80-038d-42a8-89c1-d8dac760b25a,5591.528308,466.4953188,5125.032989
4a262aff-7eec-41b9-99e0-213141e938a7,-260301.8909,-279537.0004,19235.10954
ebd907e9-93a0-47f7-9c4d-ab7c7d8f6ad1,-5069.727878,-9365.665599,4295.937721
88523c30-8fdc-493b-a0df-a733b50c9d2f,-6277.102912,-12676.9496,6399.846692
33862ef4-cb08-4453-a641-29ad7c4e5a32,3017.192402,612.4389193,2404.753483
7fc8a141-21dd-4c9b-acce-a2478c8d8f1a,-5597.099252,-9445.950215,3848.850962
3869acaa-0ce2-4411-b467-9f01f0cb1c48,2205.433235,96.97211245,2108.461123
654fec9a-7006-4808-8074-4cf2d259f962,4624.684015,2183.437304,2441.246711
9a9c68ac-ee8e-4dca-8d06-7971b54f5212,-7046.612239,-15334.20808,8287.595845
365a4ea2-5bba-4ad9-a32e-348ea2aa7092,-1254.916881,-2158.015387,903.098506
6cceb62f-8756-4950-b2b5-d1b7d5c37732,19870.53699,-13164.59519,33035.13217
b1a8e3ff-b811-4629-b37f-c303b4094e2c,-6041.881776,-12990.62406,6948.742279
291e9077-7c91-430a-936d-2faf0876f8fe,-740009.4137,-773249.2447,33239.83106
e991898e-301f-4ccd-8794-851e1cc158df,-963529.1868,-1023676.914,60147.72712
cbcffb78-314f-44a0-908d-9fb3532bb844,-685.2113586,-1247.020336,561.8089771
7395998c-f7a0-47c4-b1fe-e1e2e268f793,-6040.287437,-16652.79953,10612.51209
a7b05a99-9fad-4ebd-b652-1b7608e27767,4007.711429,1381.227293,2626.484136
de5ae23a-7bc6-46b7-9dd1-bbd280221ce8,3427.168218,823.4464032,2603.721815
9c2d46b2-a6b5-4fe8-9226-30ad8d04cb6f,-218301.1536,-247114.8108,28813.6572
6faa6320-b5af-48b4-a991-095d5530151a,-2762.903417,-2916.918209,154.0147916
054d69e4-4965-4efe-8c4c-d5fde37a5581,-2149.337479,-7593.447888,5444.110409
031772d7-1210-42f4-ae76-60b4df0777ab,-5422.293892,-7307.191459,1884.897567
d75b538b-eca9-4ad8-bae5-cb4000d3f840,-8959.467578,-14033.58116,5074.113584
3c296219-f392-4439-9005-38cdff0824c7,-2184.305176,-2820.402598,636.0974216
458830ee-8e50-4d03-b9ef-469f67b5f128,4725.694681,1166.090454,3559.604227
4c71c0ac-6f9f-4cfd-9854-1447703bb215,-9820.123729,-20508.80123,10688.6775
89ab357a-4bbf-477a-aaee-60c3aa659168,-8045.297779,-25657.6556,17612.35782
51e788f5-6015-429d-8897-f1faef147bd1,-3015.235995,-5451.401764,2436.165769
16407,-344.7911026,-441.9489661,97.15786359
e520d0a6-a1d7-468a-9d5b-3e554dafe615,-7951.699737,-14733.32789,6781.628158
28180512-082e-4f14-bc12-d66cd9c22417,210.7839711,-1426.475473,1637.259445
cf57875c-430d-444a-be07-abde3c8eafab,-6721.66571,-16296.44304,9574.777332
224f4fe1-cb84-4926-88bf-3159ff28f320,-2871.424376,-6916.167857,4044.743481
c29abef9-d8be-4b37-bb84-f1344496cc33,-683.069188,-1260.024919,576.9557308
5806a549-8753-48d9-ab45-9188151639d2,-7515.965662,-17018.88812,9502.92246
248914c4-1320-47d9-80d9-3e4dc1d646bc,155.5252013,-487.290857,642.8160583
7459cd82-c1f0-4580-858d-6f507f51da5a,3040.746365,1506.773585,1533.97278
5ffc25d1-97f4-4eb2-b31e-8e1a5cb39aa8,-6427.776161,-14872.09831,8444.322144
4ee24ad0-965d-4bb6-9df6-4861c5464718,-195291.4765,-260575.6951,65284.21861
4fb146a1-70fb-46d4-9817-ce2e27926608,5036.568629,932.3311366,4104.237493
c980b50e-d4d7-468b-9ca8-d3d4494bc041,-6238.38839,-11558.66249,5320.274099
06e1c218-e56d-4280-b7e4-36fdbabbd563,-126055.5328,-192366.5858,66311.05309
8cfe5551-fb84-41c1-bb40-6d73a2a81fdf,-59744.53655,-112980.2852,53235.74869
0734342c-6b9a-42f8-834c-08a98d60e98c,-22751.2327,-32496.84901,9745.616309
16434,19276.64776,1986.600601,17290.04716
5494ad63-4540-438a-b43f-12b7dec828c9,-9621.15779,-22766.24887,13145.09108
c574bf11-f6e1-46d6-8a82-f966998c89e7,4734.53301,1441.644223,3292.888787
fc4b16fd-ff68-494e-95e2-578219437a28,-4538.32752,-7142.588869,2604.26135
16448,16339.96153,-1215.447216,17555.40874
16420,2364.372724,714.0230972,1650.349627
16418,13543.97981,-5687.733794,19231.71361
d1503667-7dc3-43c6-a861-3ad0897876b7,4263.394581,-1258.896063,5522.290645
f1f11e26-f50b-4e90-9cdb-324e96cd199e,-275.8316233,-1790.394446,1514.562823
0a2c2b45-42bf-4a2e-8118-e7279e5589de,287.6277748,-437.1176377,724.7454125
ed48f8cd-4735-4d85-b60b-85072796882c,-304.4771205,-880.3204247,575.8433042
16452,-4377.679518,-8595.482623,4217.803106
0ef82a07-1223-499d-be93-31f40c19f375,9032.734196,673.951335,8358.782861
14c1420f-c74a-4afe-bf22-cd6ab7cd12b4,-905.0596945,-2947.718743,2042.659049
13db8e91-25f6-48db-9df6-974a3b920945,-45284.97302,-71320.10568,26035.13266
29042ffc-e45d-4fe9-984f-8f8a74e550c2,-2168.701118,-4409.951668,2241.250551
9c7aa0c6-1053-4f16-88ea-a8daa215a05c,-2904.578302,-5068.216141,2163.637839
258e8d14-da6a-4e30-b024-d2eaa9a0c686,-943.3385377,-3771.464144,2828.125606
52fa60f0-cc48-4d49-9f33-e267013e4f86,3884.288768,1156.576928,2727.71184
2c8778f4-d3ef-4ff9-b912-0be449f47db8,-3554.138005,-4385.298116,831.1601105
8cbf5242-29c7-4784-be98-1ad2c57f531d,-197420.7377,-273416.0089,75995.27113
d994a8e3-00d1-4560-a25e-ba93583f96d4,-87898.87942,-125096.6036,37197.72417
9d2829c5-95cf-4b42-b7a5-4f1791f0c0b7,-721.8485927,-4384.148738,3662.300145
e2eb8368-3fa8-4667-838a-d83c649e72c1,-931191.205,-1024372.736,93181.53135
49710577-6bbe-4555-86af-e50a24d1885e,4273.196879,1281.734956,2991.461923
6ca62807-a73a-4b40-a47e-3ef9674f89b0,10208.82716,1347.849398,8860.977765
16422,-1317.453975,-1695.635357,378.181382
0f8ec7d0-0b2d-44d4-b25c-078569f851d6,6026.058518,1252.995464,4773.063053
477c7fa0-e795-40ee-aada-edf39595dea7,1645.284558,761.9828244,883.3017337
47dc4978-963b-4884-995c-5f3116ebf179,1079.403291,-720.6637183,1800.067009
ca5010ce-1b7c-4219-8e1d-ab0336834576,7464.14487,817.0376895,6647.10718
cbbb07b6-0e1a-4608-9740-bf2adbd95d0f,-37649.7093,-41899.07517,4249.365862
e573677a-1c64-4d5d-a3f1-35cee3c866ec,-11287.80843,-24569.24528,13281.43685
7f510f19-1764-4e5d-98e1-f04dc7323eea,522.6584369,-160.0666997,682.7251366
16451,-2520.046231,-2743.37304,223.3268085
d2b99e29-5566-4d6f-896f-2f0739ea4e91,-6242.931339,-12090.7603,5847.828961
08c81f95-46ee-4c88-a62c-b8d589337d58,-5126.243815,-5751.868925,625.6251099
2971bf3e-670d-4e90-b127-921b7dae0f24,1527.265316,-5209.312174,6736.57749
732bfde3-7590-481d-b1bb-580514764285,-331980.3106,-399833.69,67853.37939
8cc384f3-5e7a-4421-867f-bd55ce404114,-1101.164893,-2537.896028,1436.731135
d66dfd63-29ec-43d2-a5d9-f47b65e8f145,-10866.92726,-20481.38313,9614.455868
997ef1f2-371c-4607-8758-54ff96ac6e02,-5354.370302,-12434.96502,7080.594719
cc6a5e18-9106-4825-882b-8de0f55198ec,-4767.375694,-10678.5297,5911.154003
e4f3f6c4-79c5-4cba-87af-adb0cd36f53f,-365.7829271,-1608.404677,1242.62175
87ba1744-bdf3-483f-b6f1-081067b387c6,6797.029704,1679.648252,5117.381452
0dcd6c37-ea7e-4dfa-80f3-ffc922bc75e9,-1469.094698,-10055.29005,8586.195354
8fd23f0b-ef3c-483a-ad2b-5aace0ce3ac9,-8527.686237,-19884.76985,11357.08362
ef2152cc-15af-49b8-ab59-73e43337599a,482.0360449,194.7470035,287.2890414
910f83aa-3716-4a3a-a343-9751938f1610,-4221.442089,-5988.589791,1767.147701
7b78cfff-3a8b-4336-854f-bef02be86aac,-140458.3676,-145264.7736,4806.40607
7f2ab4bc-1e1c-4001-874e-deb5b1c69788,235.7001638,-1650.809394,1886.509558
41732494-175b-4314-a747-da19b094a979,-187562.7154,-202456.056,14893.34056
58e29f83-897c-462e-ae79-b9a67895dbce,547.5895366,322.6235317,224.966005
49f91fce-526b-46fa-9ac0-8c80b6eae3c7,-6350.500238,-15679.75604,9329.255804
3b89f909-e814-4147-a3e5-4d80b89ef1de,2434.933496,431.6727187,2003.260777
16413,-487.1091585,-965.4113023,478.3021438
86041910-f71d-4288-bee3-15495a3e743e,-1943.575063,-5385.572199,3441.997136
ef6c06ee-8674-4267-8c69-f0671308c180,-508.8143585,-2060.136451,1551.322093
db48cc76-5b96-45bd-89b6-3156b074d255,-7424.030199,-16414.68331,8990.653116
8b119277-70f2-45ec-99da-be939bf6529d,532.7137079,-103.922473,636.6361808
1fbde4f7-45c8-48da-8936-5bb17e62c5a7,-681.7957521,-878.675906,196.8801539
634460f5-db1f-4972-ab1d-7f172b4e3771,1543.637286,105.2871985,1438.350087
ad29c819-cfa7-4907-b3ce-772cb186fc38,-861085.1892,-929858.7222,68773.53296
ad61feaf-da3e-4d51-867d-bce9bac107ae,8179.717087,3384.404357,4795.312731
6029f5e7-e776-418b-aebf-92ab88866879,8707.854883,1261.339713,7446.51517
2f8cea86-facd-40c4-935d-e9df39436c90,812.5479112,-159.4733908,972.021302
ea8b4d51-4794-4cd6-87b6-a0994be7a791,-1673.30897,-2024.635246,351.3262757
b2ac4b52-13e3-4382-9469-f8865a5dc3eb,13759.49562,3463.505669,10295.98995
703f718c-79ac-42e9-a793-37e1795e7ef8,6824.828428,1799.067144,5025.761284
97e1b61e-d139-4c30-a4c4-e148ad0d071e,-3317.868682,-9106.863061,5788.994379
b6d01fbd-660d-4549-8e5a-5f31efdb89cb,-215206.0205,-280323.3502,65117.32973
46e6d4ce-20ef-4cb8-bc06-18257af0e91e,-6824.786365,-9053.731548,2228.945183
3a6caab8-d953-4d2c-9b89-3a21dace194a,-29372.16311,-50067.90234,20695.73923
41a68452-aae6-4014-a689-1ac1a0cea417,-4653.971778,-4774.108893,120.1371151
14e3be1d-9262-41eb-a14e-dd825bbb44e8,-36913.62001,-57808.70457,20895.08456
3dba4442-9b7a-4435-8e7e-65452c530d3b,4823.634055,710.3835276,4113.250528
88069fa5-1e97-4cdd-922a-fc7445ca713c,-6131.871395,-11474.13644,5342.265041
138d61f1-aa4a-4a05-81df-fcc216774e71,-214603.8963,-247240.761,32636.86472
1b5deee5-7585-4711-9412-4c38594d15e2,1005.662986,-735.1106939,1740.77368
37a4fd57-0597-4e55-bd80-30b98e0a213a,-4589.476838,-6676.441113,2086.964275
ad4dece4-d4d3-4732-9db7-1272b36946b7,-1510.435804,-2734.432205,1223.996402
8da19592-9715-4cb6-b3a3-f27e33c8647d,-4743.656829,-12157.75801,7414.101183
314f76d5-2890-48c5-8e4a-080e414ede83,5635.140277,2179.37354,3455.766737
3542ae16-55ca-4b13-a2ad-4eb215f23f5f,-3386.8847,-3700.918355,314.0336554
362f3d30-f33c-48ae-a94a-b70a6997080a,-1648.665564,-2331.183426,682.517862
075ebc03-d363-4391-972a-6c2165281f64,5124.02283,914.5354714,4209.487359
b4d8df05-bba2-4419-9a7d-032b4ee80ac8,-7207.088931,-10565.51438,3358.425451
32e7e11e-0d59-4afe-b701-d496e86ff267,-5659.947476,-11668.34921,6008.401734
8cf60b19-d17b-4996-a901-11e1f1ac18ff,-5466.505039,-8374.074579,2907.56954
deb56545-2fd1-4202-8de7-19d6176c2334,7163.739627,1747.633555,5416.106073
fa02147d-6070-4454-845d-8b66cd977372,-1018.410858,-2150.519175,1132.108317
6af3eaf3-c610-4a76-baf2-bd0fd1574e28,-5221.00608,-8560.672708,3339.666628
64abef13-12e6-4e74-bf5a-b0cb3a223ad9,-648.6726544,-3169.501531,2520.828876
419c9806-6c07-4752-917a-ba6c12a4a0c7,-136.6523478,-1493.720388,1357.068041
73e60d90-a97c-49e0-9709-44e365d162c2,16775.10354,3172.270191,13602.83335
ea802ec1-df27-4862-b874-445a454bd7ae,-13561.7557,-18954.46409,5392.708388
eae20329-2c7f-4aed-8d1e-4e834599b89b,-5038.423807,-12713.06806,7674.64425
977a7906-7c85-47f6-b2cf-0ab6a44036b7,-2587.062615,-3599.384939,1012.322324
9ebf84b2-1516-4144-8afe-4240953a6938,-4684.114174,-10706.59105,6022.476878
2846c3f5-08a2-4683-b9e5-cf800a931ddc,-164276.6507,-164990.3005,713.6498196
ff5e8fef-8ea4-4f7a-a893-5a80e4117fc8,2689.209671,87.05802464,2602.151646
36b3453d-05e8-4047-b272-e7a52f7281a7,-2913.179747,-3549.210217,636.03047
02771edc-062f-44e3-8e25-7a13a526f768,109.5946811,-371.6876066,481.2822877
a399ad5c-c225-4d38-8bc0-acf537a5203b,5558.756984,1172.062147,4386.694837
9f35c35a-5327-4bc5-9768-ed380a5ed411,-274.6001822,-393.1877133,118.5875311
f0fe6305-8c20-4d72-8c4c-3522d28bd252,12438.63836,3480.02683,8958.611529
605d8f74-8fae-49a6-8232-10df13b23965,1239.51535,-2626.478573,3865.993923
40b3ac9a-f6d6-41e9-abd8-200149deeacf,-6066.487444,-7752.899267,1686.411822
f120ca87-1a3e-4f3d-8678-b1cf106d090a,10227.7094,3137.900008,7089.809388
caaa27d4-16b6-4c61-a894-51e4b2b1f1c1,-227.9638777,-436.6662363,208.7023585
34ae079c-e17d-47c4-950a-861f79553a38,-983.1233558,-2486.217199,1503.093843
196d06cf-e811-4aab-9649-ab6642551b9b,-37069.97778,-40898.45333,3828.475551
2b03d199-ac18-4190-9f2b-22fff8205237,1260.495694,-120.0503711,1380.546065
0711da6d-8da7-471a-a5bb-1fd8c06061e4,-4435.19312,-11470.0759,7034.882777
b1517c9a-9b0c-46b7-b506-49c1da05c8f7,5261.243736,1389.876064,3871.367671
82a5f1a3-7ae3-40dd-a00b-22edde9a8313,5976.97128,2215.460038,3761.511243
1bd930ef-8d95-490b-8244-593fffa76943,12891.8927,-37798.8186,50690.7113
8432e6bc-235d-4ac2-b1c6-18fc20f82f43,-10578.15644,-19530.74573,8952.589298
1e414971-00f0-445d-bbd2-79c1ca529815,-131815.3386,-218857.8306,87042.49197
a6601897-81d1-4efa-a259-9a074b901963,8909.507696,4285.638948,4623.868748
6ea0dcbc-76dc-4b7b-868a-5fcec95c668c,7751.744838,-1397.282779,9149.027616
ece21bfd-8543-4922-9987-02aabf85d23f,1649.619766,-2169.137805,3818.757571
ec5f06dc-4601-48f7-9f98-5e1cab7fef30,649.1111051,-1474.598397,2123.709502
46f8eacc-712f-401f-88e2-27867b3de96b,-1245.355233,-3881.81411,2636.458877
71e2ef3e-5975-46a8-9ce4-01eb8eae5c00,567.6673237,-379.7080757,947.3753995
16446,4388.582152,-490.5885564,4879.170708
368453c5-a1c4-4d21-b2af-323209f7f90e,939.8383558,479.5320818,460.306274
9ea90cd0-522a-4910-ae87-53cbf60dd401,4391.501111,228.4196066,4163.081505
803e6db9-8af0-484e-babf-e670af21597f,18034.19131,3755.25971,14278.9316
d0c043a3-224d-4f46-a24c-c7c9ab5be623,7178.842533,-460.4926198,7639.335152
646d78c4-d428-4162-86c0-cc7c6de8f08c,1798.029706,-195.065724,1993.09543
3fd1f615-fdac-4b63-b75a-335f4f6c4b68,7268.74939,2529.919852,4738.829539
2e350836-e210-4f07-9346-f953514ac393,-336554.2963,-399049.4039,62495.10762
13d7958c-fcc6-488b-8d04-6e884281d702,-3898.785346,-8552.203625,4653.418279
929b0c27-4a85-4b3e-af1e-989d398834e3,-5337.135098,-5553.032615,215.8975166
d0e8786d-0722-4201-b92b-98971320da47,400.9533938,325.1767318,75.77666198
cc11f54e-499f-44bb-b4b5-57025749a693,2967.693004,127.222071,2840.470933
96f618bb-c835-4055-8734-4827ad0f2481,-3040.063983,-8638.304509,5598.240525
b4cbd3dd-bf2f-4694-ba48-ffd963187a5c,4659.772067,823.9488614,3835.823205
85f00a30-0935-4add-bf9d-8228274020de,1721.344483,-52.73619257,1774.080676
f45067ff-7b90-4308-9f0f-d59f468607a4,-7291.697542,-16736.47462,9444.777074
2488e847-8eae-48dc-bc63-4edcc196d47e,-278.7508659,-412.7132462,133.9623803
248a86c3-cb96-45b7-afd2-88067322313d,-11360.39089,-23764.02024,12403.62935
9cfad44c-cbce-439f-8324-e6d7da578609,-5345.103311,-9790.626353,4445.523042
f070c848-d05d-48f7-a627-2378811a7c2b,-2715.298794,-6697.041083,3981.74229
ebfeef26-f458-47a9-bad0-331d53dc1bf5,-17568.6524,-33977.28968,16408.63728
1a1f9736-2637-42cd-8510-810e34a304df,4544.759756,1913.619063,2631.140692
16433,5520.230896,313.9027903,5206.328105
daeb3048-b789-41be-a43c-639fdef9514c,6189.446841,2301.333907,3888.112934
fb2bebce-2766-429c-80c4-6954ba7564c4,1650.415341,-729.8204733,2380.235815
7ca24f08-5081-4e62-b0da-fdb43eabc977,2307.188769,481.7299756,1825.458794
df539a88-770c-46e0-a988-5420f57e2fbf,-143467.0184,-212383.7077,68916.68937
2aaef9e1-6293-4f85-97cf-dc9ef8d6ae19,-11565.54,-24645.05569,13079.51569
11c745a8-a774-4655-a6ee-b0f3d9a3c850,-3082.323116,-5108.284393,2025.961277
f0cf3e64-2e2d-4954-8971-f88662bb8c6e,9453.882677,1665.200896,7788.681781
ab1506d9-a069-496b-ada8-c040f4586454,-3144.414779,-5895.828824,2751.414045
62ac9263-d81f-4904-9140-ecd7b92a9325,-5901.952022,-10357.14484,4455.192819
600431c8-2537-418d-8178-20cd359200e0,339.4621068,-675.929169,1015.391276
84a7c0a0-c8d7-4dc3-b276-fd2f067f8314,-985.8219906,-2231.184132,1245.362141
201e1a94-46e6-41f9-bc65-e6c8f615a182,-11920.21453,-27538.34664,15618.13211
30f73f25-db97-4575-ae86-ddf3fe932507,3249.110894,388.2729053,2860.837989
3b7c60c3-3811-47fa-b4bc-23e42a622bea,12545.13307,938.1200529,11607.01302
b0f82d53-42ac-409e-bb42-5bc0c4902a38,-1488.622898,-4699.406452,3210.783553
a1f147ed-6fce-4276-8375-4dde6e5e9017,-2016.782067,-2854.339303,837.5572357
16454,-11431.00478,-15606.4053,4175.400518
73580a84-530a-4960-88d0-318c771c45c9,-50201.24807,-104428.5691,54227.32102
7abb8580-30ba-4048-9163-15c58fb2db08,-9097.763896,-14124.97995,5027.216056
16280,-8364.190139,-13106.91562,4742.72548
4c15eaf5-4b2c-41cd-b6b4-429dffa6365b,3174.305037,-84.45943945,3258.764477
62da65da-2035-4896-8b59-8faf1e984867,3918.43624,829.2644191,3089.171821
d6d1134a-094d-4a01-90aa-87af7c5e0195,7913.696343,811.4768897,7102.219453
5d9e892f-4507-4dc5-96f2-3371339b9d9e,7287.002755,539.7688463,6747.233908
4447902f-bf3c-4ea7-a3a6-0314dc8fa8f5,6366.051857,1422.539462,4943.512395
27b2385c-e249-46c9-a031-db5e11b90061,-16664.86311,-18985.85778,2320.994664
a10bd82a-3ce8-418f-a735-66dba388fb41,13074.21912,2851.685043,10222.53408
262b92ae-3591-4623-b887-1c84e7b4f5fe,7638.776374,1496.633624,6142.142749
16441,-1378.574893,-2610.824567,1232.249674
bc4239be-164e-49f6-b207-564e9483f825,-4536.212103,-20662.74975,16126.53765
e4beced8-0e9e-4254-92b5-4b503b800581,-6928.474628,-11696.29089,4767.816258
bb7f2ee2-996c-4e21-866c-05f4ce0ec545,-12815.0374,-26917.78263,14102.74523
fb5c3028-07dc-42ce-bf3e-00782c91f595,-2702.484787,-10244.15624,7541.671457
a48a1884-0253-4790-910d-0b9c18089494,-6561.535002,-9787.800032,3226.26503
0e20234f-d6bb-4e81-bec0-f28f79195667,-575945.2778,-649886.1894,73940.9117
0e1b0049-8af0-4e4a-88ed-37c31e7188bc,-10002.75182,-19181.59124,9178.839416
7a6a6cde-6586-4f4d-97e6-ff371d7bd426,5215.502903,2453.865856,2761.637047
16269,-112939.4975,-250804.3511,137864.8536
bcbaacd9-9998-4869-aa10-20bd03e7e302,1537.32283,695.8588175,841.4640124
981a3f2e-e63e-4abc-b03f-72273c02f6f1,4405.039423,948.5974434,3456.44198
4ec4e547-c84a-4999-ba63-ec7577371215,-273.3044085,-3103.746596,2830.442187
d45b603d-e01c-4d13-8c12-d454e5be45a2,6864.309498,191.8336721,6672.475826
47ff8a75-3519-446d-8628-092ab79b640f,6.501407921,-1079.92485,1086.426258
632b938d-7f0f-49e6-b6c3-f1c08a2f8408,2535.047158,-578.9872931,3114.034451
a0f59288-e4d6-4286-b881-1b2dffb4a919,-3141.707085,-5849.588878,2707.881793
c5f574a9-2c5c-4f64-b4f5-ef7b3e21a33d,-9215.223595,-21014.26397,11799.04037
4561b856-b108-4984-a8ca-9513fdd0ffba,-1785.85748,-2315.101254,529.243774
1a5f93c5-21ff-4929-bde0-e7d6587a48a9,-1361.5319,-2206.923154,845.3912544
75c5de1e-ea8e-4292-bbdd-208619c52bf9,-8684.502976,-10030.9778,1346.474823
16277,-213244.0027,-358994.1099,145750.1072
1524d54a-df32-4955-b3cc-847099c5202c,2266.783746,-1369.741104,3636.52485
6b014a04-ec5a-4e01-bc5a-5a7e4a36e835,-11178.94713,-29143.36206,17964.41493
97f679d9-3435-4975-ae14-562363ef42b5,-1796.925206,-5607.939759,3811.014554
cebca2e7-9747-4d66-bb01-44c6e9118cbe,4285.162764,1360.311908,2924.850856
ae6b8404-cbae-4fc0-8e3e-674dd22ddf16,-224.277132,-431.4696398,207.1925078
4d9a11d3-8f85-4923-8c22-875c1ef4b2d2,4202.274454,955.3056628,3246.968792
7a7deb44-e94e-4eaa-af0c-75cd1bedfc1e,-2925.27453,-6459.41356,3534.13903
0805fe2c-7591-4a24-be3e-04874566afc1,-681.3051255,-3007.147211,2325.842086
8ce8dbb8-1682-491c-bd22-455fffefabed,10162.69233,4967.682086,5195.010241
b0d5a082-5bdf-4181-936e-27695cd0389e,-4136.647767,-7800.141536,3663.493768
3fbc9c73-8f31-4391-83fd-bb0161aaff53,7758.819983,1234.729384,6524.090599
efb8bcab-7a10-45d9-b6b3-5a2f855e2c96,1039.368772,-770.706533,1810.075305
885c06cd-2f78-47d2-9a7a-092cf29e2d55,-351553.3404,-438159.4303,86606.08981
f95f4390-0112-4bf0-a6f8-e4a44ff59daa,1641.543303,-3993.679555,5635.222858
16439,889.0069193,-383.5138007,1272.52072
16443,-20657.24083,-43491.79435,22834.55352
680f8c1b-17ac-4e3e-ab7b-a64e8e915b7f,2159.184568,-137.6384489,2296.823017
5c4a23f4-af26-4603-8d95-dfb1a64ec3a4,1109.448603,-979.1067887,2088.555392
b69d52ff-fea8-4093-88b9-e1cad4f8ee4a,-88330.16405,-90778.24028,2448.076232
5ebd6820-eb51-402a-a10d-6f38cfe9f567,-3541.823858,-8394.582339,4852.758481
cd142ef7-3325-4ec6-8b8b-16254954db1f,16844.49993,6718.226022,10126.27391
ef9951b1-7a6c-450b-bbcd-eef377be520d,-12621.10776,-24124.61859,11503.51083
6d990843-e957-4d5d-8c33-85a8026a07d0,-23245.11878,-23786.3203,541.2015154
68f875ee-01e6-45ac-ae4e-cceab935f1f8,-13771.92135,-23757.58303,9985.661675
d6e38a7f-5cec-4bf4-8851-75a9662d96ae,-329.554289,-1410.076677,1080.522388
892bf3cc-bde9-427e-8df9-379506962075,1790.533239,-364.6197515,2155.152991
29da7c46-0bc6-4ad9-a729-ff8ac8e27568,2320.113726,440.8493493,1879.264377
daf2a47f-5599-447d-bf02-e78571c5b1c8,-2330.759062,-4175.899868,1845.140805
80e99759-ca1b-46d5-ad00-5fc8e4d00f56,13.95399769,-513.9096287,527.8636264
16273,-52085.61903,-61245.93562,9160.316594
637e3fcd-3d1d-485c-b67d-bdcfd027bc73,4175.595075,1049.239547,3126.355527
4bf4a2a6-d20f-487c-906d-319a0f451315,7192.262415,-1221.394544,8413.656959
1af87696-68cc-417c-a050-718cedc31cf1,-4442.530881,-6744.901389,2302.370508
03fdd890-2ce8-4873-8d02-0d753838576e,-3810.942053,-6400.136667,2589.194614
335ceb87-d791-4b85-87b8-9ad609c6d30b,278.7998488,-495.9586249,774.7584737
f7e9d248-f96e-4d4c-88da-e8d9359392de,-1714.672677,-1778.119891,63.44721385
a8e43186-7f4e-486c-9645-9bac1e2dba21,-356.5543224,-532.4196743,175.8653519
16409,-223.6548272,-498.7625272,275.1077
783d3c3c-1ced-4e77-95db-23c3a28ecba9,3236.302734,1324.75468,1911.548054
f086eef4-8cbd-4cf4-9419-ced531095b91,-7587.55122,-10999.4294,3411.878184
949ef193-4a38-4479-9db2-3651beccb584,-2111.540949,-4227.138612,2115.597663
5a1930fd-1996-4d0a-9ed9-0d19ba207782,-8641.189354,-13606.325,4965.13565
ed4a9714-0a9c-41ee-98ff-a80d7b0dc4a9,-248.0994703,-1125.242097,877.1426264
809515a3-5912-44e9-a55f-bf81f8f9991d,-2740.113561,-9608.53031,6868.41675
16445,-2943.981782,-6237.247141,3293.265359
c6a6528a-eb08-4d66-8b48-40706fa93ba1,450.9360318,332.159477,118.7765549
3a347178-0e37-4ae8-a230-f74ff6f5a6a0,764.4979848,65.19227133,699.3057134
5e9b429a-79a2-4deb-9377-9f3187c3e194,-4796.75997,-14619.11765,9822.357684
4b68f0c8-3b8b-4eb9-b2b5-208a874ef27d,-354.166862,-653.3759221,299.2090601
16442,-24.87422226,-818.2196369,793.3454147
d3cfd119-8562-4318-9eee-98b9cc1c775c,-857.792681,-3210.472733,2352.680052
a7d4a40f-906b-41a6-b03e-22b6431e316c,6165.625108,285.9765133,5879.648594
7a3428e5-434f-4599-9d57-0ab19d1bb4be,1366.419526,160.9567994,1205.462727
b07bad35-f748-4af7-8089-f5c5a3fb5056,7110.48512,2694.263848,4416.221272
8dc38be5-de67-430b-a7d9-cf9b81379951,6741.986596,881.9837122,5860.002884
65d11c4a-e389-4ce3-81ee-9900a4f3c639,1039.958314,529.4532129,510.5051008
2609a296-3e8b-4f1c-a94f-c5e489e0a645,-17515.77128,-36644.74147,19128.97019
6f84d3b0-3bd9-4528-912f-641dd92e6474,-113760.8993,-114234.6312,473.7318801
e10a56ec-bc75-4080-97e1-fb2ccde82216,-221127.7533,-260207.5076,39079.7543
3afbe300-7a5b-470c-a6d3-190df7eeb1cd,-1379.437872,-1599.479222,220.0413502
a9a8fb74-cab9-46f4-b6be-27279b366cd8,-4794.824036,-10827.39324,6032.569205
5f937544-a583-4199-bed2-94a2ffbe23d4,10144.57758,1408.103736,8736.473844
cc4d3eba-9b58-4b3c-a00a-0fa0c0374808,10072.16422,1479.964768,8592.199457
16438,-1276.257317,-1721.233763,444.9764454
46624f41-5372-40ba-81cc-a94340ee3e46,-3412.461733,-4998.354165,1585.892433
de1028b2-9d02-4920-b32f-f94e497f9315,-494.736338,-1978.557003,1483.820665
5dda62d7-3341-4f03-8880-8f9803e9956f,-5706.037351,-9205.983669,3499.946318
8fc9a774-049e-4539-93e3-8c7e2ad0d3a7,672.5226556,-2750.146402,3422.669058
37cdf49c-82c3-47f6-993d-f1b62e9b59bc,1130.295884,-1212.243617,2342.539501
ee3fd212-9d24-460c-b5ce-062f3ee46bcf,7389.031876,1346.592536,6042.439339
0e0998fe-7e84-4c75-985d-d389bf26a2be,-352756.6757,-456557.7489,103801.0733
90188921-2e05-402b-a7f4-f8842b3b88e8,-28998.91115,-42742.75806,13743.84691
28a377c2-20af-42af-8493-267a0282629b,-3156.393203,-8586.654619,5430.261416
5f1e89f2-6761-4af2-9f2d-01f13294fcb0,16693.24834,1236.304917,15456.94342
d8dd63ae-7bfe-40f1-aa5a-356a27f78af9,-1335.730736,-4755.040634,3419.309898
d2dc3c91-6cec-401b-a5b7-0ca7f753a779,-190324.9013,-197733.0966,7408.19528
53711c78-7293-4304-b82c-3fa1587d093f,2516.737083,721.7981739,1794.93891
43aaf6de-65e5-4d44-876d-c9bb99722e59,-10037.94831,-20293.96576,10256.01745
ef7f347f-dc07-486f-bbb8-f827979cf298,-2134.166476,-4150.675198,2016.508722
47c20e4b-66ca-48be-bc99-0407acb7dad8,-175981.8446,-205555.1466,29573.30199
cfc7ea15-4060-4dc2-8c25-bb4197678c01,3412.832183,720.0422169,2692.789966
65b99a9b-8184-4773-b11f-22f2fc6f4a3d,15393.37663,4033.991751,11359.38488
7b7b1cd5-30b4-4302-82cf-b43e2899ed97,17342.91997,4756.102002,12586.81797
ff93a2df-d916-4a1d-beb6-9e163322f70d,-4118.497683,-10041.25808,5922.760393
f8f6b318-5225-4c4e-9e85-db5288b11849,-4507.523054,-6910.67097,2403.147916
7de1199d-a868-467d-a996-71e869c4ce53,1902.784235,88.29839891,1814.485836
80b894e5-5330-4dd4-9e3a-276c4883ab62,1177.671493,-1503.661948,2681.333441
b379c432-3313-4967-94c5-3a4129d8d9fd,-2020.494155,-3631.523436,1611.029281
63b8dafb-cf5d-4ad8-997f-7e9ce1ca67ac,-13998.01284,-28176.96693,14178.95408
8d9a12fc-4c88-4de3-aa82-19243f2b4049,-1824.968022,-2425.799185,600.8311632
24a890c7-8ed0-4717-a68f-f8989dd296a5,-3872.116304,-4325.308671,453.1923669
d6033be6-200d-4ca1-a084-3275c155db66,6786.158397,2123.918783,4662.239614
f3b76673-5421-4b0b-b18e-fc4fb5d2ef24,-8614.934392,-18880.45634,10265.52195
505ec7c9-44b3-4ef3-8678-b64fc4a01e16,29046.28581,3468.473855,25577.81195
4ac225bb-3e8a-4978-bff7-53ccf6d6ad2b,-5784.108137,-12770.63024,6986.522103
7cc0df2c-c08d-4473-8266-5eee25145b65,-7073.076765,-14344.82194,7271.745178
912ea556-a99d-4ad8-91fe-d61bf0d70f9c,-1519.425704,-2974.082151,1454.656447
7949410b-6eb1-4d19-a499-d90504bba829,-1746.276173,-3105.752026,1359.475853
11c898d8-5e48-4415-9a15-0a4774a65756,4805.366233,1436.313284,3369.052949
b8a249a6-272f-43af-a957-4c6310be038c,1346.809642,259.0405018,1087.76914
fcc9fe9d-7f59-4538-8ff1-c6c192508364,-352.2587729,-739.9175261,387.6587532
e553c8cf-3400-4305-9e23-54fb85a6700a,4567.271851,-864.2940883,5431.565939
36303bb8-c95c-448d-a450-fa7981899637,-6994.915033,-16820.7163,9825.801264
89fc49b8-bea1-42d0-b397-ef00f184333f,-1146.179392,-2775.989157,1629.809765
b0d07f93-d499-44f6-80fe-1c3fcf6a65ac,11966.90689,1850.63068,10116.27621
4dd49b46-7f64-4742-81d4-4992ed35d999,-654.7389609,-2067.272945,1412.533984
ee46e566-e3e5-4088-898e-b84aae6c1591,1736.577381,-2047.578146,3784.155527
1cbe19c8-a5de-41a7-a52d-f38a7eef4995,-390.3146392,-531.790843,141.4762038
57ea7f01-5d78-40a9-aec5-762a136b305c,1639.442959,-1472.921235,3112.364194
e8ebaf0f-ea95-46a1-ae7d-9d00d68960c9,-7142.022996,-15529.11234,8387.089345
65f37cba-0cd7-40e0-a52c-72160c6a4bd8,-720.3699043,-2919.440614,2199.07071
ea356d52-ad48-4efc-b75e-765b02b046f8,1478.088962,-111.716036,1589.804998
204854f5-c4e5-4eee-92ed-f2ff134a8e83,-6190.052916,-12053.49948,5863.446565
2e583fc1-f00a-4e71-a41d-2cae1c9f1f29,-4930.87908,-7118.191294,2187.312214
2060f364-f44a-4fdc-94fa-2bd428e4014e,-7352.862716,-14816.68435,7463.821635
5e48e5dd-bafc-4ab8-9bed-3dc19d4ba7f5,2340.373725,843.2277108,1497.146014
e75a0627-c4c4-4070-a2a0-b1a11ed566dd,-36615.48632,-52967.68972,16352.20339
2a912134-30d4-4caf-b8de-a6a1fce01641,-14068.84308,-49140.20873,35071.36565
26f0db8d-9eb0-4bc2-b217-3daf9c1abef8,-58.01806477,-2306.382271,2248.364207
90b2db25-7ef7-4b5f-b256-d61ae1382983,4502.994537,916.6182438,3586.376293
0e431505-1a87-459f-b9e4-091464b8854a,-4839.260467,-13132.31559,8293.055122
563a3432-4d61-493e-89e5-fb7f1d2e5e9b,-5596.33591,-5871.326316,274.990406
9ace1f5c-b778-48a8-ae82-1fcb83120e85,4334.546899,697.6755276,3636.871372
8b889168-cf1f-4633-8a02-2123ad7ac4d1,-308.9447861,-2245.4516,1936.506814
cc44dac1-372f-42d1-87e8-cbe75d9c7758,-2309.28555,-6052.835894,3743.550344
251bb71b-cf7f-43a5-9fca-8853ad4f252d,-6444.687657,-10700.64443,4255.95677
8f26459d-4da4-4c12-b2a1-56cb3f2559b4,-101508.8169,-141987.4481,40478.63118
16425,10341.62596,-1210.848305,11552.47426
82f4d558-9f6c-43c0-9e26-9ec9d82c9783,-172046.1937,-245866.4904,73820.29668
4c46711f-30aa-4555-ba57-af80a2054e4d,-3636.517121,-4008.79883,372.2817089
a2bb1ed0-d79b-4bc2-8f36-4eee09eee336,-28063.21133,-31001.38098,2938.169646
0d9dd5f8-acab-4059-8181-4f76f9603a41,6928.741917,2281.479567,4647.26235
32c46750-24ce-4997-b281-69485272210b,-10725.80713,-18676.84517,7951.038041
1accb4ee-69df-46be-8862-663f020270d9,-3362.527156,-7182.286486,3819.75933
a2c44597-5156-49b0-b0c8-c9570d9ef30b,-5011.697962,-5803.955398,792.2574364
253483a0-dd0c-4cd2-b0bf-44ec82d38e51,3893.803156,-704.9416709,4598.744827
df382adb-108b-4e26-b9ac-cde43306da4a,-785.6272865,-2829.308162,2043.680875
65460b49-f83d-44c7-ba88-2872a7914563,-1766.466029,-5692.20892,3925.742891
16464151-62fa-43ed-a59c-652ca4944232,-3132.162888,-8774.008432,5641.845544
16449,1206.409383,-2189.178141,3395.587524
bbffef0a-9431-4b7a-9824-a1271dbc5b7f,-223146.2632,-227020.6065,3874.343293
7a8f6ba8-432d-43a3-aa24-864c30024341,-823.4613894,-2269.569954,1446.108565
2e74922d-4b99-4bc4-9668-5fa47c8d90d5,4605.8085,1474.449152,3131.359348
45a441d6-69f2-4794-9247-d52be6955c47,2629.042679,437.995659,2191.04702
f576f6e5-d38c-4ae9-b2b4-f44aee05d05f,1786.890844,-1198.384085,2985.274929
0de0f700-7d48-476e-8ed8-a5fcf171cc64,424.5357687,142.7648833,281.7708853
04ed1e29-b692-495a-b083-082cf8811d5d,8523.404767,1252.912716,7270.492051
64af251e-201d-413e-9d8e-9462e20ac3ee,8594.610617,1675.400774,6919.209843
16c0e231-2dd6-42f6-908a-a668c98c9c21,4071.970379,-2676.958857,6748.929236
303dfc2f-4791-495d-9d83-be5a95943083,554.6700067,-468.4474497,1023.117456
a57080e8-bd8b-4a4e-91fc-5e3d1a38530b,115.9484506,-462.0860915,578.0345421
464d17b9-2da0-4700-a5ea-ec789e7fd10d,-8877.853797,-19536.12394,10658.27014
4f160514-405a-42f8-801b-5188d65b9d33,8380.903719,1777.295175,6603.608545
e95e6c3e-3611-42a7-b150-3ee12ad5c4b7,33994.09281,4512.694648,29481.39816
fb9e9042-ec0b-4f2e-803e-eaa16ddd2401,-2096.318886,-2315.132641,218.8137548
adcdca49-2dfa-46f6-9951-f44959a43256,-3993.669086,-7905.053812,3911.384726
f132415a-7a6d-434f-8ded-06e9d1d80baa,-172391.9283,-216268.7122,43876.78385
34cc2cc4-7952-45e1-a086-41a453d66387,7270.8109,-26.87232991,7297.68323
bbae91a4-be42-4e30-b9e8-f0b5fa4e9f21,5155.258114,1677.65973,3477.598384
fe4c04ad-3268-4293-8446-e2b5ab9daabb,939.7508668,389.4567708,550.294096
7a7a3e34-033a-4041-8454-8b483cd909c2,-2001.269418,-2061.167665,59.89824628
d23df84c-e768-4c55-a021-9f72fa398eb6,2479.058199,740.8670655,1738.191133
911b463d-d1f2-47a5-ad3b-165de9159e1e,-3880.136284,-8549.078474,4668.94219
ee7ce4a7-cac1-4efc-9581-5f953c8ea435,-5338.154303,-9767.376376,4429.222073
39b98dcd-a894-4b36-9479-caa6ef1cb15a,1209.600498,-1366.332999,2575.933497
5419a884-3ede-4cb1-861e-541dd4625aec,-873.7336773,-1983.583811,1109.850133
16457,-2273.198777,-2943.99287,670.7940932
4231a6ea-08d9-4316-a510-3a8e7734d3ce,5569.028567,710.660469,4858.368098
9375a61e-0e8d-405f-9b1f-71b803795970,2838.513478,1225.654303,1612.859175
2b3d5832-3278-480c-8c0a-027be44d693d,4413.293127,-586.4707641,4999.763891
9685a3a5-8229-4e49-afeb-229fdd7c8856,-3876.268846,-4838.511269,962.2424233
138b5201-91ad-4e41-bc34-1f9b5a6a6921,109.3657953,-2117.159312,2226.525107
5ca61733-cb93-4111-b6ad-362ded0f7e3e,7965.478331,3125.796431,4839.6819
ba6247ea-5560-4c55-a86b-1eb6a5470814,-2767.221896,-7722.384979,4955.163083
16402,-1043.218152,-2805.929474,1762.711322
d7247b10-3b00-41b3-8c8e-23629b32bc87,10167.94835,2060.370726,8107.577627
717de7e9-007b-4dda-b194-bd8d7ea9f480,201.3862382,-1539.09804,1740.484278
02996e88-f315-4cf7-ae88-d4dde67f33b7,-5302.321123,-9232.207897,3929.886773
29b4ddbe-4eed-4490-befa-00addc4512de,-804.5647656,-1028.558302,223.9935363
907a2b73-e7c4-45bc-8a31-862dc6829851,-3577.134695,-10480.64155,6903.506855
e75887fd-09ce-41c5-8a69-2aaee202ccbf,-4795.461735,-7638.336524,2842.874789
7dd7bb46-bb98-483f-9aa0-85b408df0895,-4459.970247,-9621.846906,5161.87666
f60e2a91-3e36-4d3c-851b-d7ccc50223c8,-233927.1453,-246733.0806,12805.93528
b10f16c6-637a-4054-83e2-6f488dd448de,5027.71,774.3253603,4253.384639
579c8f19-fb6c-4841-953e-9da937d36682,-4883.991473,-7615.993798,2732.002325
b4967187-24c0-421c-a064-23fded4d9df5,-6503.541573,-13741.32282,7237.78125
f9f7e5bd-3eeb-4be1-94e9-119efd157717,7467.451563,2629.150921,4838.300643
06f6989e-54cb-4f40-bfda-c2da14a5ec3b,-4718.684925,-6244.909704,1526.224779
dbe359df-af81-4583-a8cf-4c3dc6e8bae1,6428.746528,1008.685564,5420.060964
4dd1fd90-3a09-4d99-82be-e8cc75e99533,-86121.28099,-130267.2318,44145.95084
93ab3b0e-8488-41d9-b83c-d16abbaf0726,-5373.811906,-5803.76224,429.9503335
bd16c197-ed33-4a63-8de2-f64a4c880378,7873.844422,1909.407934,5964.436488
496da7c2-4c27-43e4-bfd2-574be6f09b8a,-654556.6345,-804741.4179,150184.7834
47255e34-7fcb-457c-aee6-fe0b48bae3c7,2225.318409,-2090.804989,4316.123398
dc7d0662-84d2-4095-8bb0-8cc25b277230,-5469.499439,-7629.073654,2159.574215
0b027513-2ff1-42ab-8ef9-1cb516fdf9e2,-947.6575989,-1160.261884,212.6042851
0a14e8ce-5ade-4d17-b7a5-d6477a03006d,-791.746128,-2430.396182,1638.650054
b7d38942-c991-4eff-844a-642762e28813,13177.17421,-3372.459999,16549.63421
87f69993-f2ee-4df2-98a0-a6617780edd7,-1341.120712,-2411.537087,1070.416375
6e4bd180-af29-4fa2-af76-1b1a888a6b78,-2210.150069,-2672.251066,462.1009965
5b74e76a-5211-4eeb-a58b-b952ef4dad05,-2500.251869,-5764.554114,3264.302245
0f242c34-a36a-45fa-be32-705846f1266f,-1319.177868,-2110.559217,791.381349
fe42cf82-93a1-48e1-a284-1ca081cda132,-2617.001491,-4443.314749,1826.313258
b327a118-ede5-47d6-86d8-a152ff76bcc7,273.6693487,111.4472929,162.2220558
acefbcfa-556a-47a3-96ec-df50be153b33,2009.059923,458.63801,1550.421913
16450,4703.420282,-1087.254259,5790.674541
79a2068d-7665-410a-9cb7-f3b78ab7e1d4,-75486.52266,-91913.70397,16427.18131
177534b8-6182-4c33-a2a7-90c1e83e4102,15460.71369,3933.186483,11527.52721
265754d8-dff8-4d8c-a663-a913ecb071a9,-187006.8412,-234983.6053,47976.76414
e10c28bb-83ee-414a-a7ae-1fd06d86c9c4,-2175.613914,-3281.489806,1105.875892
788b890b-4533-4065-929d-21d7a94f2654,1644.843615,-914.7452532,2559.588868
b5c14783-bcaa-44bd-82b7-b240c7f65f9e,-234981.0599,-257704.5374,22723.47748
64619d89-79d1-4320-ab20-ff5102ac56f1,-3794.097403,-4884.1983,1090.100897
ab03d521-a5d6-4fc1-a551-dc3bc7bbb34b,-6170.604509,-13949.8579,7779.25339
86c33b22-1e16-409e-a7ac-389dc2b6a37d,-6902.780878,-13979.58413,7076.803256
103213f5-d199-4d5f-a002-35058be2f1b3,-4326.765176,-10896.84343,6570.078258
bd5f2f5d-cccb-4039-b430-eb5f127e6e1a,-1801.819357,-3448.959959,1647.140602
a4486049-d389-401a-8b2a-6258f1bd3b8c,-2895.185018,-7636.50794,4741.322921
25a9c99b-960c-4cd3-a7d8-f29b0370f595,-3775.176295,-4740.688671,965.5123755
f084d457-96e2-4224-95cc-5a0235329ff8,-513.3043073,-780.3691936,267.0648863
b0e235ba-2552-4f7b-8a47-f6e3de0b7d11,-7265.906695,-9133.171403,1867.264708
f2b1f7f6-88aa-4d6f-8a79-38abf55f6915,3979.48265,-1130.19475,5109.6774
c2af4ae5-17c3-461f-befc-42cca83935fa,36643.98485,-22982.81811,59626.80296
4dab951a-6707-4d62-a41d-fdd4ac718a8b,585.2591559,86.9569362,498.3022197
5650543f-cde5-471a-ab49-28c256a8f56d,-5687.482728,-8324.830153,2637.347425
f1a3f024-a7b5-4577-9792-70976b2bd628,13475.56846,489.043037,12986.52543
83b2c595-39eb-4b0e-ba30-1a5d14bf9a8f,1836.011843,1052.039286,783.9725573
16274,-361539.9761,-361861.699,321.7229694
b398f850-a27e-49e3-8cb6-f350432095d8,-1.903619652,-3564.793966,3562.890346
16408,-21193.39382,-53216.4075,32023.01369
03dd64c4-6b6a-4365-b1a6-5ade63d67dcd,-3538.108198,-9558.206084,6020.097886
513f49da-1dfc-4f81-8535-dc9751aed0ff,-4187.497385,-8141.592375,3954.09499
ee64480e-4c31-4c7c-9858-91cd2ae43e06,-550119.6613,-665994.2559,115874.5946
154aa72f-d25a-4d11-acfc-bd2d79b780e8,-19541.07109,-25786.72983,6245.658733
0ac4871e-0198-447c-a7f8-1066125fc174,-984316.2063,-1005286.82,20970.61325
a70c307e-b8cc-427e-b6bb-81de119f9ddb,2453.664279,452.573413,2001.090866
9aa8b8b7-5753-45c0-a39f-726bb97fd1e6,-4417.519227,-5916.684112,1499.164885
a6ba1dd3-1410-483d-96e8-128fa6879d33,-4247.089851,-8713.051557,4465.961705
16278,-308059.6285,-359855.4488,51795.82027
fe2921ef-df8f-4ec7-891b-6acdc093ec99,1169.141216,-952.3188598,2121.460076
e7ca7e7a-930a-4987-8950-76f974616aa4,4647.521655,1326.870423,3320.651232
9f699136-7d2c-4ded-b943-61dc5a24a19f,4294.681245,-2041.322583,6336.003828
42d5d53f-f020-4a42-b290-340c2357a52a,-7065.020954,-14552.80873,7487.787781
bf474d4d-4bcd-4d81-a6c8-a6f12857036b,2022.275667,-1211.814764,3234.09043
5409bc31-9af2-4b89-9212-5cedc6583fb5,-530.4110577,-861.4473631,331.0363055
78bf4b9f-648f-4638-8e10-96da8e239a49,1995.627181,1987.528747,8.098433966
34e25de9-9cd4-4af5-9856-b6097d865cb6,-6316.554583,-11935.9092,5619.354618
648c39b7-4c8c-4dcc-9be7-c3e4fd69b5de,3051.908736,1423.512366,1628.39637
8c419033-e828-4c0e-9a54-d9084ddb87fb,-650675.7508,-846124.4977,195448.7469
a54aa6f3-78db-4139-aff8-785b41d7ea13,9871.309776,398.0472746,9473.262501
f729ad25-e543-4238-8d27-c29d94069de6,3707.721015,-390.4321299,4098.153145
16435,5623.925637,-2847.033132,8470.958769
731b999e-aea5-42f5-9ca5-d89b42627d16,6921.741749,-405.276602,7327.018351
b90f9e58-ee9f-4e91-8cb4-01516b5bd6ab,1712.329421,486.6974109,1225.63201
16268,-976675.756,-1621473.089,644797.3328
d1f25a78-91c7-4760-a983-0bde24ef1787,-2063.015849,-5341.303471,3278.287621
16411,-699.8795673,-1993.252645,1293.373078
ad30b0b3-c80d-4529-b96c-46bca626a090,-1155.595205,-3153.576108,1997.980903
b17e0efb-7e15-4baa-8a85-3d2410d1db0a,-10965.98351,-52527.99936,41562.01585
38caa1ac-63ac-440c-87d0-d3de9bcf1011,-7258.679165,-14185.03421,6926.355044
8e3ba761-0b13-4fb9-8832-51fb8050a760,4321.930383,864.7899272,3457.140455
88032ec8-8c67-474d-94a0-bc9856be9643,-45133.74203,-63906.98056,18773.23853
beb5da93-7c73-48e8-b629-bd1d9d93e0c6,-3329.333408,-5706.805,2377.471592
79ccc4d9-3e1f-4c01-8774-2cef44bab78a,-5978.918712,-14204.37266,8225.453944
4af89769-7860-4421-9bc0-091db1bf6a20,-5652.999635,-12389.59029,6736.590651
2a687f9a-e43f-4d1d-a391-a22e16fec1e5,-1038.06347,-1363.4734,325.4099301
16416,-587.3094238,-1030.367049,443.0576257
befb2241-c6df-498e-83c9-2fb913bb807c,-1213.028523,-3039.23133,1826.202807
8aac1065-e8a4-4359-b7ae-1c65363f6ff6,-3920.279469,-9603.86872,5683.58925
365b8053-fe42-4214-b78d-012a2280ac31,-2837.383938,-7085.26611,4247.882172
f7a94aca-b7c8-4c3f-b456-a194e036a2ec,8016.196105,3966.965648,4049.230457
fa339661-cb78-422c-bc7f-38aac8d720c3,-4999.396964,-7937.646914,2938.24995
d8311fc5-f97b-490b-9dc9-7e3ae38341da,1673.979773,709.227549,964.7522236
75e8c103-ff60-404e-b2ec-20fd39e62f1d,13160.5442,2121.721576,11038.82262
643bf604-79aa-40d6-876b-bd5033624082,1094.903273,-1304.522971,2399.426244
16424,-14170.82935,-33391.98167,19221.15232
4504a897-bbdb-46c5-932b-e6109adcd825,9410.299215,-61.21414477,9471.51336
16266,-265707.9828,-351040.8878,85332.90498
c5d46478-c043-4ee1-b9ae-c2ed7a7db7f4,13742.84042,3393.459155,10349.38126
23c0903b-aa51-4d20-bdce-8d744457b97c,-1601.639391,-1960.258782,358.6193915
bac55f9f-4207-4de6-9f5c-ad982b89301b,-1627.862818,-4742.253927,3114.391109
8fd73d1b-e8b8-4a92-83b0-f2aeb013d530,8074.290396,1494.505259,6579.785136
953a9ed8-3f70-4cae-b841-86662a089c3f,-724431.143,-782668.806,58237.66292
ebc5add8-2407-42c4-b6cb-4d21d1fbc5d7,-2189.441051,-4671.686472,2482.24542
483b1cda-f977-4b8f-ab50-07d762dbaa69,2051.612134,-1748.442484,3800.054618
cedb1b8e-f761-4077-bb52-983d928bf786,-48624.46333,-59143.05493,10518.5916
42f9221c-4768-4a06-86b5-fca66c9df450,-10023.57888,-18891.4227,8867.843813
16279,21058.99708,-125918.7642,146977.7613
1cd879ba-c9d4-4964-9ace-d35cc8360923,-121283.7834,-164446.904,43163.12064
15841abc-92b3-4723-b54d-ce1e5bfc1744,-415.3339639,-850.787823,435.4538591
3cb5ac7f-8b31-466c-b0bc-d0e2d21b3743,-6717.019212,-9166.194032,2449.17482
75e9d8ec-5b72-4cf4-842f-e0d5187cac1a,893.1517176,-702.7636819,1595.9154
b50b6c28-3ae0-47b9-b140-884da6f1ba87,316.5413322,-24.38434867,340.9256809
9f6c3338-92a5-4c89-b416-b1ec71250f26,2242.747258,307.7443158,1935.002943
6453a46f-be8b-4a6e-8dc1-c42a7510d7a9,-4201.124676,-10361.64788,6160.523205
16459,-4267.868416,-7391.148893,3123.280477
5fe2211e-7f88-41a6-a44a-0c8561d3ebf3,4970.240582,1144.35432,3825.886262
54c4b5d0-f61e-4444-8c1e-3f4784df6aad,-1723.790102,-5221.024859,3497.234757
82e19ff9-172d-476c-8a8d-b873733bd3c9,-4532.261779,-9753.943764,5221.681985
d57c9a79-4942-40e2-997f-c9b6837fb7c7,2635.321311,1696.865197,938.4561146
1ac8dcf9-fbc0-4aac-b426-250e535b9dc0,-4482.281572,-6596.859716,2114.578144
fce1f270-ed5c-4ae7-9b52-a3dd8995bb68,1654.243393,-2285.647154,3939.890547
a8e447ac-20ec-4aab-b5b6-c89f58c68739,-207623.2345,-233556.3582,25933.12377
16401,572.4578357,41.32338807,531.1344476
16462,-228297.3859,-357487.7731,129190.3872
ba72a5e9-81c8-4933-9888-5619324bebe7,-33151.26239,-52258.16932,19106.90692
2dbfa32f-a836-45cc-b383-cae52938e407,-2325.27975,-2585.899436,260.6196865
452f115b-400a-4f40-9a10-8d46294269bb,-206486.8765,-263404.2712,56917.3946
5415656f-c5b6-4ac6-b28e-5531786075cc,328.2473262,-804.652933,1132.900259
d84ffbc0-6153-4a53-9528-20c4c708ba16,13035.43437,4469.635077,8565.799296
34f9de21-4240-4196-b2f7-08193f97ec52,-4818.021935,-11512.6425,6694.620562
a13be1bc-1289-457d-9d59-1316bb585a56,-695850.4786,-845175.2475,149324.7689
47a50cfa-f8ac-4421-9cd3-cd2e77806755,15046.17605,2566.526471,12479.64958
3d054d78-7f94-423a-824e-59e8338056b6,916.4269482,182.7062126,733.7207356
ed63e0ef-ecf4-4df3-8c62-874b1a83b5b6,1998.936224,-1624.846127,3623.782351
16461,-38113.94784,-76761.04372,38647.09588
56c95cb9-f2f0-43a7-b667-9fef915b3213,3363.94607,-945.3616459,4309.307716
16427,900.650258,-330.7952819,1231.44554
16276,53952.80962,-45388.67788,99341.4875
3e46fa21-527b-4672-ab87-56b974738554,-4205.476466,-10395.91499,6190.438528
30fe040d-3af0-42ae-94af-45e623e39a2d,-341417.4344,-376210.6881,34793.25365
16419,1291.401325,253.8096855,1037.59164
9247e531-5b00-4833-afe6-49af94548494,-1092.452055,-2875.525945,1783.07389
84e9504c-0b3e-43ae-87f1-cd6eb9f4efce,-333.0509664,-2889.094347,2556.043381
8d2f726b-adf9-4c8b-a6b8-cdf8a33ffa30,-2150.614681,-4029.477241,1878.862559
22d44841-18bd-4482-a333-6ed410071c64,135.185223,-3745.743587,3880.92881
82a91940-8baf-41c4-841c-035d30e5fa95,-9013.234969,-14672.5372,5659.302233
a62cc2b7-6745-4017-8e6f-e145068571c3,1869.748498,106.0714905,1763.677008
8643605e-6f56-4cc1-bfe6-f7d218350224,-3109.973253,-6062.168028,2952.194776
16405,-1535.291873,-12751.73868,11216.4468
6826baec-aba4-47af-a5cc-0a04d9104a1d,-35468.37539,-40668.13429,5199.758904
16432,5497.60087,2155.385515,3342.215355
ebef5390-ad10-4025-955f-9299ba2a3377,7514.815811,105.4831865,7409.332625
16414,-1369.481053,-4407.848046,3038.366993
c0f4ee3d-afa3-40b7-b73b-0e540001419c,2145.637475,733.6631408,1411.974334
8833b1ed-a200-41ae-b3a0-6b27c0c4160d,-1561.192602,-1670.822316,109.6297146
16410,-437.472947,-1685.522639,1248.049692
5f0e8121-59ae-4c7c-a094-e8f4ed0d23f5,6620.082615,-818.3322168,7438.414831
16415,2126.971909,-162.6118857,2289.583794
66db2095-0258-45a0-9476-4976facfaf1d,15122.14061,4604.785492,10517.35512
e004c656-6ba3-4daa-b034-37491f872de2,2974.087056,471.0623969,2503.02466
99ff6036-a7a6-4023-9191-3da6b296867d,-1074781.923,-1195853.509,121071.5866
16440,-6931.274124,-7878.592964,947.3188396
73d19f30-bef7-44f1-a9b5-23d7713c9780,-15456.74842,-25421.48641,9964.737995
2bac8fae-a740-4825-969d-e0fef687de43,-1852.653506,-2592.955207,740.3017012
94a74160-282f-4f88-b1b8-92bdf1250edc,3457.557284,-806.8016057,4264.35889
485d97da-7c9c-4831-800e-82327e334c7e,-987.627836,-1652.88365,665.255814
d977bbdc-3c87-4f8c-924e-f0e80237e474,3061.660177,407.5110238,2654.149154
3e6d7420-1c88-4df5-81fc-fb4e84d8aa8d,11988.80503,1836.478638,10152.3264
eaccaa73-b149-48ae-a224-2f231f46432c,-153457.8919,-158955.4199,5497.527977
6405b322-9593-4811-a907-a16b14aa7c22,13663.22389,528.822941,13134.40095
1b7b5b96-7f49-4397-ab1a-95aeaad12780,7334.432934,739.9222684,6594.510666
3801dabe-a68f-4951-9c63-a472d846a21f,-9605.960242,-24541.73354,14935.7733
5f4ff4ef-63b7-41ea-8871-2d4516bf5125,1560.852831,798.3352284,762.517603
420a5bf2-2163-43c2-b34b-d84069841843,-5427.612516,-10388.0216,4960.409081
f511ebe8-aca6-408c-9c18-d3fce71e0851,19025.25697,4172.965628,14852.29135
8c0dff51-e66c-4641-ba71-a92fce9e6751,1011.815435,-498.7438782,1510.559313
f0a16dd2-8865-40f1-af8b-39411fdafbaf,-19204.21755,-27144.13639,7939.918836
743b329e-361b-4dbb-82a5-2a8573f6ce45,-4487.920994,-7614.861811,3126.940818
a63ed277-57d2-439e-9df4-797942fad526,-7194.346263,-14170.76687,6976.420605
14d67de8-228e-49eb-985a-20d2e9ce9cbc,-192138.5672,-229480.6723,37342.1051
16455,-8115.181409,-12468.00629,4352.824885
925ae278-4c75-4d7e-999f-eb611e06eb87,-7944.736276,-11606.4651,3661.728824
7ebc1c8a-e5bb-41af-b8c3-5d64b8331218,-4191.894581,-5012.835242,820.9406602
a01188e5-dc6e-4953-9fd3-30086e8a61d3,2231.844391,358.6945293,1873.149862
2c1aa774-1534-4ea2-8b6d-3b8f5f6fa0b2,113.4442484,-224.374278,337.8185264
28e39ff6-8ea6-43f3-ba9f-20fe7b03aed2,-4774.022893,-14642.07889,9868.055994
0731f4f3-0994-4abe-bd0a-75202a1740fb,2336.38666,-228.7046332,2565.091293
f125a03d-c364-4be5-adb9-4ca5155081a7,11648.16333,4270.689155,7377.474171
8f13b0d7-654c-4600-ac2d-12f723f78381,1138.992727,-2694.753441,3833.746168
4ce39bf7-a353-4d67-91fe-11c2ba66d7ef,-2167.68674,-6240.907186,4073.220446
26da7bb4-3955-45ef-9468-180faf23fb14,16871.09701,4234.815934,12636.28107
eb07b8ca-bee1-4707-b322-efcc73630dcd,-136300.4939,-159300.3212,22999.8273
8a23353b-1288-499b-b7c3-c245dbd0d487,-217511.4781,-220136.9592,2625.481086
fe64983e-cf1f-4b3e-a116-828c5eb95e53,-3717.071818,-6684.563295,2967.491478
c4f2c85f-d6b4-400c-a4dd-468358bcb208,-2475.952786,-7389.175799,4913.223012
6006eee3-05ff-42ac-81e4-177ae45399d8,-785328.6252,-825821.0782,40492.45299
b7cebbed-7016-4c5b-a033-a15873b28639,-3783.290025,-7595.090868,3811.800842
09ddadf2-3973-4c64-b35c-6541c5976a59,7254.522763,-514.755008,7769.277771
50ef28cd-bf82-46f1-8ed3-18a84da35890,-6065.069664,-10359.66354,4294.59388
9201d207-6a15-4aa6-b240-4c622f360bd3,-6701.03208,-12088.26693,5387.234847
5081a02f-4565-4bd6-a53f-f3ea6acfaacc,-2282.878213,-4408.82794,2125.949727
7ec7b219-3dbe-4143-89f1-6b28dc422a8c,-6278.255285,-12926.06551,6647.810222
690181b1-cfae-4d68-bd5e-26c525dd7440,-675.1863035,-1741.743219,1066.556915
1511cf87-f3ce-4e3b-aaa9-314a7fc7cdf8,1261.931481,-2012.387784,3274.319265
0475fbc0-729a-4529-9222-59b4b27408fe,-7801.763153,-13053.7632,5252.000051
beeb8910-f471-40bf-b94e-ad80ea380dba,-2104.89286,-2338.256528,233.3636682
b6bef65b-3d18-4208-80cb-1007e06248d7,-2131.5601,-9742.430877,7610.870777
046ef4a5-3dd9-487d-b4a1-10601842836c,1270.780235,-1046.501693,2317.281928
16417,-863.1848874,-1403.00128,539.8163928
8ac24c63-6bad-4c80-968b-882518958730,692.6813324,390.08903,302.5923024
c8841c28-f420-457f-b871-43a4f1c35454,-2024.510154,-4657.015064,2632.50491
4d4770c0-f7e5-4037-bcd5-2b2829901a05,2824.474536,795.4446166,2029.029919
f06f6fe6-0051-45b8-9f2d-97bffa1179b9,-3431.64634,-4745.922962,1314.276623
3782700a-e8de-4215-8f86-75a6ce84a041,-10243.09823,-24714.39003,14471.2918
e69adfd3-4f4f-4d6d-badb-fae401c498af,2885.848082,1025.620771,1860.227311
009f96bd-aca1-4f13-8507-425aa2ebae12,-290.007092,-3193.896455,2903.889363
c3901baf-7d14-45d3-addf-0d06799fcfe3,-1930.295249,-4243.967979,2313.67273
c35149f9-ce0f-43cd-b809-42365cb2d1fd,8274.704973,97.68803424,8177.016939
4639264a-54f4-4c5a-aa5d-88b444bd7a20,22522.40343,7968.062206,14554.34122
b96be476-c22f-4d68-bc38-9e79a322c67c,-47370.99084,-90372.76669,43001.77585
4a945bc0-7616-47cb-95dd-b51369dcb96a,-171850.6495,-218915.7303,47065.08078
b58a892c-da69-4241-8d26-9ae4cc1c4816,2227.303963,69.95763157,2157.346331
3af5cdc2-6656-4443-aca9-4d052358b7fb,-7893.169661,-13442.07626,5548.906598
c4513e20-86c9-4ca7-b324-356bdc02572d,-8844.906914,-17088.50801,8243.601094
7d089145-7527-495d-b2e7-254ed829d188,-816.8662887,-4355.431085,3538.564797
e34ce1d2-292b-4df1-ab43-40c276ed9f5f,-860045.2012,-861720.1302,1674.928917
028cae70-9b6a-4b94-9eb5-b05c9a8e85fe,5752.35278,1102.547647,4649.805132
16406,-165.7483858,-496.5865219,330.8381362
389d5112-f19a-421b-aaad-3315c06ea2f9,-13209.48249,-23467.57073,10258.08824
275895ec-9a7f-424f-afbe-76da7fdd6b22,5554.770802,-1643.337081,7198.107883
dae6ef9b-1147-423a-a11c-9a3049c5f6db,-1308.073134,-3492.193077,2184.119944
6522305c-7ca9-47b3-8917-7a90bbf13a44,-1407.810486,-4043.381596,2635.57111
600ea91e-d360-4347-a0f3-7f40ba9a8275,5027.755141,878.5027644,4149.252377
d3886a65-04e5-4575-b798-7e217cd7d3c6,-8627.001281,-20232.83376,11605.83248
891bded9-75c7-469a-9f4f-c9a34839eca9,-4498.341959,-6066.589701,1568.247742
e0724ce4-6a77-441c-be30-384fe28b6ca5,541.0876304,112.1775599,428.9100705
89ad2f59-a149-4cf0-9181-db8f0c54ed27,12150.85958,-235.562587,12386.42217
369abe6c-da7d-47c1-a2c1-1521bc9a3b16,16147.46492,1079.472022,15067.9929
2fb278a9-c2eb-4a9a-9e0c-ade7feb23ef1,-698.2876234,-2235.807493,1537.519869
92937092-480e-4b7a-87ad-01898b28c9e0,5455.260668,-860.5702829,6315.830951
54521dd1-abfc-4e6b-9ede-c90863035cef,2066.85128,-1764.156222,3831.007503
b4412420-2436-42d7-b139-ad44858284dc,-7268.783661,-10694.77869,3425.995028
0c4b7e60-6471-4878-8427-41a1d870b191,-4995.264679,-9949.21948,4953.954801
16431,1792.391919,-522.8607996,2315.252718
16458,27076.72317,9580.455532,17496.26763
76a56669-5360-4ce0-b8d9-68a372077bdb,-6673.429465,-103659.286,96985.85651
f443efe5-5cf5-4f18-a119-854f7b06cf76,-1121.694761,-3892.177338,2770.482577
4ff1bd68-bc60-4fd9-94db-f8e3b0953337,1442.603758,107.92932,1334.674438
6c23b7c6-7e43-4350-b335-27026cfdba22,1521.832405,-129.8861203,1651.718526
14b5c47e-53cc-4d57-ad18-0c9abf4afe36,43130.96697,-42699.11234,85830.0793
4b62a71b-9b6e-4f83-afba-fca514ee1972,-3380.230927,-5140.882633,1760.651706
97e91e31-ff49-4714-99a5-8f09cdd13a67,4596.704637,-1830.942773,6427.647409
7b69c0a0-7fcb-4037-9986-ef102e354ee5,16057.07897,3611.567329,12445.51164
e168ba70-674f-42e7-b0ae-c3e63cfbd7f3,5608.129794,321.1121481,5287.017646
fa8fa2ac-d69e-4f59-87fa-2f587573c8f7,-141364.4835,-156969.6855,15605.20197
a82e315c-10ee-4603-b51c-242888036423,355.3815729,-44.28879457,399.6703675
16e844ca-5bfe-4af2-824b-3cb45f1d91a6,-123080.2222,-169946.6003,46866.37809
b9d88e2f-2e34-434d-a7b8-eae7937981d6,-1191.476115,-8207.271368,7015.795252
a9d403e8-846e-4eca-a0d7-2fd359731d59,2262.719886,-1494.502598,3757.222483
16421,-929.1706959,-1711.982295,782.8115996
029729c8-69e6-4f50-a94d-c9bb2a514d92,10005.4257,1771.029442,8234.396256
500b79aa-1517-4886-ab9b-5b1b4bb1da0b,-2749.445089,-7267.538696,4518.093607
257cb0e1-5031-4b67-9967-52ad1ac9486a,-841.114916,-3739.265415,2898.150499
16429,10223.43876,3283.838055,6939.600703
4b6d8ae8-a990-4b23-ace4-172d17eb6a28,22172.36037,5697.39222,16474.96815
57aaf843-7ecd-4432-b92d-8f1dce9ea7ea,-5561.121026,-12439.86279,6878.74176
5b5ce87d-4f3e-4a80-b809-dee53d47e4fb,2438.315258,-1379.288908,3817.604166
0a6729fb-4fe2-4987-921e-8ab6a6f289cb,-2885.818602,-6720.503764,3834.685162
04d192f6-2a5d-49db-9221-c8c95b09655f,3266.273147,857.8091453,2408.464002
3acd58f6-527b-45c6-aa44-31893897db77,-4606.895133,-7631.152129,3024.256996
f083de1d-fd0a-4022-adda-0a5daa130b8f,-1509.8741,-3380.4528,1870.5787
bb1082d7-b3ba-4f07-bc40-7e9936c75b1e,1198.94943,208.9718717,989.9775587
5d466bfa-1922-473a-9f7c-1ddc671f41c0,-4307.892365,-4423.367333,115.4749684
