AccountID,Highest Amount,Lowest Amount,Difference
c9df399e-c2c4-4ee2-850e-e8cb30902131,5754.706664214047,-889.519926620848,6644.226590834895
16416,0.2458517056086423,-0.39598768088995434,0.6418393864985966
fce1f270-ed5c-4ae7-9b52-a3dd8995bb68,-624.1756235689797,-1536.9319109873006,912.7562874183209
46f8eacc-712f-401f-88e2-27867b3de96b,167.3063559127535,-354.3473961231886,521.6537520359421
c980b50e-d4d7-468b-9ca8-d3d4494bc041,-14918.124225325908,-76705.09998602048,61786.975760694564
bbffef0a-9431-4b7a-9824-a1271dbc5b7f,-149722.93145238125,-183160.0386893202,33437.10723693896
52fa60f0-cc48-4d49-9f33-e267013e4f86,338433.45903513196,-147209.5783254056,485643.03736053756
4a262aff-7eec-41b9-99e0-213141e938a7,-185093.78080281205,-217568.94650490378,32475.165702091734
b9d88e2f-2e34-434d-a7b8-eae7937981d6,1322.8326505364068,-1586.8244221707866,2909.6570727071935
40b3ac9a-f6d6-41e9-abd8-200149deeacf,-3.812778357700534,-604.0276828010124,600.2149044433119
a9d403e8-846e-4eca-a0d7-2fd359731d59,-120.08593446750488,-722.0492459138654,601.9633114463605
75c5de1e-ea8e-4292-bbdd-208619c52bf9,1965.2459937428764,-6877.93059247196,8843.176586214837
71108cf5-fd51-4c8b-9df9-e8916b8b3243,1098.6150790256377,-733.6927508900385,1832.3078299156762
9201d207-6a15-4aa6-b240-4c622f360bd3,-9145.52473854132,-21857.292867368153,12711.768128826832
89fc49b8-bea1-42d0-b397-ef00f184333f,2025.6339833718553,-2056.037078230641,4081.671061602496
3b89f909-e814-4147-a3e5-4d80b89ef1de,0.03398848908999252,-0.644067044936776,0.6780555340267685
16451,3743.3606568252644,-3334.3280382171733,7077.688695042438
e991898e-301f-4ccd-8794-851e1cc158df,-789393.5317915673,-843115.1868664775,53721.655074910144
853fe11e-99a8-4e92-ab71-cf5659c208d4,4547.582059537056,-4819.879905120723,9367.46196465778
731b999e-aea5-42f5-9ca5-d89b42627d16,2495.7023507945532,-1847.4554609893087,4343.157811783862
4ec4e547-c84a-4999-ba63-ec7577371215,1.7119438266020204,0.0008985886710717652,1.7110452379309486
981a3f2e-e63e-4abc-b03f-72273c02f6f1,245923.31075558954,-393306.62032461405,639229.9310802036
8da19592-9715-4cb6-b3a3-f27e33c8647d,237.63783729628113,-335.8699787951831,573.5078160914643
fa02147d-6070-4454-845d-8b66cd977372,134.37475444477937,-285.03675478456387,419.4115092293432
e4c14997-7738-4507-918d-977f64935ad4,1325.6180203740644,-1146.5823579110809,2472.2003782851452
49f91fce-526b-46fa-9ac0-8c80b6eae3c7,9.695731435973283,-122.25077697937962,131.9465084153529
09ddadf2-3973-4c64-b35c-6541c5976a59,-25.618078628589128,-330.52576579759324,304.90768716900413
ca5010ce-1b7c-4219-8e1d-ab0336834576,4059.611903743032,-3700.2504125015284,7759.86231624456
4b62a71b-9b6e-4f83-afba-fca514ee1972,30136.546145617693,-44884.56220957701,75021.10835519471
16402,7115.892396088863,-5705.408273212053,12821.300669300916
51e788f5-6015-429d-8897-f1faef147bd1,86336.85755650222,-177683.92135915943,264020.7789156616
2e583fc1-f00a-4e71-a41d-2cae1c9f1f29,1001.0697344091046,-1170.544437866525,2171.6141722756297
32e7e11e-0d59-4afe-b701-d496e86ff267,150.8457056798423,-1655.4156936092681,1806.2613992891104
1558b380-9de3-4582-b93f-68908a474f44,-548.0668042426558,-1442.3246419022184,894.2578376595626
f120ca87-1a3e-4f3d-8678-b1cf106d090a,74917.49835615752,-90767.43412616255,165684.93248232006
14140acd-2e5b-444b-8f78-8a250a5e95a2,6946.67992833679,2161.8263118981426,4784.853616438648
e10c28bb-83ee-414a-a7ae-1fd06d86c9c4,-110.26836005993954,-477.82265872793204,367.5542986679925
42bbec89-106f-450f-828b-c19b95cead84,-35474.1799289884,-542842945942.85266,542842910468.6727
2bac8fae-a740-4825-969d-e0fef687de43,29.2290645954849,-183.60049006502322,212.8295546605081
648c39b7-4c8c-4dcc-9be7-c3e4fd69b5de,-19.869632610423732,-190.26839649506354,170.3987638846398
1accb4ee-69df-46be-8862-663f020270d9,791.4002139387578,-1128.2254557880137,1919.6256697267715
64af251e-201d-413e-9d8e-9462e20ac3ee,7.511379818782635e-06,-1.6832773511220049e-06,9.194657169904639e-06
32c46750-24ce-4997-b281-69485272210b,-8869.736458349355,-10973.79668376739,2104.0602254180358
27b2385c-e249-46c9-a031-db5e11b90061,-8323.78617592337,-11806.965795023789,3483.1796191004196
949ef193-4a38-4479-9db2-3651beccb584,1721.243921115666,-1813.0396306974153,3534.2835518130814
16462,-139771.25767536007,-154710.34817952017,14939.090504160093
29f5c5a3-dbad-449f-b015-8a6f9b275091,13085.623792944327,-15656.939435005705,28742.56322795003
34cc2cc4-7952-45e1-a086-41a453d66387,916.248925298076,-628.3494955912846,1544.5984208893606
2971bf3e-670d-4e90-b127-921b7dae0f24,-97.69459076310741,-1208.34007514845,1110.6454843853426
06e1c218-e56d-4280-b7e4-36fdbabbd563,31627.65287405289,-151404.88111054295,183032.53398459585
a13be1bc-1289-457d-9d59-1316bb585a56,-350909.0778757523,-569576.442439722,218667.36456396972
64abef13-12e6-4e74-bf5a-b0cb3a223ad9,50.975871606550186,-170.78715341109185,221.76302501764204
239f0be0-bce4-40e1-9a0f-ead10ee1bc82,0,0,0
70907c46-c3be-4ceb-a5e9-4deb8b5eb755,394.41389695523446,-383.78330575102757,778.197202706262
c95dc9a3-5d04-45f4-b915-09f1c3d0ba1c,364.5622584949987,-446.9757868116459,811.5380453066446
0003a5ae-0c77-4372-b44d-882ef9874a28,448.5205234218711,-5389.005074434678,5837.525597856549
66db2095-0258-45a0-9476-4976facfaf1d,53.62350725444504,-29.30822173985858,82.93172899430363
a8e447ac-20ec-4aab-b5b6-c89f58c68739,-118354.43917587696,-169287.0696269205,50932.630451043544
c574bf11-f6e1-46d6-8a82-f966998c89e7,1206.5993747186753,-787.9463786695255,1994.5457533882009
9c2d46b2-a6b5-4fe8-9226-30ad8d04cb6f,-117296.14253454708,-177258.9984542119,59962.85591966481
47ff8a75-3519-446d-8628-092ab79b640f,445.1291285662871,-663.3068181530718,1108.435946719359
13db8e91-25f6-48db-9df6-974a3b920945,-33457.94511108291,-54150.974163212275,20693.029052129365
9f6c3338-92a5-4c89-b416-b1ec71250f26,6486.5606159190565,433.2498339843751,6053.3107819346815
0a6729fb-4fe2-4987-921e-8ab6a6f289cb,0,0,0
d1f25a78-91c7-4760-a983-0bde24ef1787,59.07201504744281,-78.96778559683582,138.03980064427864
4dd49b46-7f64-4742-81d4-4992ed35d999,6506.856294876598,-4077.061373228049,10583.917668104648
0f242c34-a36a-45fa-be32-705846f1266f,-15.158717523721386,-62.0493806273538,46.89066310363241
c5d46478-c043-4ee1-b9ae-c2ed7a7db7f4,1358.5662897829254,-1142.4874794289776,2501.0537692119033
464d17b9-2da0-4700-a5ea-ec789e7fd10d,-1431.365877818732,-2774.7973948522354,1343.4315170335033
2060f364-f44a-4fdc-94fa-2bd428e4014e,739.4036204188801,-999.2887156559837,1738.6923360748638
fb5c3028-07dc-42ce-bf3e-00782c91f595,68.92988426874767,-127.83722827982353,196.76711254857122
42d5d53f-f020-4a42-b290-340c2357a52a,218.87980085015747,-209.45564925712745,428.33545010728494
4504a897-bbdb-46c5-932b-e6109adcd825,-0.05751957396677685,-12.581358484103285,12.523838910136508
452f115b-400a-4f40-9a10-8d46294269bb,-143604.1991814593,-157258.57518621715,13654.376004757854
94a74160-282f-4f88-b1b8-92bdf1250edc,47.13427740831892,-30.983562705520416,78.11784011383934
36b3453d-05e8-4047-b272-e7a52f7281a7,-4480.763620674014,-10467.890450150499,5987.126829476484
eaccaa73-b149-48ae-a224-2f231f46432c,-46096.96042103159,-84991.52682500069,38894.566403969104
8e3ba761-0b13-4fb9-8832-51fb8050a760,0.0,0.0,0.0
38e35232-6848-41ed-9a10-8715528d534a,-633.3772863503773,-1106.6737098693845,473.29642351900725
ebd907e9-93a0-47f7-9c4d-ab7c7d8f6ad1,107.26088972128991,-342.73000278128467,449.9908925025746
9ea90cd0-522a-4910-ae87-53cbf60dd401,1525.7267360222793,-1883.4963036216714,3409.223039643951
690181b1-cfae-4d68-bd5e-26c525dd7440,15.68622081079949,-75.81221183724688,91.49843264804636
7b69c0a0-7fcb-4037-9986-ef102e354ee5,6483.200285583132,-4386.803712016202,10870.003997599335
dba26c7b-7cf9-4bd9-bbeb-672bc8771e33,-0.06213025830902216,-10.795481017329966,10.733350759020944
138d61f1-aa4a-4a05-81df-fcc216774e71,-213733.08189163473,-234806.6007290635,21073.518837428768
6d990843-e957-4d5d-8c33-85a8026a07d0,-5577.792510021805,-11133.764474326108,5555.971964304303
477c7fa0-e795-40ee-aada-edf39595dea7,5613.913739211548,-4483.964895970562,10097.87863518211
7e8334c1-0da0-4993-a413-ea18202daae9,7309.320100925308,-7344.213075093488,14653.533176018796
16403,-2.702827749981882e-11,-0.002129231695327326,0.0021292316682990486
6cceb62f-8756-4950-b2b5-d1b7d5c37732,7254.908226295384,-10811.690832812244,18066.59905910763
bd16c197-ed33-4a63-8de2-f64a4c880378,84.41452819875659,-201.4993891325395,285.9139173312961
ab1506d9-a069-496b-ada8-c040f4586454,-242.53817562333194,-411.54330487287234,169.0051292495404
16460,145225.17747275703,-111791.19243222354,257016.3699049806
a8e43186-7f4e-486c-9645-9bac1e2dba21,0.018227387334459787,-0.01975297935035756,0.03798036668481734
5e722a02-4402-40ec-ab37-dc869ca84938,0,0,0
a7d4a40f-906b-41a6-b03e-22b6431e316c,222.09689130102157,-64.77028710408149,286.86717840510306
9685a3a5-8229-4e49-afeb-229fdd7c8856,4385.319850072067,-8146.010922551198,12531.330772623265
8833b1ed-a200-41ae-b3a0-6b27c0c4160d,793.7130035976585,-915.1151433717691,1708.8281469694275
3e46fa21-527b-4672-ab87-56b974738554,330.7105028682658,-346.67156594567166,677.3820688139374
5409bc31-9af2-4b89-9212-5cedc6583fb5,164.89796771491018,-207.7551396706384,372.6531073855486
03dd64c4-6b6a-4365-b1a6-5ade63d67dcd,-0.17488770261406897,-51.69607421875,51.52118651613593
1524d54a-df32-4955-b3cc-847099c5202c,-391.67062577471586,-1171.4621641144586,779.7915383397427
8aac1065-e8a4-4359-b7ae-1c65363f6ff6,3640.1823742603992,-2853.5189750800846,6493.701349340484
34ae079c-e17d-47c4-950a-861f79553a38,2130.9446577183667,-2338.8201856295327,4469.764843347899
5f1e89f2-6761-4af2-9f2d-01f13294fcb0,82.24977134469711,-257.2475376466584,339.49730899135545
224f4fe1-cb84-4926-88bf-3159ff28f320,-18.850354462243097,-106.20060379423776,87.35024933199466
265754d8-dff8-4d8c-a663-a913ecb071a9,-56888.220409913454,-126656.36081133346,69768.14040142001
cc6a5e18-9106-4825-882b-8de0f55198ec,422.40973051580784,-2346.3837390383765,2768.7934695541844
a54aa6f3-78db-4139-aff8-785b41d7ea13,7.8532314053910515,-164.41950104389088,172.27273244928193
7fc8a141-21dd-4c9b-acce-a2478c8d8f1a,7759.74654009503,-10313.577509861509,18073.324049956536
4d9a11d3-8f85-4923-8c22-875c1ef4b2d2,99.07635356456865,-285.54879363061684,384.6251471951855
16456,157.16278826660192,-214.2235343041973,371.3863225707992
33862ef4-cb08-4453-a641-29ad7c4e5a32,0.0,0.0,0.0
654fec9a-7006-4808-8074-4cf2d259f962,2969.596352619981,-2455.329346622165,5424.925699242146
9a4a60fa-075b-451a-81f4-7fd886f91965,963.9424597363401,-1111.592485860122,2075.534945596462
a9ed81c3-becb-4678-bf97-fc818437e705,-13370.426105156432,-45679.19424622636,32308.76814106993
27c64d1c-7e03-4026-b215-10a5add4f3be,-0.0002918185819905881,-1.2001914957344857,1.199899677152495
8b119277-70f2-45ec-99da-be939bf6529d,508.52304415477215,-255.89062106744592,764.413665222218
8f26459d-4da4-4c12-b2a1-56cb3f2559b4,-59164.395602962184,-97332.11388536103,38167.71828239885
97f679d9-3435-4975-ae14-562363ef42b5,689.033005180617,-729.9982071470753,1419.0312123276922
ec2bd31f-1caa-4a4c-aff7-3abe166835e9,56.424697606694004,-18.85913696474421,75.2838345714382
d84ffbc0-6153-4a53-9528-20c4c708ba16,38207.59172462315,-50282.37797576682,88489.96970038998
16459,-3968.545744269923,-5624.484503746117,1655.9387594761943
6c56d04a-1117-42e6-95e2-72822200e38d,-24742.405270530657,-41360.51747752503,16618.11220699437
42f9221c-4768-4a06-86b5-fca66c9df450,4968.410222375618,-4946.997176157692,9915.407398533309
3cb5ac7f-8b31-466c-b0bc-d0e2d21b3743,6803.552094394237,-21098.506740127625,27902.058834521864
253483a0-dd0c-4cd2-b0bf-44ec82d38e51,140.9886675975914,8.914405954241818,132.07426164334956
ee3fd212-9d24-460c-b5ce-062f3ee46bcf,22.108179970466193,-76.96554043721763,99.07372040768382
fe2921ef-df8f-4ec7-891b-6acdc093ec99,279.2174000407045,8.649617623012544,270.56778241769194
03876788-f6c3-4b94-ada0-f4a4b0e6c444,-206828.0661961153,-249944.56794316624,43116.501747050934
0805fe2c-7591-4a24-be3e-04874566afc1,0.8302006870515621,-3.1580064716125396,3.9882071586641015
2c0f6759-5828-4f02-9753-eeb2267f5bde,7.290774728262899,-21.40459337210861,28.69536810037151
befb2241-c6df-498e-83c9-2fb913bb807c,5401.808356534342,-4738.412646688726,10140.221003223069
e553c8cf-3400-4305-9e23-54fb85a6700a,104.52392753017861,-34.328831294125195,138.8527588243038
3c296219-f392-4439-9005-38cdff0824c7,-4406.824657234143,-7985.225751331722,3578.4010940975786
3869acaa-0ce2-4411-b467-9f01f0cb1c48,1375.757340404327,-1034.031242210356,2409.788582614683
39d675da-f21d-424f-8340-6611eb3ab437,-75.30996358112205,-502.0859020003322,426.7759384192102
a7b05a99-9fad-4ebd-b652-1b7608e27767,6874.516399535613,-6982.194710277692,13856.711109813306
54521dd1-abfc-4e6b-9ede-c90863035cef,-77.2574004395024,-544.9462670247239,467.68886658522143
907a2b73-e7c4-45bc-8a31-862dc6829851,9215.548668563464,-10882.211929614674,20097.760598178138
bb7f2ee2-996c-4e21-866c-05f4ce0ec545,57304.38587478471,-88381.92495043427,145686.31082521897
65b99a9b-8184-4773-b11f-22f2fc6f4a3d,22.348807354151134,-42.6513227029806,65.00013005713174
d66dfd63-29ec-43d2-a5d9-f47b65e8f145,-3406.5271155828095,-24840.145520499973,21433.618404917164
154aa72f-d25a-4d11-acfc-bd2d79b780e8,-2978.5724527731345,-10219.737099882514,7241.164647109379
717de7e9-007b-4dda-b194-bd8d7ea9f480,286.68039299617345,-260.6014329515936,547.2818259477671
929b0c27-4a85-4b3e-af1e-989d398834e3,-1313.716046902068,-2313.3233784597264,999.6073315576584
d75b538b-eca9-4ad8-bae5-cb4000d3f840,-860.3727755912932,-2026.539415975864,1166.1666403845707
8d9a12fc-4c88-4de3-aa82-19243f2b4049,0,0,0
f0fe6305-8c20-4d72-8c4c-3522d28bd252,807.122303964173,-469.491265351814,1276.613569315987
65f37cba-0cd7-40e0-a52c-72160c6a4bd8,14.039224950273065,-54.89813046655236,68.93735541682543
81d899e7-8481-4131-80d8-93916053860a,252.88129198813076,-92.58011567540235,345.4614076635331
ed830c0a-497c-4472-bfc2-601244c07771,0.08982793529485242,-0.4543138066699603,0.5441417419648127
5419a884-3ede-4cb1-861e-541dd4625aec,-1.6930921681277733,-69.91639030359003,68.22329813546226
41a68452-aae6-4014-a689-1ac1a0cea417,0,0,0
f45067ff-7b90-4308-9f0f-d59f468607a4,512.2892765588565,-53.441266016638195,565.7305425754947
bd079313-5218-4c95-95b9-2324ba9c8e1d,845.1941526921761,-943.9731506832054,1789.1673033753814
16448,-25.340293587984025,-579.17746913917,553.837175551186
f443efe5-5cf5-4f18-a119-854f7b06cf76,10016.248731491947,-15696.762556497648,25713.011287989597
37a4fd57-0597-4e55-bd80-30b98e0a213a,-3768.655945282299,-4466.008519887264,697.352574604965
47dc4978-963b-4884-995c-5f3116ebf179,1751.085542991754,-1334.3671237785652,3085.4526667703194
4231a6ea-08d9-4316-a510-3a8e7734d3ce,-0.7919196240031664,-45.859067990868965,45.0671483668658
f0ff162d-52e0-4dd9-b973-89bddf73c201,40.50195160360939,-119.99290619574558,160.49485779935497
bb1082d7-b3ba-4f07-bc40-7e9936c75b1e,0.0,0.0,0.0
80e99759-ca1b-46d5-ad00-5fc8e4d00f56,6.657047004082366,-23.117697916499036,29.7747449205814
34e25de9-9cd4-4af5-9856-b6097d865cb6,61260.54793638254,-68463.6226784986,129724.17061488115
b7cebbed-7016-4c5b-a033-a15873b28639,1217.0553892953294,-2160.7540095296654,3377.809398824995
251bb71b-cf7f-43a5-9fca-8853ad4f252d,208.93886883053813,-179.6468667632904,388.58573559382853
6826baec-aba4-47af-a5cc-0a04d9104a1d,-35213.49234215837,-36532.632839086786,1319.1404969284122
ebfeef26-f458-47a9-bad0-331d53dc1bf5,2620.2981587577156,-2147.4948654513883,4767.793024209104
3af5cdc2-6656-4443-aca9-4d052358b7fb,-4767.880527316687,-11193.968819482332,6426.088292165645
63de17b3-8e28-48ff-8489-2fb0059decfc,61.09478358239352,-95.98322980043106,157.07801338282457
16445,-1919.7258897345168,-2165.043039914951,245.31715018043406
732bfde3-7590-481d-b1bb-580514764285,-216779.11882267683,-256978.57043020448,40199.45160752765
16434,26.301816904742033,-76.22740133607137,102.5292182408134
e10a56ec-bc75-4080-97e1-fb2ccde82216,-199766.0041633054,-230489.44858232813,30723.444419022737
7a7deb44-e94e-4eaa-af0c-75cd1bedfc1e,2546.806247939893,-1672.4311059000652,4219.237353839959
f084d457-96e2-4224-95cc-5a0235329ff8,967.6764750027858,-915.129816427546,1882.8062914303318
53711c78-7293-4304-b82c-3fa1587d093f,47235.18733072855,-72430.84242624028,119666.02975696884
314f76d5-2890-48c5-8e4a-080e414ede83,20010.503929881703,-18045.742704020773,38056.246633902476
0b027513-2ff1-42ab-8ef9-1cb516fdf9e2,2411.370359448875,-2532.2096891445126,4943.580048593388
335ceb87-d791-4b85-87b8-9ad609c6d30b,-6.359275242522235e-08,-0.017962523403655208,0.017962459810902782
54487763-c23c-47da-a892-f1ea56779314,16.040372064699152,0.09081808131055095,15.9495539833886
3d9865bf-09e9-4412-89d0-1b3b783eb974,81.71823415257823,-84.28175987681249,165.99999402939073
0a2c2b45-42bf-4a2e-8118-e7279e5589de,0,0,0
76a56669-5360-4ce0-b8d9-68a372077bdb,-21176.688602197195,-56633.79985633967,35457.11125414247
fe4c04ad-3268-4293-8446-e2b5ab9daabb,4.345650121698109,-4.302045421100458,8.647695542798568
5f7f5bd9-d396-47e0-a12e-cbf46ad9185d,329.06514213982314,-415.790264627306,744.8554067671291
368453c5-a1c4-4d21-b2af-323209f7f90e,0,0,0
b2ac4b52-13e3-4382-9469-f8865a5dc3eb,642.1723820249426,-719.1989556404661,1361.3713376654086
daeb3048-b789-41be-a43c-639fdef9514c,5853.466891386645,-5825.854100286222,11679.320991672867
1e414971-00f0-445d-bbd2-79c1ca529815,-82687.11169917585,-143681.2364978851,60994.124798709265
632b938d-7f0f-49e6-b6c3-f1c08a2f8408,-18.85649394258864,-294.5491188866429,275.6926249440542
a01188e5-dc6e-4953-9fd3-30086e8a61d3,0.0,0.0,0.0
79ccc4d9-3e1f-4c01-8774-2cef44bab78a,-240.1965651699365,-361.168119877946,120.97155470800953
04ed1e29-b692-495a-b083-082cf8811d5d,323.74563486077943,-350.3813295647377,674.1269644255171
8ce8dbb8-1682-491c-bd22-455fffefabed,28.420420363598453,-534.57138572358,562.9918060871785
2c8778f4-d3ef-4ff9-b912-0be449f47db8,1075.0139062500002,-871.6991015625001,1946.7130078125003
16457,2391.2423024257005,-2775.736511946181,5166.9788143718815
16418,-0.006540308110966408,-6.193146069197464,6.186605761086498
0ef82a07-1223-499d-be93-31f40c19f375,4.2604995248675195,-110.98173679995622,115.24223632482375
28e39ff6-8ea6-43f3-ba9f-20fe7b03aed2,9.707681106676056,-110.090939617963,119.79862072463905
4dd1fd90-3a09-4d99-82be-e8cc75e99533,-75717.48436360147,-98443.60476394983,22726.120400348358
15841abc-92b3-4723-b54d-ce1e5bfc1744,-1.9731978613976429,-54.019523490804765,52.04632562940712
0e20234f-d6bb-4e81-bec0-f28f79195667,-316380.6305733313,-461410.4556561591,145029.82508282777
bfa9cc4b-8a4c-4352-9045-201faf9608cf,333.3611287362423,-161.9888843497217,495.35001308596395
b0d07f93-d499-44f6-80fe-1c3fcf6a65ac,1815.0372465817884,-1766.7427727543131,3581.7800193361018
f1f11e26-f50b-4e90-9cdb-324e96cd199e,103.06949655808081,-130.8998888084577,233.96938536653852
c2af4ae5-17c3-461f-befc-42cca83935fa,-859.0223712665374,-6630.832863520046,5771.8104922535085
885c06cd-2f78-47d2-9a7a-092cf29e2d55,-158037.36121594592,-221020.76312792648,62983.40191198056
02996e88-f315-4cf7-ae88-d4dde67f33b7,3643.8004422672834,-3539.636463623768,7183.4369058910515
7de1199d-a868-467d-a996-71e869c4ce53,15.226178556476688,-23.750832877990362,38.97701143446705
adcdca49-2dfa-46f6-9951-f44959a43256,1186.3035725414802,-2332.519308573997,3518.8228811154772
935507b6-f5da-47f7-8b15-cae3323e8ee9,250.377727678381,-97.01080962848798,347.388537306869
ef2152cc-15af-49b8-ab59-73e43337599a,0.0,0.0,0.0
f5b8a677-f3ca-4d65-a1c1-10e0b2050217,-681.446251954504,-1507.6495002023044,826.2032482478004
78db5423-a74c-44ba-b1db-26f8b3e24014,461692.29029358056,-975308.6433698382,1437000.9336634187
ba72a5e9-81c8-4933-9888-5619324bebe7,-37629.54217084711,-80827.73806012585,43198.19588927874
29da7c46-0bc6-4ad9-a729-ff8ac8e27568,38.63863230403819,-46.79736892535882,85.43600122939701
f125a03d-c364-4be5-adb9-4ca5155081a7,19275.85339404679,-17843.160873324632,37119.01426737142
5d466bfa-1922-473a-9f7c-1ddc671f41c0,-219.44513869662995,-1036.2937612100927,816.8486225134627
b07bad35-f748-4af7-8089-f5c5a3fb5056,79.32562452938762,-114.16319731078153,193.48882184016915
65a828a4-07fa-4735-bdca-bdad0c2078dc,-688.286025190994,-3704.204128860647,3015.9181036696527
16432,502.0210801672405,-368.307103444532,870.3281836117725
fb9e9042-ec0b-4f2e-803e-eaa16ddd2401,295.88164882698953,-175.3722537811855,471.25390260817505
16413,101.69710377091643,-81.20024133683351,182.89734510774994
f390aee1-710d-47b5-8c0c-379e63d2a6ec,9.730498113052835,-39.70584943592567,49.4363475489785
8643605e-6f56-4cc1-bfe6-f7d218350224,647.0096935950658,-233.0218771816478,880.0315707767136
bac55f9f-4207-4de6-9f5c-ad982b89301b,2150.5534810386434,-2261.5646861964087,4412.118167235052
34f9de21-4240-4196-b2f7-08193f97ec52,266.58940236958796,-370.86081898941626,637.4502213590042
16441,-3098.1569161870707,-15747.024942828219,12648.868026641148
369abe6c-da7d-47c1-a2c1-1521bc9a3b16,87.36292568086351,3.662610017635389,83.70031566322812
4f160514-405a-42f8-801b-5188d65b9d33,662.9162477196684,-985.0125439731656,1647.928791692834
84a7c0a0-c8d7-4dc3-b276-fd2f067f8314,-5480.451217416817,-10428.099300822292,4947.6480834054755
9ebf84b2-1516-4144-8afe-4240953a6938,-1954.6946271051202,-2175.9979837123246,221.30335660720448
3a347178-0e37-4ae8-a230-f74ff6f5a6a0,17.9587695827639,-12.79692230421042,30.75569188697432
dae6ef9b-1147-423a-a11c-9a3049c5f6db,14.752513141282401,-9.468648565744417,24.221161707026816
16275,-14920.456704286325,-74901.71071891363,59981.2540146273
1582d967-579c-4406-ab13-7a687fd083fd,97.44345204933907,-59.86798138757753,157.31143343691662
16422,-13.56065802793189,-142.93855298239495,129.37789495446307
c3beeaa8-87ce-455d-9482-e01679b9d1eb,8.279658324629619,-94.852595162185,103.13225348681462
f729ad25-e543-4238-8d27-c29d94069de6,0.6877676805281057,-52.76334205948412,53.45110974001222
dc7d0662-84d2-4095-8bb0-8cc25b277230,2.2048515257509447,-252.26910644634677,254.4739579720977
0d9dd5f8-acab-4059-8181-4f76f9603a41,28.200430531467642,-24.190908920704274,52.39133945217192
8dc38be5-de67-430b-a7d9-cf9b81379951,55.942185267829906,-3.6782033813114543,59.62038864914136
204854f5-c4e5-4eee-92ed-f2ff134a8e83,-1359.4005834832938,-2161.392541627699,801.9919581444051
1c74e692-be81-499e-b7e0-3b2398ac2697,228.08788100460117,-166.1433266095201,394.2312076141213
2f2b3f80-038d-42a8-89c1-d8dac760b25a,-6.20545756687615,-145.10864402917835,138.9031864623022
dd5a2ca5-9432-407d-9355-9109361b0212,0.0,0.0,0.0
2a687f9a-e43f-4d1d-a391-a22e16fec1e5,-246.2942411871296,-652.2183395975715,405.92409841044184
039e3173-3844-46a6-98ff-90c3203d49a0,169.59182169859378,-261.65651848064033,431.2483401792341
09010ad7-6091-428f-b534-0ef0f47ad120,-111.12493810335079,-870.4998810346792,759.3749429313284
1fbde4f7-45c8-48da-8936-5bb17e62c5a7,1.0445438946521373,-10.80910953428685,11.853653428938987
1fd4d3bf-8ab4-40dc-a8e0-ef25373306bb,36.82901398826663,-24.51549098002674,61.34450496829337
a2c44597-5156-49b0-b0c8-c9570d9ef30b,-2409.3226151313766,-3160.6073596617243,751.2847445303478
605d8f74-8fae-49a6-8232-10df13b23965,-19.553810873711605,-431.03964055971335,411.48582968600175
17f16911-4247-4728-a435-f4bf2f48e27b,-12858.967175985217,-41724.70121015175,28865.73403416653
73d1fa2c-e08c-4e39-9ec7-b3dfdf7d16e2,-85778.89652938778,-290339.48369153286,204560.58716214506
c8841c28-f420-457f-b871-43a4f1c35454,18319.438582072326,-21279.383855175423,39598.82243724775
b4967187-24c0-421c-a064-23fded4d9df5,-1148.3416217670115,-1419.8524675682802,271.5108458012687
0e1b0049-8af0-4e4a-88ed-37c31e7188bc,-13500.051286429692,-45076.022522023275,31575.971235593584
9f35c35a-5327-4bc5-9768-ed380a5ed411,2.56563523048441,-4.403195753866467,6.968830984350877
fe42cf82-93a1-48e1-a284-1ca081cda132,-26.17935569979363,-292.97702510817805,266.7976694083844
7dd7bb46-bb98-483f-9aa0-85b408df0895,-595.1350452466905,-1373.9662046130575,778.8311593663669
ebef5390-ad10-4025-955f-9299ba2a3377,-2.8078497640793786e-06,-1.4535006705126936,1.4534978626629296
b14d2023-4953-4c39-ac02-e52c4b1abeb7,700.4844026329886,-792.8525662967027,1493.3369689296912
0de0f700-7d48-476e-8ed8-a5fcf171cc64,0.0,0.0,0.0
ebc5add8-2407-42c4-b6cb-4d21d1fbc5d7,0,0,0
16443,-35710876.27973993,-10639631096427.07,10639595385550.791
4ee24ad0-965d-4bb6-9df6-4861c5464718,-120632.17434347418,-185792.1827867508,65160.00844327663
e0724ce4-6a77-441c-be30-384fe28b6ca5,310.5879666957109,-313.6262027494661,624.214169445177
56c95cb9-f2f0-43a7-b667-9fef915b3213,11.310068696458462,-2.8646376274507093,14.17470632390917
cc4d3eba-9b58-4b3c-a00a-0fa0c0374808,0.09689627793700144,-0.37501904476320747,0.4719153227002089
38c85335-f73b-4291-8b80-938ca0f0c791,-3169.009175535906,-4842.212037505392,1673.202861969486
75e8c103-ff60-404e-b2ec-20fd39e62f1d,-829.918221321171,-1266.7870599834037,436.86883866223263
02771edc-062f-44e3-8e25-7a13a526f768,376.84132790486666,-370.7810021668329,747.6223300716995
88523c30-8fdc-493b-a0df-a733b50c9d2f,0,0,0
4c71c0ac-6f9f-4cfd-9854-1447703bb215,-22751.569673841965,-140748.71349562868,117997.14382178671
c50e3f81-848c-47a3-a6b4-cc35dd973dfe,35.57154009622448,-40.644317910617886,76.21585800684237
23c0903b-aa51-4d20-bdce-8d744457b97c,953.5341080652247,-649.8514906891668,1603.3855987543916
201e1a94-46e6-41f9-bc65-e6c8f615a182,10078.927745432744,-10311.69938267711,20390.627128109852
d3cfd119-8562-4318-9eee-98b9cc1c775c,0.0003940414837159561,-4.2968789184348916e-06,0.000398338362634391
2846c3f5-08a2-4683-b9e5-cf800a931ddc,-76753.53674259411,-112564.55770622648,35811.02096363237
d57c9a79-4942-40e2-997f-c9b6837fb7c7,41.02455766191413,0.3456071811163422,40.67895048079779
b58a892c-da69-4241-8d26-9ae4cc1c4816,72.17513384740634,-54.901040414069044,127.07617426147539
c8496fd4-f735-4c19-b0f5-c8cb809cef90,59.80923213593747,-26.795078094555876,86.60431023049335
caaa27d4-16b6-4c61-a894-51e4b2b1f1c1,16.962122468056194,0.18306949278015855,16.779052975276034
97e1b61e-d139-4c30-a4c4-e148ad0d071e,75411.01681850897,-95913.85324332924,171324.8700618382
419c9806-6c07-4752-917a-ba6c12a4a0c7,676.8471884912069,-1013.3243960131012,1690.1715845043082
fa8fa2ac-d69e-4f59-87fa-2f587573c8f7,-57556.041459573404,-99174.51436603258,41618.47290645918
6522305c-7ca9-47b3-8917-7a90bbf13a44,39110.04435373369,-61133.313118861945,100243.35747259564
50472786-7419-4b44-adbb-5ae6fc683f51,-0.02626346583628765,-53.80392575445814,53.777662288621855
e75887fd-09ce-41c5-8a69-2aaee202ccbf,-4147.547690330755,-6963.468447109035,2815.9207567782796
ab03d521-a5d6-4fc1-a551-dc3bc7bbb34b,-15841.506157545135,-134168.76022737345,118327.25406982831
9b1abd09-fb10-4eca-96ea-bb249009511a,-1432.888935750187,-2898.9160778365604,1466.0271420863733
16423,74.98122213230319,-479.11491930256966,554.0961414348728
e3224f97-0eb1-4f42-963e-87bb423bdab7,81.95703238854425,-15.804521626534607,97.76155401507886
2f8cea86-facd-40c4-935d-e9df39436c90,1005.7036495439426,-1113.0825780210864,2118.786227565029
16429,347162.3686676723,-888416.878201816,1235579.2468694882
703f718c-79ac-42e9-a793-37e1795e7ef8,130243.74944697719,-106821.5388703584,237065.2883173356
a10bd82a-3ce8-418f-a735-66dba388fb41,32.3139010672582,0.2615418567891112,32.05235921046909
f60e2a91-3e36-4d3c-851b-d7ccc50223c8,-205682.60740794224,-221517.28487190857,15834.677463966334
cfc7ea15-4060-4dc2-8c25-bb4197678c01,574.262994556495,-296.914116035905,871.1771105923999
500b79aa-1517-4886-ab9b-5b1b4bb1da0b,0,0,0
87ba1744-bdf3-483f-b6f1-081067b387c6,2491.4340029841073,-2166.044788756836,4657.478791740943
4c46711f-30aa-4555-ba57-af80a2054e4d,-176.14287746043067,-1794.8787312763882,1618.7358538159574
ad29c819-cfa7-4907-b3ce-772cb186fc38,-630882.0012750152,-768023.905607325,137141.90433230984
b0926892-ec8b-4ffd-b86e-d909fff85313,1350.301287939573,-1094.417886596301,2444.719174535874
d0c043a3-224d-4f46-a24c-c7c9ab5be623,145966.13135521067,-191636.30082862114,337602.4321838318
579c8f19-fb6c-4841-953e-9da937d36682,0,0,0
093c2487-a68d-4d94-8f38-eb7b05a801ea,-510821.1213716073,-682001.7186909427,171180.59731933544
0734342c-6b9a-42f8-834c-08a98d60e98c,-28823.45479885675,-31649.456985830562,2826.002186973812
16440,-226.5294784555826,-4015.4156631510987,3788.886184695516
0040d55b-4582-41fa-90c8-b4706c9b7152,-979.793329735711,-3896.7446166825475,2916.9512869468363
8339fc7d-61c3-43bb-8ad5-8660b0bcb712,-743746.0203212908,-772711.9432992478,28965.922977956943
5c4a23f4-af26-4603-8d95-dfb1a64ec3a4,-14.257222025681784,-135.1341690873048,120.87694706162301
37ae9858-3cde-4e00-b470-5d249c39b12b,0,0,0
85f00a30-0935-4add-bf9d-8228274020de,2531.384913943235,-2223.3304899896143,4754.715403932849
054d69e4-4965-4efe-8c4c-d5fde37a5581,662.2139036017456,-967.1923768182492,1629.4062804199948
b50b6c28-3ae0-47b9-b140-884da6f1ba87,0.954196522341881,-0.608477331879898,1.562673854221779
5f0e8121-59ae-4c7c-a094-e8f4ed0d23f5,-129.63712356943358,-537.7980978622951,408.1609742928615
7547da59-a90f-4ec0-a18f-ed5cf2566db9,-313860.0094738466,-323417.813959378,9557.804485531407
d9bc0fc9-8b67-47df-bf5c-041adbfa73c7,-21330.471782143355,-25966.45663067191,4635.984848528555
ad30b0b3-c80d-4529-b96c-46bca626a090,81.54761667091984,-396.22014179245434,477.7677584633742
39b98dcd-a894-4b36-9479-caa6ef1cb15a,-2326.4646180387936,-3250.9897291675793,924.5251111287857
daf2a47f-5599-447d-bf02-e78571c5b1c8,4067.264237393872,-8203.052682369933,12270.316919763805
8cbf5242-29c7-4784-be98-1ad2c57f531d,-190728.91576294327,-242899.53785952507,52170.62209658179
912ea556-a99d-4ad8-91fe-d61bf0d70f9c,-305.57822969613716,-1121.8397845031184,816.2615548069812
4dab951a-6707-4d62-a41d-fdd4ac718a8b,742.9046452267005,407.7350266123128,335.1696186143877
50ef28cd-bf82-46f1-8ed3-18a84da35890,0,0,0
d7247b10-3b00-41b3-8c8e-23629b32bc87,0,0,0
86c33b22-1e16-409e-a7ac-389dc2b6a37d,9120.25740298242,-11786.88469204143,20907.142095023853
8fc9a774-049e-4539-93e3-8c7e2ad0d3a7,-204.78531664254479,-1648.5158698311632,1443.7305531886184
19f0b674-b9ae-431f-a87a-538fa51f8c8e,3956.625761712065,-3069.0773904997513,7025.703152211816
3801dabe-a68f-4951-9c63-a472d846a21f,-135901.8790156289,-16966062.39338636,16830160.514370732
809515a3-5912-44e9-a55f-bf81f8f9991d,54.751090776711216,-194.8449836730608,249.596074449772
458830ee-8e50-4d03-b9ef-469f67b5f128,313.45012933505785,-155.65038396449265,469.10051329955047
cebca2e7-9747-4d66-bb01-44c6e9118cbe,25.10006248266135,-1.4364418353483361,26.536504318009687
5dda62d7-3341-4f03-8880-8f9803e9956f,1282.6512882785937,-10743.523961064324,12026.175249342918
16408,27016986.39557854,-20598659.761060577,47615646.156639114
1cbe19c8-a5de-41a7-a52d-f38a7eef4995,-193.9239711409345,-507.9707074748868,314.0467363339523
2aaef9e1-6293-4f85-97cf-dc9ef8d6ae19,-68630.53413294535,-1744688.7708075629,1676058.2366746175
79a2068d-7665-410a-9cb7-f3b78ab7e1d4,-66554.57427296219,-72505.5498046986,5950.975531736418
b1517c9a-9b0c-46b7-b506-49c1da05c8f7,840.7426781996334,-807.8329418104431,1648.5756200100764
7a7a3e34-033a-4041-8454-8b483cd909c2,-8.472396201649593,-147.12353094821543,138.65113474656584
16424,-53442.85457950377,-6647083.095470496,6593640.240890993
4b68f0c8-3b8b-4eb9-b2b5-208a874ef27d,-139.4443524091435,-532.3632388060629,392.9188863969194
16447,-152.75848260408458,-611.4432491041665,458.68476650008193
93ab3b0e-8488-41d9-b83c-d16abbaf0726,160755.91718520864,-204919.95933167567,365675.8765168843
89ab357a-4bbf-477a-aaee-60c3aa659168,-9611.103863413806,-16889.791730991812,7278.687867578006
138b5201-91ad-4e41-bc34-1f9b5a6a6921,0.0,0.0,0.0
1a1f9736-2637-42cd-8510-810e34a304df,1714.164904905525,-1522.400913474129,3236.565818379654
b5c14783-bcaa-44bd-82b7-b240c7f65f9e,-155580.47666940757,-181562.61692253558,25982.14025312802
47c20e4b-66ca-48be-bc99-0407acb7dad8,-140509.48897429253,-146331.2973714325,5821.808397139976
2b03d199-ac18-4190-9f2b-22fff8205237,62.27265009008495,-69.4085829852781,131.68123307536305
4ac225bb-3e8a-4978-bff7-53ccf6d6ad2b,66.37822333524662,13.773964768755725,52.60425856649089
14d67de8-228e-49eb-985a-20d2e9ce9cbc,-152780.52290275996,-164364.33504365926,11583.812140899303
ef467def-c278-49f1-a075-61e761552fa2,-9593.314644727981,-68562.75438099576,58969.43973626778
11c898d8-5e48-4415-9a15-0a4774a65756,2404.437662438537,-2535.4234056105633,4939.8610680491
47255e34-7fcb-457c-aee6-fe0b48bae3c7,-62.72051051841948,-539.9756361562576,477.2551256378381
19bdb0e0-fb03-4ee4-a68c-f96085eb54e1,3.2475958729458054,-0.9827418889892405,4.230337761935046
6f84d3b0-3bd9-4528-912f-641dd92e6474,-98766.11988208683,-103307.03289302597,4540.913010939141
96f618bb-c835-4055-8734-4827ad0f2481,174.96777047037637,-134.87162585504498,309.8393963254214
92937092-480e-4b7a-87ad-01898b28c9e0,-3.6117309704822734e-05,-2.792726996314502,2.7926908790047973
fa86b4a3-44ab-4bcb-88fe-46e4a451e100,-668.2678186259313,-2085.1718705525873,1416.904051926656
703b6494-3f65-40e0-a144-95f9120517e0,140.54136646675477,-40.70337362166296,181.24474008841773
4fb146a1-70fb-46d4-9817-ce2e27926608,1.0657363929610377,-3.5042748951654503,4.570011288126488
24a890c7-8ed0-4717-a68f-f8989dd296a5,20659.74514468708,-24575.225633780297,45234.97077846738
16409,106.50939917526142,-268.29328642890675,374.8026856041682
7abb8580-30ba-4048-9163-15c58fb2db08,-4145.108972932041,-5535.864693064363,1390.7557201323216
cc44dac1-372f-42d1-87e8-cbe75d9c7758,442.69543667927803,-1234.5599648476405,1677.2554015269184
16442,298.65973278117553,-301.1217302028541,599.7814629840296
0dcd6c37-ea7e-4dfa-80f3-ffc922bc75e9,2.857096326910646,-0.5264027393632089,3.383499066273855
73580a84-530a-4960-88d0-318c771c45c9,-80312.03484670456,-98657.88804654901,18345.853199844452
2c1aa774-1534-4ea2-8b6d-3b8f5f6fa0b2,6762.866370725236,-6293.0633680431365,13055.929738768373
362f3d30-f33c-48ae-a94a-b70a6997080a,203.0438027143479,-82.22137729863638,285.2651800129843
d994a8e3-00d1-4560-a25e-ba93583f96d4,-75104.53825056012,-110812.43110643578,35707.89285587566
d23df84c-e768-4c55-a021-9f72fa398eb6,1.9942969260578438,-0.19697282173103292,2.1912697477888767
38dd4dfd-5d6e-42ba-9c1f-62727986dad7,-0.294824850373108,-21.588366105371705,21.293541254998598
dfb63784-48ca-4052-84e5-b40c2f8e864e,3987.77480318101,-3373.110035434034,7360.884838615044
b0f82d53-42ac-409e-bb42-5bc0c4902a38,146.53550508389264,-58.71869361653303,205.25419870042566
54c4b5d0-f61e-4444-8c1e-3f4784df6aad,1066.892041918586,-887.5017269875053,1954.3937689060913
ed48f8cd-4735-4d85-b60b-85072796882c,16497.548483544797,-8604.556030948528,25102.104514493323
ae6b8404-cbae-4fc0-8e3e-674dd22ddf16,753.5700358600652,-754.7597039479763,1508.3297398080415
6b014a04-ec5a-4e01-bc5a-5a7e4a36e835,290.3404901430222,-2103.6323490544764,2393.9728391974986
248914c4-1320-47d9-80d9-3e4dc1d646bc,1.713815470713824,-1.205944667826333,2.9197601385401573
cb484940-596f-4183-8eee-25b1999c3aba,-15.019553037266869,-233.13386399626006,218.1143109589932
721240cf-0513-4f8c-a299-10e0c6d96238,-75595.88344997032,-85406.96259454521,9811.079144574891
4ce39bf7-a353-4d67-91fe-11c2ba66d7ef,118.62773849323766,-380.9889124298975,499.6166509231351
5e1b8362-3878-4fdb-a9d3-e273ad35e7f0,-63479.67401605511,-142691.59578332113,79211.92176726602
e7ca7e7a-930a-4987-8950-76f974616aa4,387.3767182844132,-175.00815076738556,562.3848690517988
80b894e5-5330-4dd4-9e3a-276c4883ab62,110.41602216373732,-194.75165039003963,305.1676725537769
389d5112-f19a-421b-aaad-3315c06ea2f9,-2069.579382171011,-5141.116002180119,3071.536620009108
f0a16dd2-8865-40f1-af8b-39411fdafbaf,-22241.216903421086,-34705.28469715064,12464.067793729551
5907b372-3a5d-405c-aa94-39c29e98a818,0.646798609687877,-0.7877493949263478,1.4345480046142247
e3b8d5ec-34c5-4393-b847-bd767ee9f81e,-23329.25449519166,-41613.43654204091,18284.182046849248
4561b856-b108-4984-a8ca-9513fdd0ffba,1574.175456988757,-1780.0826380502003,3354.2580950389574
5ffc25d1-97f4-4eb2-b31e-8e1a5cb39aa8,-666.4281020306312,-1480.4521276572668,814.0240256266356
64619d89-79d1-4320-ab20-ff5102ac56f1,-4872.151958061943,-13604.264076285692,8732.112118223748
d8311fc5-f97b-490b-9dc9-7e3ae38341da,9582.16992890308,-8224.612203587256,17806.782132490334
8b889168-cf1f-4633-8a02-2123ad7ac4d1,2.0917002582800226,-2.0978899078879643,4.189590166167987
fff7f00c-c869-4310-b705-4503538f5ecf,-22.77948036033767,-621.4124132154197,598.6329328550821
7ebc1c8a-e5bb-41af-b8c3-5d64b8331218,1145.5415152797636,-3026.4372455038924,4171.978760783656
563a3432-4d61-493e-89e5-fb7f1d2e5e9b,-54.539004578852854,-616.7464977308659,562.2074931520131
7d089145-7527-495d-b2e7-254ed829d188,84.9355933361847,-12.793582885074782,97.72917622125948
78bf4b9f-648f-4638-8e10-96da8e239a49,139.62769365632158,-124.2321296999602,263.85982335628177
65d11c4a-e389-4ce3-81ee-9900a4f3c639,0.6794840791122584,-2.496685265051279,3.1761693441635375
bfbf55b0-788b-4360-ad05-513ee728e199,0.0,0.0,0.0
16450,28.26368658314874,-249.73257812360566,277.9962647067544
4900f284-3f95-4464-b2e0-0b9a156aa054,-22.26477214968645,-1276.6451111162266,1254.3803389665402
b4412420-2436-42d7-b139-ad44858284dc,663.8651354517043,-1058.4120526726538,1722.277188124358
30fe040d-3af0-42ae-94af-45e623e39a2d,-247727.40827783878,-285012.66012471594,37285.25184687716
3dba4442-9b7a-4435-8e7e-65452c530d3b,225.20766026960405,-85.55314498652534,310.7608052561294
8fd23f0b-ef3c-483a-ad2b-5aace0ce3ac9,38747.966916656325,-34638.24202463115,73386.20894128748
b4d8df05-bba2-4419-9a7d-032b4ee80ac8,1982.3739307395813,-3758.91543342139,5741.289364160972
8bacc438-5861-4835-ab6b-b9a8a33e222e,9.352730044086163,-46.52519639410299,55.87792643818916
19a47e6f-9d45-4880-85df-a0f0f097fbce,-29837.746173732347,-38633.70778939682,8795.961615664477
7eab31ae-9e1e-476e-a170-0096a0c0789e,3575.2442590139794,-3713.6180447555816,7288.862303769562
b379c432-3313-4967-94c5-3a4129d8d9fd,77.11544850517248,-909.3187778072605,986.434226312433
3a6caab8-d953-4d2c-9b89-3a21dace194a,-42138.11446548505,-48231.28538691602,6093.170921430967
63798331-704a-4630-86f9-da64cc42ad40,2.9684930218353105,-1.4063109277674792,4.374803949602789
cedb1b8e-f761-4077-bb52-983d928bf786,-26919.843227473175,-42305.51450501391,15385.671277540736
1cfc34b7-f406-440e-b702-69dbdec37fa7,-14531.474543057684,-38301.81976414791,23770.34522109023
16401,0.0,0.0,0.0
bd5f2f5d-cccb-4039-b430-eb5f127e6e1a,-802.0126429613437,-2194.8988101633804,1392.8861672020366
3b7c60c3-3811-47fa-b4bc-23e42a622bea,-19.094105467783738,-234.08666116925718,214.99255570147344
cd142ef7-3325-4ec6-8b8b-16254954db1f,11876.673754926873,5796.299584838294,6080.3741700885785
16269,-123553.05026569057,-324024.14389134385,200471.09362565327
90b2db25-7ef7-4b5f-b256-d61ae1382983,10.620468670495733,-8.927927572736342,19.548396243232077
4b6d8ae8-a990-4b23-ace4-172d17eb6a28,27.54616172575051,-286.7095986410596,314.2557603668101
f511ebe8-aca6-408c-9c18-d3fce71e0851,2.2566833139997877,0.0016057078890985412,2.255077606110689
93b8ef16-1a00-4d2b-84c9-6f5ecac24d1b,866.170717244584,-1378.5558205294747,2244.7265377740587
65460b49-f83d-44c7-ba88-2872a7914563,15.710638993644114,-70.99110783998299,86.7017468336271
37cdf49c-82c3-47f6-993d-f1b62e9b59bc,278.48016205962585,-355.82075943291045,634.3009214925363
2a912134-30d4-4caf-b8de-a6a1fce01641,-8505.700541570333,-24609.273701138507,16103.573159568174
1c88f2ac-56b5-4e31-b040-9ade8b96115f,0.0016422065375332308,-0.10715991947334948,0.10880212601088271
4d4770c0-f7e5-4037-bcd5-2b2829901a05,44.23144618315702,-92.66661348251542,136.89805966567243
275895ec-9a7f-424f-afbe-76da7fdd6b22,-10.293152573223185,-313.14683780917017,302.85368523594695
097d1afb-7f99-40ee-ba33-8fccda0a4d47,-90.56174519850967,-614.2921068780552,523.7303616795455
43aaf6de-65e5-4d44-876d-c9bb99722e59,-20768.584029801572,-106723.5316467736,85954.94761697203
e9ddc8cd-11a5-4b5f-9f16-9f0e49bf0d16,4731.66802317879,-2939.3818824793902,7671.049905658179
9375a61e-0e8d-405f-9b1f-71b803795970,569.2635166279092,-503.8077993081105,1073.0713159360198
820bc83e-0c9b-4f3a-ae15-7423927453fd,184.12216946457437,-462.6452008409264,646.7673703055008
1bd930ef-8d95-490b-8244-593fffa76943,-2040.2858212802348,-11277.739186868874,9237.453365588639
c4f2c85f-d6b4-400c-a4dd-468358bcb208,1457.1729791402167,-2396.530516215566,3853.7034953557827
0711da6d-8da7-471a-a5bb-1fd8c06061e4,392.8281222050738,-202.2667128124957,595.0948350175695
29042ffc-e45d-4fe9-984f-8f8a74e550c2,-1854.2222871071767,-3314.015520768871,1459.793233661694
5081a02f-4565-4bd6-a53f-f3ea6acfaacc,29.155573261017004,-140.82277631387245,169.97834957488945
7395998c-f7a0-47c4-b1fe-e1e2e268f793,49.685945891363865,-18.849048918982945,68.5349948103468
600431c8-2537-418d-8178-20cd359200e0,901.7582325110849,-754.8487553333474,1656.6069878444323
0c8432e7-b8d2-4188-88de-67f2936226aa,-0.2512543339124927,-13.653232496237505,13.401978162325012
f086eef4-8cbd-4cf4-9419-ced531095b91,-5961.501207087175,-6542.613363726545,581.1121566393695
16431,5076.918029080787,-5035.048187849527,10111.966216930314
b4cbd3dd-bf2f-4694-ba48-ffd963187a5c,0.03355065223156437,-0.00033380236901440894,0.03388445460057878
7a8f6ba8-432d-43a3-aa24-864c30024341,1254.358149867288,-1585.7111478754578,2840.0692977427457
16417,-814.352169421474,-1190.6846499164242,376.33248049495023
16435,3.466178529407161,-6.680564918682787,10.146743448089948
f5b42988-2e6c-4ace-bef6-7ee8891ebd09,225.19026316737293,-349.3465748150415,574.5368379824145
88069fa5-1e97-4cdd-922a-fc7445ca713c,-4076.3655877409037,-5944.034431973636,1867.6688442327322
beeb8910-f471-40bf-b94e-ad80ea380dba,-26.496720692048804,-147.61238106836487,121.11566037631607
e69adfd3-4f4f-4d6d-badb-fae401c498af,844.406726142051,-698.5231321319275,1542.9298582739784
16c1c689-a0f3-4629-8338-e615c30914bf,-1753.353793471467,-2603.28543417779,849.9316407063232
a57080e8-bd8b-4a4e-91fc-5e3d1a38530b,2521.7899861868636,-2491.1495927825426,5012.939578969406
79d9fdf9-fce1-4f64-87cc-0f04d7d872f0,71.00006036350356,-268.3680452667005,339.36810563020407
d45b603d-e01c-4d13-8c12-d454e5be45a2,5670.601183656654,-5923.5206136905545,11594.121797347208
d2b99e29-5566-4d6f-896f-2f0739ea4e91,-828.0166612947875,-4354.272700304879,3526.256039010092
d31b3080-d61d-4199-804d-6b8e16dc18f4,-11580.82059766582,-19659.520439403066,8078.699841737247
9a9c68ac-ee8e-4dca-8d06-7971b54f5212,265.54173697588067,-14429.783863188848,14695.325600164728
3e6d7420-1c88-4df5-81fc-fb4e84d8aa8d,6358.7625799178795,-7315.9937036967785,13674.756283614657
16414,66.21730549589502,-170.9171007241261,237.1344062200211
ee7ce4a7-cac1-4efc-9581-5f953c8ea435,-1421.3214057361713,-3441.545786644507,2020.224380908336
e573677a-1c64-4d5d-a3f1-35cee3c866ec,-21159.22388455791,-97023.0593058714,75863.83542131349
16276,-718.4708490708354,-28832.13983820303,28113.668989132195
7459cd82-c1f0-4580-858d-6f507f51da5a,38.73891126469466,-38.53938748342433,77.27829874811898
6c23b7c6-7e43-4350-b335-27026cfdba22,-8.706780247649919e-05,-1.0271612753284294,1.027074207525953
a65906d8-751f-4245-b7d2-33cc1637a407,-103.37600836574154,-335.37959888537387,232.00359051963233
4c15eaf5-4b2c-41cd-b6b4-429dffa6365b,-0.19695821395422064,-47.40748011856637,47.21052190461215
16427,-0.33028200378768907,-21.525948442183736,21.195666438396046
8c419033-e828-4c0e-9a54-d9084ddb87fb,-268735.56357211096,-547796.1979212442,279060.63434913324
04592e1b-d2c3-45bb-97bc-cc52161579c8,0.0,0.0,0.0
41732494-175b-4314-a747-da19b094a979,-207782.54219292264,-255199.64123254773,47417.099039625085
13d7958c-fcc6-488b-8d04-6e884281d702,-575.4414811519205,-1805.4540805619517,1230.0125994100313
02d044ad-9384-4099-b623-004965e0de44,-48.06055587434216,-532.5941039473606,484.53354807301844
8cf60b19-d17b-4996-a901-11e1f1ac18ff,-6745.720182280973,-13372.111619764411,6626.3914374834385
d1503667-7dc3-43c6-a861-3ad0897876b7,7250.647722612898,-6972.970186075123,14223.617908688022
16411,-1.9568368516244419,-110.4068074416046,108.44997058998015
24b71a39-49ad-4691-a974-ef469d6be183,2041.0460772532492,-1952.1808417353848,3993.2269189886338
87f69993-f2ee-4df2-98a0-a6617780edd7,-0.12131888396384755,-15.506366294937585,15.385047410973737
ea802ec1-df27-4862-b874-445a454bd7ae,-5331.1904300404585,-7212.753478384473,1881.5630483440145
a62cc2b7-6745-4017-8e6f-e145068571c3,28.921160416489517,-29.725673897324782,58.646834313814296
b6bef65b-3d18-4208-80cb-1007e06248d7,0.0,0.0,0.0
6ca62807-a73a-4b40-a47e-3ef9674f89b0,0.03476443176931391,-0.4275336547117743,0.4622980864810882
16458,53471.22458079479,-54007.43662655112,107478.66120734591
16438,51895.221577210825,-80917.67765285392,132812.89923006474
c6a6528a-eb08-4d66-8b48-40706fa93ba1,239.81700080026891,-122.90922097968227,362.7262217799512
16268,-903934.1293551845,-1283654.727047373,379720.5976921886
f3b76673-5421-4b0b-b18e-fc4fb5d2ef24,-16644.094306101124,-82583.21433981805,65939.12003371693
6b948c7f-c7f1-4c4a-b17d-df514cdd979b,92.81921536485278,0.9239732812865548,91.89524208356623
efb8bcab-7a10-45d9-b6b3-5a2f855e2c96,162.64717664755102,-196.75018669252447,359.39736334007546
a2bb1ed0-d79b-4bc2-8f36-4eee09eee336,-12277.702917631494,-18255.16932299919,5977.466405367697
a63ed277-57d2-439e-9df4-797942fad526,-259.980991610927,-1101.8931158592354,841.9121242483084
a31e8c7f-c7e8-4ead-87ad-7171318a975f,239.88089374885035,-258.74029367043937,498.62118741928975
fb2bebce-2766-429c-80c4-6954ba7564c4,-1171.838621169763,-1642.2415025367407,470.4028813669777
2e74922d-4b99-4bc4-9668-5fa47c8d90d5,39511.296340612884,-53721.50785384476,93232.80419445765
16437,1419.6699740625897,-637.4121852970941,2057.082159359684
7cc0df2c-c08d-4473-8266-5eee25145b65,2531.131189179292,-3352.8755079071325,5884.0066970864245
1dd292bb-7f33-4a02-9fb2-5fdaf23fa6d9,63.368229792829936,-13.10433893351412,76.47256872634405
ec5f06dc-4601-48f7-9f98-5e1cab7fef30,-637.5293009864731,-1861.1964004653444,1223.6670994788713
8c0dff51-e66c-4641-ba71-a92fce9e6751,-204.46654026958763,-1026.305329480767,821.8387892111795
c9f19b41-8752-401e-b054-12f9d14cdeb7,-683.812171597389,-4801.502459998832,4117.690288401443
b69d52ff-fea8-4093-88b9-e1cad4f8ee4a,-86091.67650813292,-96413.93466804638,10322.258159913457
e75a0627-c4c4-4070-a2a0-b1a11ed566dd,-43250.74016486296,-112655.13396967831,69404.39380481535
ee64480e-4c31-4c7c-9858-91cd2ae43e06,-252487.8313552145,-429679.82558308623,177191.99422787174
f95f4390-0112-4bf0-a6f8-e4a44ff59daa,-17.290400820578693,-500.0998391661149,482.80943834553625
46e6d4ce-20ef-4cb8-bc06-18257af0e91e,-1074.9991308277781,-2573.5774207945856,1498.5782899668075
de1028b2-9d02-4920-b32f-f94e497f9315,324.8514324799792,-140.46685573131558,465.31828821129477
16453,-5.2364628334235315,-181.9695825517814,176.73311971835787
04d192f6-2a5d-49db-9221-c8c95b09655f,331476.33789190993,-397909.8641902511,729386.2020821611
8432e6bc-235d-4ac2-b1c6-18fc20f82f43,-16999.16303828238,-80824.41523079445,63825.25219251207
2081376f-518f-42a2-8979-b2423d062652,67.27755064674673,-51.0778680693475,118.35541871609423
2e350836-e210-4f07-9346-f953514ac393,-190513.8685475447,-245974.3395812896,55460.47103374489
22d44841-18bd-4482-a333-6ed410071c64,-421.37925443065467,-1455.47991410759,1034.1006596769353
84e9504c-0b3e-43ae-87f1-cd6eb9f4efce,-7753.354136450856,-23773.787088097026,16020.43295164617
3d054d78-7f94-423a-824e-59e8338056b6,-4.7935867734622524e-08,-0.024371186781432835,0.0243711388455651
496da7c2-4c27-43e4-bfd2-574be6f09b8a,-379073.6738652013,-572207.534584985,193133.8607197837
6af3eaf3-c610-4a76-baf2-bd0fd1574e28,-433.8774693933709,-3911.679965919127,3477.802496525756
5ca61733-cb93-4111-b6ad-362ded0f7e3e,773.2760852883164,591.306830527536,181.96925476078036
82a91940-8baf-41c4-841c-035d30e5fa95,-1450.9321984414719,-3304.044448233216,1853.112249791744
7ca24f08-5081-4e62-b0da-fdb43eabc977,317.9286636537024,-477.7859491867996,795.714612840502
ef6acb75-7071-4b56-846d-408bcbb92743,-1026.3453543373887,-1802.912962794242,776.5676084568533
16452,4548.80711727511,-3660.76937473109,8209.5764920062
16412,967.7858445097806,-876.4998200176339,1844.2856645274146
6faa6320-b5af-48b4-a991-095d5530151a,-150.05139538044534,-730.5549414173504,580.503546036905
262b92ae-3591-4623-b887-1c84e7b4f5fe,583.6332925978834,-1181.5673821875964,1765.2006747854798
c4886893-3a39-417d-acc8-80810fca1e7e,-927.6669743558974,-1145.9476476209263,218.2806732650289
58e29f83-897c-462e-ae79-b9a67895dbce,1530.1920261558776,-1564.2239306072993,3094.415956763177
799b83e5-247c-421c-84f7-74a11cf35fc7,-84622.1763759841,-127369.92695564339,42747.75057965929
97e91e31-ff49-4714-99a5-8f09cdd13a67,-256.7565786707549,-437.7288895988693,180.97231092811438
f06f6fe6-0051-45b8-9f2d-97bffa1179b9,-50.85013846530097,-204.2877376351172,153.43759916981622
e95e6c3e-3611-42a7-b150-3ee12ad5c4b7,1.9086019385126455e-07,-1.745400183752311e-06,1.9362603776035755e-06
bbae91a4-be42-4e30-b9e8-f0b5fa4e9f21,183.47703844118664,-76.150899812921,259.6279382541076
cc11f54e-499f-44bb-b4b5-57025749a693,2002.0820631574452,-1963.623297297277,3965.7053604547223
0a14e8ce-5ade-4d17-b7a5-d6477a03006d,58.1538586522687,-90.200842856565,148.3547015088337
a48a1884-0253-4790-910d-0b9c18089494,-123.03819901470649,-883.347381199078,760.3091821843715
637e3fcd-3d1d-485c-b67d-bdcfd027bc73,897.9558344265972,-759.1898556874182,1657.1456901140155
59059cb4-0709-49ae-875e-36288851bd89,20.237193073496986,5.877834699377768e-05,20.237134295149993
f17a9644-59c6-4ac3-a619-d4297647cd0f,7.973144631506136e-06,-0.0016462845160950625,0.0016542576607265686
89ad2f59-a149-4cf0-9181-db8f0c54ed27,-1.2124141817965601,-89.09170022824173,87.87928604644517
fcc9fe9d-7f59-4538-8ff1-c6c192508364,-2522.093992545457,-44931.97454139292,42409.88054884746
82e19ff9-172d-476c-8a8d-b873733bd3c9,-4770.629212178701,-138754.89592770336,133984.26671552466
fc4b16fd-ff68-494e-95e2-578219437a28,18.552217208142622,-79.89531778995728,98.4475349980999
608a67d0-8359-403e-8883-c185053923ba,798.8097347611437,-893.6859549549575,1692.4956897161012
634460f5-db1f-4972-ab1d-7f172b4e3771,9060457.542156756,1376.41724609375,9059081.124910662
a82e315c-10ee-4603-b51c-242888036423,1851.4365173814888,-1581.9736799234956,3433.4101973049846
b1a8e3ff-b811-4629-b37f-c303b4094e2c,5.42918349245709,-72.24567792494817,77.67486141740525
7b7b1cd5-30b4-4302-82cf-b43e2899ed97,3450.7435780864953,-3860.7203644883743,7311.46394257487
ece21bfd-8543-4922-9987-02aabf85d23f,262.31103416188125,-231.95818425613746,494.2692184180187
1186c2fd-7a00-4f21-956f-8c5a896d9111,-29485.91200162846,-314551.60158571665,285065.68958408816
303dfc2f-4791-495d-9d83-be5a95943083,0,0,0
4447902f-bf3c-4ea7-a3a6-0314dc8fa8f5,0.0,0.0,0.0
1b5deee5-7585-4711-9412-4c38594d15e2,19.068039181924775,-17.110353856805034,36.17839303872981
16405,12.811294572373349,-9.098283831101945,21.909578403475294
16444,-29288.147064434997,-342314.28960596665,313026.14254153165
16420,492.7477359967509,-392.5666821226157,885.3144181193666
d6d1134a-094d-4a01-90aa-87af7c5e0195,3048.936300104031,-3288.1725565098727,6337.108856613904
14e3be1d-9262-41eb-a14e-dd825bbb44e8,-29237.252468193277,-43985.844841735656,14748.592373542378
4af89769-7860-4421-9bc0-091db1bf6a20,11272.77218436987,-10332.692120179072,21605.464304548943
1511cf87-f3ce-4e3b-aaa9-314a7fc7cdf8,-7.014694143826429,-224.74574233472947,217.73104819090304
3afbe300-7a5b-470c-a6d3-190df7eeb1cd,288.5710380962302,-639.2674976040213,927.8385357002514
953a9ed8-3f70-4cae-b841-86662a089c3f,-357684.9690333751,-504371.62950955174,146686.66047617665
ef6c06ee-8674-4267-8c69-f0671308c180,-0.8468304823420262,-56.91000105413392,56.06317057179189
36303bb8-c95c-448d-a450-fa7981899637,286.79601671345097,-117.7717661133716,404.56778282682257
c29abef9-d8be-4b37-bb84-f1344496cc33,-141.42256955523445,-567.3405716528441,425.9180020976097
ad4dece4-d4d3-4732-9db7-1272b36946b7,-68.82043980090825,-531.8815487244312,463.06110892352297
0e0998fe-7e84-4c75-985d-d389bf26a2be,-338973.1974294931,-386419.2817306211,47446.084301127994
b327a118-ede5-47d6-86d8-a152ff76bcc7,549.0022037321007,-740.9301712312797,1289.9323749633804
16446,19.042061126333135,-10.831626432793298,29.87368755912643
16267,185503.47548502393,-2266312.210691212,2451815.6861762363
16421,-1298.0355564316403,-4498.798445761453,3200.7628893298124
73d19f30-bef7-44f1-a9b5-23d7713c9780,-15559.497358758996,-24302.544634987593,8743.047276228597
25a9c99b-960c-4cd3-a7d8-f29b0370f595,-42.5269658816576,-407.21847038038715,364.69150449872956
e7723aa5-1224-45d6-aa68-4de3a81c0604,3355.228744587851,-1092.290293984438,4447.519038572289
3542ae16-55ca-4b13-a2ad-4eb215f23f5f,-63.96111088952296,-735.5512330150603,671.5901221255374
5b5ce87d-4f3e-4a80-b809-dee53d47e4fb,10304.88457510643,-9019.42809639134,19324.31267149777
16455,-13527.98433046685,-28783.799430158404,15255.815099691554
16430,-21187.947357699286,-64242.23389468374,43054.28653698445
0ac4871e-0198-447c-a7f8-1066125fc174,-673466.9604743428,-797741.81843407,124274.85795972717
cf57875c-430d-444a-be07-abde3c8eafab,-5982.7591710647175,-11546.050822479945,5563.2916514152275
6006eee3-05ff-42ac-81e4-177ae45399d8,-564041.2760964367,-651955.6148216141,87914.33872517745
9bbe944f-8fb6-4be7-bbe6-093fd240556c,4676.232582845822,2564.8400080941337,2111.3925747516887
cbcffb78-314f-44a0-908d-9fb3532bb844,400.362608274269,-326.626194813916,726.988803088185
45a441d6-69f2-4794-9247-d52be6955c47,67743.53999799494,-45754.17655469498,113497.71655268993
57aaf843-7ecd-4432-b92d-8f1dce9ea7ea,4208.914453492351,-2144.5695271611644,6353.483980653515
8cc384f3-5e7a-4421-867f-bd55ce404114,87.99033746271567,-278.3418933120111,366.3322307747268
783d3c3c-1ced-4e77-95db-23c3a28ecba9,16.46485998469352,-0.765148813309018,17.230008798002537
5e9b429a-79a2-4deb-9377-9f3187c3e194,1686.5153459297132,-127.75955145678672,1814.2748973865
16464151-62fa-43ed-a59c-652ca4944232,47.86478426086886,-28.031035138249685,75.89581939911855
513f49da-1dfc-4f81-8535-dc9751aed0ff,2450.2401548760936,-2487.9128733865896,4938.153028262683
365b8053-fe42-4214-b78d-012a2280ac31,471.05473304659245,105.47182190555836,365.58291114103406
d6033be6-200d-4ca1-a084-3275c155db66,679.9109353909234,-337.5263183414986,1017.437253732422
788b890b-4533-4065-929d-21d7a94f2654,-2303.337563582444,-5472.458622302044,3169.1210587196
acefbcfa-556a-47a3-96ec-df50be153b33,27.928294582132946,-17.1149552784668,45.043249860599744
21d2ea3f-0445-4481-b26c-448e7cf0d11d,-7681.6049997899445,-10523.902989179873,2842.2979893899283
ff5e8fef-8ea4-4f7a-a893-5a80e4117fc8,0.0,0.0,0.0
d2dc3c91-6cec-401b-a5b7-0ca7f753a779,-168819.11443804542,-177792.64648495585,8973.532046910434
16407,-1.030239315702763,-30.359360477593576,29.329121161890814
8f13b0d7-654c-4600-ac2d-12f723f78381,-410.5253479274552,-869.8556952217539,459.3303472942987
997ef1f2-371c-4607-8758-54ff96ac6e02,48.47878700959695,-95.2506020284633,143.72938903806025
257cb0e1-5031-4b67-9967-52ad1ac9486a,206.40260902605146,-909.1485769493158,1115.5511859753674
5fe2211e-7f88-41a6-a44a-0c8561d3ebf3,381.02765154220623,-203.03071649112135,584.0583680333276
71e2ef3e-5975-46a8-9ce4-01eb8eae5c00,4018.533437146172,-4639.699966101109,8658.23340324728
5d9e892f-4507-4dc5-96f2-3371339b9d9e,0.6358298218776899,-0.6104870459459302,1.24631686782362
61c3faa3-156a-411d-a94b-20fd597c877a,-156424.03087979334,-223828.33145821915,67404.30057842581
046ef4a5-3dd9-487d-b4a1-10601842836c,-1197.11921781965,-1977.5699887630503,780.4507709434004
16433,41.32210375441556,-15.14744328763561,56.46954704205117
9f699136-7d2c-4ded-b943-61dc5a24a19f,-189.29929908247112,-2283.372862225987,2094.073563143516
911b463d-d1f2-47a5-ad3b-165de9159e1e,-1809.4339952014695,-6541.8824875971095,4732.44849239564
600ea91e-d360-4347-a0f3-7f40ba9a8275,2.777919136992731,-1.3559870773591602,4.133906214351891
9d6ce43a-58df-40d0-bc2e-72449463249d,8924.39193120692,-12048.022119323847,20972.414050530766
28a377c2-20af-42af-8493-267a0282629b,3887.1968063173867,-4039.2980595970675,7926.494865914454
38caa1ac-63ac-440c-87d0-d3de9bcf1011,655.1685799793132,-4457.2931333902625,5112.461713369576
4fa320bd-6477-4ed1-9d53-d594d883ee47,6034.432361634961,-5781.544254484252,11815.976616119213
485d97da-7c9c-4831-800e-82327e334c7e,4.492093199830451,-24.890013178109037,29.382106377939486
08c81f95-46ee-4c88-a62c-b8d589337d58,0,0,0
beb5da93-7c73-48e8-b629-bd1d9d93e0c6,898.244413722073,-639.407006442683,1537.651420164756
62da65da-2035-4896-8b59-8faf1e984867,340.0752214670857,-191.11670343245953,531.1919248995453
4e21e99b-cd3f-4d39-8e53-80c8e0246385,-1.9306691417220276,-38.38986626216394,36.459197120441914
47a50cfa-f8ac-4421-9cd3-cd2e77806755,136.89186113766158,-89.41481338338076,226.30667452104234
248a86c3-cb96-45b7-afd2-88067322313d,-21062.515692231238,-97466.2146742134,76403.69898198216
177534b8-6182-4c33-a2a7-90c1e83e4102,203.24836624408985,-180.84770423761773,384.09607048170756
f2b1f7f6-88aa-4d6f-8a79-38abf55f6915,202.20269921094513,-609.2207508501167,811.4234500610619
16273,-17910.979198870456,-30727.505446171286,12816.52624730083
eb07b8ca-bee1-4707-b322-efcc73630dcd,-96988.04198410892,-128606.3487168933,31618.30673278439
f8f6b318-5225-4c4e-9e85-db5288b11849,-255.88575383732487,-986.9863870483704,731.1006332110455
103213f5-d199-4d5f-a002-35058be2f1b3,25409232.51603071,-36821917.08926912,62231149.60529983
bc4239be-164e-49f6-b207-564e9483f825,465.0638932110588,-1088.6347433730393,1553.698636584098
9017ca88-e286-46ab-9b79-1c7102f3c43f,50.696918750014135,-46.44036874482709,97.13728749484122
16280,-1713.4975527245053,-6039.516542152932,4326.018989428427
ea356d52-ad48-4efc-b75e-765b02b046f8,4910.8479064521225,-4998.314005729026,9909.16191218115
72dcc65b-268f-4b10-8d29-3f1bc4112384,13011.576424418256,-13588.239691013314,26599.816115431568
8a5f3928-6c0b-4021-bce4-5e4c035c9f00,-1869.750619537916,-23730.8208468158,21861.070227277884
eae20329-2c7f-4aed-8d1e-4e834599b89b,3170.418981230921,-5626.268136767216,8796.687117998137
2488e847-8eae-48dc-bc63-4edcc196d47e,-0.23371651682194622,-13.985926222527207,13.75220970570526
616860cb-ac9d-434d-8574-925db1ac1ea1,22888.699565333445,-35794.890800720495,58683.59036605394
df382adb-108b-4e26-b9ac-cde43306da4a,-1218.071054649668,-21921.413984043906,20703.34292939424
26f0db8d-9eb0-4bc2-b217-3daf9c1abef8,0,0,0
f7e9d248-f96e-4d4c-88da-e8d9359392de,-686.1703863776412,-955.3929012539015,269.22251487626033
8b42f28f-2bce-49ce-91cc-f984569aba91,-225659.867810815,-270603.8705899935,44944.002779178496
16415,-0.0035570381797768906,-9.651254184935514,9.647697146755737
16277,-172282.27762854032,-205935.33755907323,33653.05993053291
77303cad-e32f-4568-9482-552625c1bf54,-55135.67035127356,-99405.84787281814,44270.177521544574
16461,4528.001176506338,-1155.9763327213527,5683.9775092276905
9ace1f5c-b778-48a8-ae82-1fcb83120e85,3644.045043608787,-2075.897718683171,5719.942762291958
b8a249a6-272f-43af-a957-4c6310be038c,25.938690248806374,-13.103290518613084,39.04198076741946
a9a8fb74-cab9-46f4-b6be-27279b366cd8,68831.03844093984,-323170.4421420339,392001.48058297375
4ff1bd68-bc60-4fd9-94db-f8e3b0953337,1228.4300417445595,-882.4786418423929,2110.9086835869525
46624f41-5372-40ba-81cc-a94340ee3e46,-9158.543528477301,-47609.25445421081,38450.71092573351
4190cd47-6c10-434a-99b3-51ed9499ff1c,-0.18093913588628077,-35.059099175434746,34.87816003954846
63b8dafb-cf5d-4ad8-997f-7e9ce1ca67ac,-14603.30661554044,-29318.51881017228,14715.212194631842
16c0e231-2dd6-42f6-908a-a668c98c9c21,-272.57146008963514,-1333.1228171598339,1060.5513570701987
891bded9-75c7-469a-9f4f-c9a34839eca9,14.761401383797267,-377.93141252061247,392.6928139044097
16419,719.7827774874052,-704.705589568794,1424.4883670561992
5a5161ce-4e81-429d-8c60-468e1ced8df3,0.0,0.0,0.0
d3886a65-04e5-4575-b798-7e217cd7d3c6,-30123.914716378677,-377378.6130449135,347254.69832853484
365a4ea2-5bba-4ad9-a32e-348ea2aa7092,3.232624653068069,-1.0083329080524261,4.240957561120495
7f2ab4bc-1e1c-4001-874e-deb5b1c69788,-1521.3594204343906,-3553.0841265354484,2031.7247061010578
075ebc03-d363-4391-972a-6c2165281f64,3016.185954480996,-3208.813118194158,6224.999072675154
e168ba70-674f-42e7-b0ae-c3e63cfbd7f3,21.061385047802847,-13.056613204497339,34.11799825230018
863e46c4-6cdc-44dc-a950-f6d42d70ee85,-2514.1970121278828,-2898.308004664957,384.11099253707425
2b3d5832-3278-480c-8c0a-027be44d693d,5577.0069317932175,-6128.822608842436,11705.829540635654
4639264a-54f4-4c5a-aa5d-88b444bd7a20,3045.6069762489415,-4556.724022003078,7602.3309982520195
9d2829c5-95cf-4b42-b7a5-4f1791f0c0b7,3.666100294335375,-25.123922914184625,28.79002320852
03fdd890-2ce8-4873-8d02-0d753838576e,475.8508524414063,-323.5961515207831,799.4470039621895
b17e0efb-7e15-4baa-8a85-3d2410d1db0a,-9380.752309309291,-27066.360807717556,17685.608498408263
11e7438c-141d-4d2c-af07-4e967eea8854,-259700.5572362272,-292271.6409962375,32571.08376001031
7ec7b219-3dbe-4143-89f1-6b28dc422a8c,-5901.7889646223775,-13112.263821088956,7210.474856466579
99ff6036-a7a6-4023-9191-3da6b296867d,1220474.8549969264,-2503919.7771388823,3724394.6321358085
5494ad63-4540-438a-b43f-12b7dec828c9,18411.87279955678,-27348.503810273563,45760.376609830346
26da7bb4-3955-45ef-9468-180faf23fb14,70.97789444532889,-77.41129866678354,148.38919311211242
1a5f93c5-21ff-4929-bde0-e7d6587a48a9,763.1895848770207,-712.650242742887,1475.8398276199077
75e9d8ec-5b72-4cf4-842f-e0d5187cac1a,293.2928444093082,-177.04637665931335,470.33922106862155
cbbb07b6-0e1a-4608-9740-bf2adbd95d0f,-20847.89837418044,-26546.675784971063,5698.7774107906225
3782700a-e8de-4215-8f86-75a6ce84a041,-771.1473211731733,-2494.7742389207438,1723.6269177475706
88032ec8-8c67-474d-94a0-bc9856be9643,-73877.68628910712,-149777.1385930548,75899.45230394769
d4cc0802-2242-4c9b-aead-5669e55c6376,0.7045052622769407,-3.4150624049438316,4.119567667220772
5415656f-c5b6-4ac6-b28e-5531786075cc,6.6218565129672236,-0.5519243405105416,7.173780853477766
5ebd6820-eb51-402a-a10d-6f38cfe9f567,1236.5213209506658,-1162.487597593355,2399.008918544021
6405b322-9593-4811-a907-a16b14aa7c22,59.92869446249338,-182.2470124704508,242.1757069329442
16439,3111.015647667305,-2829.8625403606793,5940.878188027984
ef7f347f-dc07-486f-bbb8-f827979cf298,-287.83397882441767,-1331.640804613176,1043.8068257887583
ee46e566-e3e5-4088-898e-b84aae6c1591,-5037.113034356843,-15586.10904104272,10548.996006685877
6453a46f-be8b-4a6e-8dc1-c42a7510d7a9,372.2129930647138,-876.8848701766332,1249.097863241347
d9dbf7e0-d281-401d-8d39-783636f74fe8,1080.3508125006774,-1321.1632514398846,2401.5140639405618
c3901baf-7d14-45d3-addf-0d06799fcfe3,-10682.457131819616,-460828.57384375297,450146.11671193334
e4f3f6c4-79c5-4cba-87af-adb0cd36f53f,9719.545184333005,-6251.7472780560765,15971.292462389081
bf474d4d-4bcd-4d81-a6c8-a6f12857036b,-177.5623080052163,-716.7699235430248,539.2076155378085
06f6989e-54cb-4f40-bfda-c2da14a5ec3b,-2665.0493891799333,-2791.2332453066165,126.18385612668317
743b329e-361b-4dbb-82a5-2a8573f6ce45,15682.600167887764,-14772.463541778408,30455.063709666174
ed63e0ef-ecf4-4df3-8c62-874b1a83b5b6,-3.330407083226022,-161.88240169047802,158.551994607252
1a3b2e0b-2040-43db-bf03-b62e6f02a9c4,-193.8521628909194,-2395.4253884380387,2201.5732255471194
82f4d558-9f6c-43c0-9e26-9ec9d82c9783,-70954.72820349285,-192748.36522775042,121793.63702425756
892bf3cc-bde9-427e-8df9-379506962075,28.353083442608266,-20.68617886519792,49.03926230780618
0c4b7e60-6471-4878-8427-41a1d870b191,-1071.244070297163,-1541.1799050864943,469.93583478933124
2dbfa32f-a836-45cc-b383-cae52938e407,-2031.4892088097686,-7972.801945009998,5941.31273620023
ba6247ea-5560-4c55-a86b-1eb6a5470814,676.6144890654274,-407.9338061047594,1084.5482951701867
0bd83140-a80d-4a56-954f-ca87c8403f9d,1337.6676876670965,-1208.76361417377,2546.4313018408666
08ea2f1f-1243-46cb-bd4a-4e42a4b58145,109067566.46488759,-60068157.53658582,169135724.00147343
5650543f-cde5-471a-ab49-28c256a8f56d,-3784.3592819334444,-3952.1383778047375,167.77909587129307
28180512-082e-4f14-bc12-d66cd9c22417,131.5578052562423,-77.776614275599,209.3344195318413
befdf3e4-5b2c-49d3-8f53-550e2f234d9c,-10576.21832730506,-17095.404300903505,6519.185973598445
4a945bc0-7616-47cb-95dd-b51369dcb96a,-18686.252284081405,-71918.45172964492,53232.199445563514
1cd879ba-c9d4-4964-9ace-d35cc8360923,-67320.23473349381,-111573.94256765232,44253.707834158515
f576f6e5-d38c-4ae9-b2b4-f44aee05d05f,14478.846479232918,-23321.825599405678,37800.6720786386
5f937544-a583-4199-bed2-94a2ffbe23d4,11.98262949586718,-9.569347973287831,21.551977469155013
8d2f726b-adf9-4c8b-a6b8-cdf8a33ffa30,4410.76568191111,-5285.713766920188,9696.479448831298
20bc42e4-0e97-4068-a2e8-bb0e6743f63e,-11493.775509259262,-38500.20419320649,27006.428683947226
6029f5e7-e776-418b-aebf-92ab88866879,1049.9487562730278,-809.250730893938,1859.1994871669658
ec13c062-938e-4a72-8715-e7ea1e426f28,13089.360714929808,-25896.016096886997,38985.37681181681
16426,3.2762133160670617,-0.5071339041502414,3.783347220217303
2c8d9d9e-f66e-45c7-b41e-d4d425847ff6,166.92062220572552,-197.90045350451837,364.8210757102439
a1f147ed-6fce-4276-8375-4dde6e5e9017,-1121.3497082933281,-2181.7965626669466,1060.4468543736184
c35149f9-ce0f-43cd-b809-42365cb2d1fd,440.5497691140864,-899.2584355780408,1339.8082046921272
83b2c595-39eb-4b0e-ba30-1a5d14bf9a8f,120.48328426118297,-16.59212231671195,137.0754065778949
e9272f7c-52de-43b7-89cc-7a88e27ad0e5,93843.52295053394,-73039.18022215356,166882.7031726875
1ac8dcf9-fbc0-4aac-b426-250e535b9dc0,-3631.8528662883145,-5482.455272851778,1850.6024065634638
16278,-396210.12753746327,-601637.7969643237,205427.66942686046
196d06cf-e811-4aab-9649-ab6642551b9b,-13532.43127565694,-22325.90879204612,8793.47751638918
1af87696-68cc-417c-a050-718cedc31cf1,-4854.425399230142,-8375.212665112911,3520.787265882769
b398f850-a27e-49e3-8cb6-f350432095d8,-3700.0055443390374,-4611.994070213538,911.9885258745007
330a6c85-d0a4-4d46-8b82-3cb27561986c,675.3230143468024,135.73147073475968,539.5915436120428
16454,-3032.528045684203,-3383.7995946201236,351.2715489359207
c4513e20-86c9-4ca7-b324-356bdc02572d,-26690.36572165324,-192191.53599300637,165501.17027135313
803e6db9-8af0-484e-babf-e670af21597f,101.59401004211126,-47.167352806199766,148.76136284831102
16279,-57592.724222098725,-94742.98942701216,37150.265204913434
9aa8b8b7-5753-45c0-a39f-726bb97fd1e6,34.057370900244486,1.5330878063280284,32.52428309391646
f9f7e5bd-3eeb-4be1-94e9-119efd157717,19593.194533455087,-16481.285383884908,36074.479917339995
5a1930fd-1996-4d0a-9ed9-0d19ba207782,-6038.57784188886,-6413.688802778771,375.11096088991053
0f8ec7d0-0b2d-44d4-b25c-078569f851d6,2036.992254280657,-2157.7500133687417,4194.742267649399
57ea7f01-5d78-40a9-aec5-762a136b305c,-25.824505484406302,-292.5982588953864,266.7737534109801
eb914441-4054-464e-bd33-e27a94a95c4f,7124.469749127505,-7676.253495285257,14800.723244412762
14b5c47e-53cc-4d57-ad18-0c9abf4afe36,-7320.051038406511,-21629.2544170743,14309.203378667788
059918e4-9021-4dc0-b1a8-d29bbae321f7,1544.645379377616,-1555.5631130414197,3100.208492419036
e004c656-6ba3-4daa-b034-37491f872de2,-2.7299898584128825e-21,-5.992977940940053e-05,5.992977940940053e-05
de5ae23a-7bc6-46b7-9dd1-bbd280221ce8,1.4908160292234325,-2.7808244396924335,4.271640468915866
8ac24c63-6bad-4c80-968b-882518958730,171.02662001736772,-70.83281982279968,241.8594398401674
258e8d14-da6a-4e30-b024-d2eaa9a0c686,86.82339314401754,-61.18352106091574,148.00691420493328
d8dd63ae-7bfe-40f1-aa5a-356a27f78af9,31781.728645351177,-149477.3574441466,181259.08608949778
4bf4a2a6-d20f-487c-906d-319a0f451315,308.3352840298061,-297.57354289655575,605.9088269263618
8fd73d1b-e8b8-4a92-83b0-f2aeb013d530,487.5463920118913,-873.9304038083203,1361.4767958202117
b7d38942-c991-4eff-844a-642762e28813,4710.2907668054595,-5499.050772757943,10209.341539563404
db48cc76-5b96-45bd-89b6-3156b074d255,-35.49894657050555,-416.6106045058242,381.11165793531865
a70c307e-b8cc-427e-b6bb-81de119f9ddb,0.8145029259069554,-1.5915435906452557,2.406046516552211
d977bbdc-3c87-4f8c-924e-f0e80237e474,0.04236998202366953,-0.022883349332895278,0.0652533313565648
6cbfd1a9-41a4-4298-a4f9-0ec22c8c7f69,-5777.19879112384,-14529.754046536893,8752.555255413052
5e48e5dd-bafc-4ab8-9bed-3dc19d4ba7f5,675.6259038243693,-309.2933935216477,984.919297346017
dbe359df-af81-4583-a8cf-4c3dc6e8bae1,0.05162967824554439,-0.4892235841160239,0.5408532623615683
029729c8-69e6-4f50-a94d-c9bb2a514d92,266.1576116432009,-366.8888145450831,633.0464261882839
16274,-344192.94728949154,-365496.5136421783,21303.566352686787
e2eb8368-3fa8-4667-838a-d83c649e72c1,-720529.7689118064,-779191.5706178915,58661.8017060851
2fb278a9-c2eb-4a9a-9e0c-ade7feb23ef1,3377.17508681197,-4562.668860433766,7939.843947245736
16436,1433.996733821009,-1568.143061497526,3002.139795318535
fa339661-cb78-422c-bc7f-38aac8d720c3,-2.7652559616091583,-191.13477477022383,188.36951880861466
ef9951b1-7a6c-450b-bbcd-eef377be520d,-24007.22358215791,-106507.7916302412,82500.5680480833
b6d01fbd-660d-4549-8e5a-5f31efdb89cb,-152369.65741567523,-215810.90750684708,63441.25009117185
a6601897-81d1-4efa-a259-9a074b901963,732.4496725815653,-1440.645603058181,2173.0952756397464
82a5f1a3-7ae3-40dd-a00b-22edde9a8313,0.1250558929148962,-0.008175778734625721,0.1332316716495219
9247e531-5b00-4833-afe6-49af94548494,1077.301423960237,-1084.5740379715094,2161.875461931746
bcbaacd9-9998-4869-aa10-20bd03e7e302,0.0013904944146329269,-0.6659297246993613,0.6673202191139942
14c1420f-c74a-4afe-bf22-cd6ab7cd12b4,1.551981747385412,-0.9967542053704501,2.5487359527558624
7773e91e-eb18-48b5-89cc-1da8dac00d70,424.46000272743026,-199.27806108979524,623.7380638172256
f132415a-7a6d-434f-8ded-06e9d1d80baa,-18550.203729135985,-71292.87701238859,52742.6732832526
d6e38a7f-5cec-4bf4-8851-75a9662d96ae,280.1823243994791,-261.9764811092802,542.1588055087593
df539a88-770c-46e0-a988-5420f57e2fbf,-71267.86154277954,-132797.20553143052,61529.34398865097
b10f16c6-637a-4054-83e2-6f488dd448de,732.1981261321521,-818.7796625630951,1550.9777886952472
e8ebaf0f-ea95-46a1-ae7d-9d00d68960c9,-499.0439251977091,-1649.9182366258433,1150.8743114281342
291e9077-7c91-430a-936d-2faf0876f8fe,-422357.4205695552,-558477.8908455821,136120.47027602693
925ae278-4c75-4d7e-999f-eb611e06eb87,-2826.6589908473943,-4178.281009369858,1351.6220185224638
532aae42-83bf-43fb-addb-a07c4af4e56c,5961.309929820217,-18959.07511827372,24920.385048093936
39707c72-9fc1-46f7-9f9e-a27ae57bab63,168.5780590120942,-134.90100214379402,303.4790611558882
009f96bd-aca1-4f13-8507-425aa2ebae12,0.0,0.0,0.0
3fbc9c73-8f31-4391-83fd-bb0161aaff53,2.0760901842539634,-104.97142435471336,107.04751453896732
3acd58f6-527b-45c6-aa44-31893897db77,6607.434067155209,-6757.859318684525,13365.293385839734
0e431505-1a87-459f-b9e4-091464b8854a,883.8816656382294,-113.40568536084055,997.28735099907
29b4ddbe-4eed-4490-befa-00addc4512de,20.351194225313122,-187.94737138130733,208.29856560662046
5c9a8148-80f7-4f50-a743-e5aa862df2f6,-68766.83005621714,-77896.27253384139,9129.442477624252
a4486049-d389-401a-8b2a-6258f1bd3b8c,275.6175417489822,-280.6786708148191,556.2962125638013
ee6dc233-1f0c-4d94-bbfa-a927fd50bd7d,-284.42759723797514,-1484.7134481255164,1200.2858508875413
e520d0a6-a1d7-468a-9d5b-3e554dafe615,-5715.749001479403,-10240.625075376647,4524.876073897244
c4325b8f-693c-4605-b685-360e36c31697,7.986824252493359,-3.0790434493288634,11.065867701822222
16266,-233772.11225695605,-263189.8646526992,29417.752395743155
646d78c4-d428-4162-86c0-cc7c6de8f08c,0,0,0
b96be476-c22f-4d68-bc38-9e79a322c67c,-38811.70188244054,-58662.64137549513,19850.93949305459
11c745a8-a774-4655-a6ee-b0f3d9a3c850,3686.1909690438356,-4402.583406476011,8088.774375519846
d0e8786d-0722-4201-b92b-98971320da47,367.311060270401,-452.87817459445307,820.1892348648541
30f73f25-db97-4575-ae86-ddf3fe932507,3349.489959602355,-3953.6389447021475,7303.128904304503
a399ad5c-c225-4d38-8bc0-acf537a5203b,40.28902131393869,0.7353816667246899,39.553639647214
62ac9263-d81f-4904-9140-ecd7b92a9325,18762.044242178497,-16936.77807481827,35698.82231699677
b0e235ba-2552-4f7b-8a47-f6e3de0b7d11,-13309.996543535048,-36758.8910411283,23448.894497593254
4b171653-23c9-4f55-924a-46e51bf11ee4,-108323.55912085262,-180481.5996768807,72158.04055602808
3fd1f615-fdac-4b63-b75a-335f4f6c4b68,541.6249730768968,-698.4274193089474,1240.052392385844
6ea0dcbc-76dc-4b7b-868a-5fcec95c668c,-4.627255285487507,-298.4828386932736,293.85558340778607
028cae70-9b6a-4b94-9eb5-b05c9a8e85fe,45.89295668848862,-4.656192597547992,50.54914928603661
643bf604-79aa-40d6-876b-bd5033624082,-115.1148882565774,-393.8437392695282,278.7288510129508
e34ce1d2-292b-4df1-ab43-40c276ed9f5f,-770015.894186426,-795251.4952119126,25235.601025486598
90188921-2e05-402b-a7f4-f8842b3b88e8,-20718.648860023724,-31781.108110782985,11062.45925075926
0475fbc0-729a-4529-9222-59b4b27408fe,-26138.272913376313,-152692.53991174162,126554.26699836532
ff93a2df-d916-4a1d-beb6-9e163322f70d,-160.657706858314,-702.9238190594697,542.2661122011557
f083de1d-fd0a-4022-adda-0a5daa130b8f,922.8739271048353,-4398.92227670228,5321.7962038071155
bac50a33-c712-4c39-8c9e-9ead5d04f64f,-4926.325429047385,-17434.139026944682,12507.813597897297
3f69d1bf-2f5b-4a23-ae0a-37584c0efcb5,10.07414949584387,-0.6707986583132882,10.744948154157157
e873aead-0589-4fd0-bc92-b81ef46f9b39,-150768.4041084811,-172171.17796543098,21402.773856949876
7a3428e5-434f-4599-9d57-0ab19d1bb4be,302.7959317346083,-27.70781156429016,330.5037432988985
031772d7-1210-42f4-ae76-60b4df0777ab,-2629.7772570687034,-4822.625485604153,2192.84822853545
bb93fbc7-59e6-4708-bc9a-42225ba4573b,-39543.62924739969,-76654.56809890663,37110.938851506944
49710577-6bbe-4555-86af-e50a24d1885e,82.03560890324982,13.999351507352321,68.03625739589751
e4beced8-0e9e-4254-92b5-4b503b800581,-11560.632645496797,-34886.307948365014,23325.675302868218
f1a3f024-a7b5-4577-9792-70976b2bd628,156.9898948626758,-531.7679720259066,688.7578668885824
704d3aff-265e-4d20-9e07-3817646ecc6e,8.359380866467477,-7.628324979996583,15.98770584646406
7139ca78-e5f7-4085-b42b-cbb0689ca3f4,1.342301354653442,-3.6931238654531615,5.035425220106603
b90f9e58-ee9f-4e91-8cb4-01516b5bd6ab,4.2022899028714535,-3.673972779494816,7.876262682366269
16410,0.0,0.0,0.0
108b52c2-fee3-44cb-90ff-f505ef1bf644,-80.42109380070318,-153.7455227302676,73.32442892956442
73e60d90-a97c-49e0-9709-44e365d162c2,28.282500122795206,0.14351619136437152,28.138983931430833
483b1cda-f977-4b8f-ab50-07d762dbaa69,3202.0656982742985,-3209.156715376845,6411.222413651143
d3f048e7-3d2b-445f-a9c9-1b82e873f13d,-10147.521358192542,-30517.696495884655,20370.175137692113
8cfe5551-fb84-41c1-bb40-6d73a2a81fdf,-46677.63382246871,-81223.63302823361,34545.9992057649
6e4bd180-af29-4fa2-af76-1b1a888a6b78,6736.126852745629,-8698.900427412696,15435.027280158325
5b74e76a-5211-4eeb-a58b-b952ef4dad05,220797.80886842066,-998293.1651683954,1219090.974036816
a0f59288-e4d6-4286-b881-1b2dffb4a919,3427.6606689851565,-3334.6638156900017,6762.324484675159
5f4ff4ef-63b7-41ea-8871-2d4516bf5125,2540.452743544627,-2433.521242706417,4973.973986251044
ed4a9714-0a9c-41ee-98ff-a80d7b0dc4a9,0.9771679836520998,-1.0638294512750188,2.0409974349271187
347f78c2-a5d2-48e1-b301-60e6b4a0f5a2,-222876.43321126347,-263028.6413904379,40152.20817917443
8a23353b-1288-499b-b7c3-c245dbd0d487,-157834.4570463688,-182256.2048801806,24421.747833811794
910f83aa-3716-4a3a-a343-9751938f1610,-2230.4576616242766,-4041.1591606651227,1810.701499040846
f070c848-d05d-48f7-a627-2378811a7c2b,960.4453447807102,-1196.0807900419647,2156.526134822675
8c915c1f-86cf-4712-ad8d-c1c6fd6db49d,194.04803131490135,-383.6841455703821,577.7321768852835
7a6a6cde-6586-4f4d-97e6-ff371d7bd426,532.2703518113364,-156.99680343606877,689.2671552474051
5806a549-8753-48d9-ab45-9188151639d2,-4261.5505118833535,-4443.681206564878,182.1306946815248
f0cf3e64-2e2d-4954-8971-f88662bb8c6e,1462.9523450009053,-1780.7193334358008,3243.6716784367063
99f48ac1-f7b7-4605-b5b7-3401cadb1387,-67463.44192691233,-106074.23096763449,38610.78904072216
420a5bf2-2163-43c2-b34b-d84069841843,-12036.44548665687,-97845.99179303736,85809.5463063805
f7a94aca-b7c8-4c3f-b456-a194e036a2ec,29.65906830570613,-17.293963764355475,46.9530320700616
4c72dfd3-844b-460e-ae12-d1cff145fc69,-130725.85045585202,-193419.92922080818,62694.07876495615
12bc2cb3-3e59-4472-b053-4dd33acd2ae0,6990.90276579232,-6437.002535987583,13427.905301779901
16425,0.08068465221203927,-13.596265541918747,13.676950194130786
16406,3.4354385940511167,-31.56241451133001,34.997853105381125
b0d5a082-5bdf-4181-936e-27695cd0389e,2028.3335616225925,-4823.01755611784,6851.3511177404325
7b78cfff-3a8b-4336-854f-bef02be86aac,-41342.888519992484,-74841.76130435726,33498.87278436478
ad61feaf-da3e-4d51-867d-bce9bac107ae,96.54619262134926,-540.8077676254566,637.3539602468059
977a7906-7c85-47f6-b2cf-0ab6a44036b7,-2708.8662910845596,-3185.8691892529255,477.00289816836585
505ec7c9-44b3-4ef3-8678-b64fc4a01e16,10.112226120407557,-66.72815343039719,76.84037955080474
fe64983e-cf1f-4b3e-a116-828c5eb95e53,-5904.0690072493,-18628.10505244694,12724.03604519764
07102f17-392f-4e99-af61-ffdb6c3bbc77,2512.5173230830364,-2026.322665565689,4538.839988648726
2609a296-3e8b-4f1c-a94f-c5e489e0a645,-37303.590050391154,-180756.07731682423,143452.48726643308
c0d5e0e1-0c04-4d7e-a9ef-570415449c0c,0.0,0.0,0.0
16428,41004.9481811391,-33534.90406325788,74539.85224439699
7949410b-6eb1-4d19-a499-d90504bba829,78.65223859149359,-16.83501529008054,95.48725388157413
16e844ca-5bfe-4af2-824b-3cb45f1d91a6,-44654.43578814562,-95709.61980694394,51055.18401879832
0731f4f3-0994-4abe-bd0a-75202a1740fb,340.1972848998133,-639.0909508611296,979.2882357609429
86041910-f71d-4288-bee3-15495a3e743e,1638.9764039317124,-583.5733315384962,2222.5497354702084
9cfad44c-cbce-439f-8324-e6d7da578609,2639.1748625399905,-1913.2767450856738,4552.451607625664
c5f574a9-2c5c-4f64-b4f5-ef7b3e21a33d,1188.3232632320287,-105300.6018245036,106488.92508773562
3a98e91c-b44d-4427-ba16-8b762379db5c,-18301.510302574567,-79730.87686824801,61429.36656567345
c0f4ee3d-afa3-40b7-b73b-0e540001419c,2537.627144264181,-2357.598345542077,4895.225489806258
68f875ee-01e6-45ac-ae4e-cceab935f1f8,-14045.471527373214,-20560.892863697383,6515.421336324169
1b7b5b96-7f49-4397-ab1a-95aeaad12780,2.1688005581110588,0.0004852859542643201,2.1683152721567946
16449,516.5425987925271,-718.7016247659017,1235.2442235584288
7f510f19-1764-4e5d-98e1-f04dc7323eea,-5.576571036819003,-28.694070562735927,23.117499525916923
ea8b4d51-4794-4cd6-87b6-a0994be7a791,41259.52475063257,-61182.35891644196,102441.88366707452
9c7aa0c6-1053-4f16-88ea-a8daa215a05c,1431.3103890812504,-3273.8034985958625,4705.113887677113
deb56545-2fd1-4202-8de7-19d6176c2334,127999897.79432683,-33526770.46757235,161526668.26189917
680f8c1b-17ac-4e3e-ab7b-a64e8e915b7f,48.026824384610784,-45.60041939432562,93.6272437789364
a6ba1dd3-1410-483d-96e8-128fa6879d33,7264.131362071833,-7368.933065775094,14633.064427846926
